Episode #,State,Action,Reward,Next State,Terminated
1,"(array([-0.5031855,  0.       ], dtype=float32), {})",1,-1.0,[-5.033385e-01 -1.530036e-04],0
1,[-5.033385e-01 -1.530036e-04],1,-1.0,[-5.0364339e-01 -3.0486178e-04],0
1,[-5.0364339e-01 -3.0486178e-04],1,-1.0,[-5.040978e-01 -4.544377e-04],0
1,[-5.040978e-01 -4.544377e-04],1,-1.0,[-0.50469846 -0.00060061],0
1,[-0.50469846 -0.00060061],1,-1.0,[-0.5054408  -0.00074229],0
1,[-0.5054408  -0.00074229],1,-1.0,[-0.50631917 -0.00087841],0
1,[-0.50631917 -0.00087841],1,-1.0,[-0.5073271  -0.00100794],0
1,[-0.5073271  -0.00100794],1,-1.0,[-0.508457   -0.00112993],0
1,[-0.508457   -0.00112993],1,-1.0,[-0.5097005  -0.00124346],0
1,[-0.5097005  -0.00124346],1,-1.0,[-0.51104814 -0.00134766],0
1,[-0.51104814 -0.00134766],1,-1.0,[-0.5124899  -0.00144177],0
1,[-0.5124899  -0.00144177],1,-1.0,[-0.514015   -0.00152507],0
1,[-0.514015   -0.00152507],1,-1.0,[-0.51561195 -0.00159694],0
1,[-0.51561195 -0.00159694],1,-1.0,[-0.5172688  -0.00165684],0
1,[-0.5172688  -0.00165684],1,-1.0,[-0.5189731  -0.00170431],0
1,[-0.5189731  -0.00170431],1,-1.0,[-0.5207121 -0.001739 ],0
1,[-0.5207121 -0.001739 ],1,-1.0,[-0.52247274 -0.00176065],0
1,[-0.52247274 -0.00176065],1,-1.0,[-0.5242418 -0.0017691],0
1,[-0.5242418 -0.0017691],1,-1.0,[-0.5260061  -0.00176427],0
1,[-0.5260061  -0.00176427],1,-1.0,[-0.52775234 -0.00174622],0
1,[-0.52775234 -0.00174622],1,-1.0,[-0.5294674  -0.00171507],0
1,[-0.5294674  -0.00171507],1,-1.0,[-0.5311384  -0.00167106],0
1,[-0.5311384  -0.00167106],1,-1.0,[-0.532753   -0.00161451],0
1,[-0.532753   -0.00161451],1,-1.0,[-0.53429884 -0.00154586],0
1,[-0.53429884 -0.00154586],1,-1.0,[-0.53576446 -0.00146563],0
1,[-0.53576446 -0.00146563],1,-1.0,[-0.5371389  -0.00137441],0
1,[-0.5371389  -0.00137441],1,-1.0,[-0.53841174 -0.00127288],0
1,[-0.53841174 -0.00127288],1,-1.0,[-0.53957355 -0.00116182],0
1,[-0.53957355 -0.00116182],1,-1.0,[-0.5406156  -0.00104206],0
1,[-0.5406156  -0.00104206],1,-1.0,[-0.54153013 -0.00091449],0
1,[-0.54153013 -0.00091449],1,-1.0,[-0.5423102  -0.00078007],0
1,[-0.5423102  -0.00078007],1,-1.0,[-0.54295   -0.0006398],0
1,[-0.54295   -0.0006398],1,-1.0,[-5.4344475e-01 -4.9475208e-04],0
1,[-5.4344475e-01 -4.9475208e-04],1,-1.0,[-5.4379076e-01 -3.4599533e-04],0
1,[-5.4379076e-01 -3.4599533e-04],1,-1.0,[-5.4398537e-01 -1.9464827e-04],0
1,[-5.4398537e-01 -1.9464827e-04],1,-1.0,[-5.440272e-01 -4.184406e-05],0
1,[-5.440272e-01 -4.184406e-05],1,-1.0,[-5.4391593e-01  1.1127339e-04],0
1,[-5.4391593e-01  1.1127339e-04],1,-1.0,[-5.4365242e-01  2.6355786e-04],0
1,[-5.4365242e-01  2.6355786e-04],1,-1.0,[-5.4323852e-01  4.1386925e-04],0
1,[-5.4323852e-01  4.1386925e-04],1,-1.0,[-0.54267746  0.00056108],0
1,[-0.54267746  0.00056108],1,-1.0,[-0.54197335  0.00070409],0
1,[-0.54197335  0.00070409],1,-1.0,[-0.5411315   0.00084183],0
1,[-0.5411315   0.00084183],1,-1.0,[-0.5401583   0.00097327],0
1,[-0.5401583   0.00097327],1,-1.0,[-0.53906083  0.00109741],0
1,[-0.53906083  0.00109741],1,-1.0,[-0.5378475   0.00121334],0
1,[-0.5378475   0.00121334],1,-1.0,[-0.53652734  0.00132017],0
1,[-0.53652734  0.00132017],1,-1.0,[-0.53511024  0.00141711],0
1,[-0.53511024  0.00141711],1,-1.0,[-0.53360677  0.00150343],0
1,[-0.53360677  0.00150343],1,-1.0,[-0.5320283   0.00157848],0
1,[-0.5320283   0.00157848],1,-1.0,[-0.5303866   0.00164169],0
1,[-0.5303866   0.00164169],1,-1.0,[-0.52869403  0.0016926 ],0
1,[-0.52869403  0.0016926 ],1,-1.0,[-0.52696323  0.00173081],0
1,[-0.52696323  0.00173081],1,-1.0,[-0.52520716  0.00175604],0
1,[-0.52520716  0.00175604],1,-1.0,[-0.52343905  0.00176811],0
1,[-0.52343905  0.00176811],1,-1.0,[-0.5216721   0.00176691],0
1,[-0.5216721   0.00176691],1,-1.0,[-0.5199197   0.00175246],0
1,[-0.5199197   0.00175246],1,-1.0,[-0.51819485  0.00172487],0
1,[-0.51819485  0.00172487],1,-1.0,[-0.5165105   0.00168434],0
1,[-0.5165105   0.00168434],1,-1.0,[-0.5148793   0.00163118],0
1,[-0.5148793   0.00163118],1,-1.0,[-0.51331353  0.00156579],0
1,[-0.51331353  0.00156579],1,-1.0,[-0.51182485  0.00148866],0
1,[-0.51182485  0.00148866],1,-1.0,[-0.5104245   0.00140038],0
1,[-0.5104245   0.00140038],1,-1.0,[-0.5091229  0.0013016],0
1,[-0.5091229  0.0013016],1,-1.0,[-0.5079298   0.00119306],0
1,[-0.5079298   0.00119306],1,-1.0,[-0.50685424  0.00107559],0
1,[-0.50685424  0.00107559],1,-1.0,[-0.5059042   0.00095006],0
1,[-0.5059042   0.00095006],1,-1.0,[-0.5050868   0.00081741],0
1,[-0.5050868   0.00081741],1,-1.0,[-0.5044081   0.00067864],0
1,[-0.5044081   0.00067864],1,-1.0,[-0.50387335  0.00053479],0
1,[-0.50387335  0.00053479],1,-1.0,[-5.0348639e-01  3.8693546e-04],0
1,[-5.0348639e-01  3.8693546e-04],1,-1.0,[-5.0325024e-01  2.3618416e-04],0
1,[-5.0325024e-01  2.3618416e-04],1,-1.0,[-5.0316656e-01  8.3664738e-05],0
1,[-5.0316656e-01  8.3664738e-05],1,-1.0,[-5.0323606e-01 -6.9480993e-05],0
1,[-5.0323606e-01 -6.9480993e-05],1,-1.0,[-5.0345814e-01 -2.2210660e-04],0
1,[-5.0345814e-01 -2.2210660e-04],1,-1.0,[-5.0383121e-01 -3.7306946e-04],0
1,[-5.0383121e-01 -3.7306946e-04],1,-1.0,[-0.50435245 -0.00052124],0
1,[-0.50435245 -0.00052124],1,-1.0,[-0.50501794 -0.00066551],0
1,[-0.50501794 -0.00066551],1,-1.0,[-0.5058227  -0.00080479],0
1,[-0.5058227  -0.00080479],1,-1.0,[-0.5067608  -0.00093805],0
1,[-0.5067608  -0.00093805],1,-1.0,[-0.5078251  -0.00106428],0
1,[-0.5078251  -0.00106428],1,-1.0,[-0.50900763 -0.00118254],0
1,[-0.50900763 -0.00118254],1,-1.0,[-0.51029956 -0.00129194],0
1,[-0.51029956 -0.00129194],1,-1.0,[-0.5116912  -0.00139165],0
1,[-0.5116912  -0.00139165],1,-1.0,[-0.51317215 -0.00148094],0
1,[-0.51317215 -0.00148094],1,-1.0,[-0.5147313  -0.00155913],0
1,[-0.5147313  -0.00155913],1,-1.0,[-0.5163569  -0.00162563],0
1,[-0.5163569  -0.00162563],1,-1.0,[-0.51803684 -0.00167994],0
1,[-0.51803684 -0.00167994],1,-1.0,[-0.51975846 -0.00172165],0
1,[-0.51975846 -0.00172165],1,-1.0,[-0.52150893 -0.00175045],0
1,[-0.52150893 -0.00175045],1,-1.0,[-0.5232751  -0.00176612],0
1,[-0.5232751  -0.00176612],1,-1.0,[-0.5250436  -0.00176855],0
1,[-0.5250436  -0.00176855],1,-1.0,[-0.52680135 -0.00175772],0
1,[-0.52680135 -0.00175772],1,-1.0,[-0.528535  -0.0017337],0
1,[-0.528535  -0.0017337],1,-1.0,[-0.5302317  -0.00169668],0
1,[-0.5302317  -0.00169668],1,-1.0,[-0.53187865 -0.00164693],0
1,[-0.53187865 -0.00164693],1,-1.0,[-0.5334635  -0.00158484],0
1,[-0.5334635  -0.00158484],1,-1.0,[-0.53497434 -0.00151087],0
1,[-0.53497434 -0.00151087],1,-1.0,[-0.5363999  -0.00142557],0
1,[-0.5363999  -0.00142557],1,-1.0,[-0.5377295  -0.00132958],0
1,[-0.5377295  -0.00132958],1,-1.0,[-0.5389531  -0.00122363],0
1,[-0.5389531  -0.00122363],1,-1.0,[-0.54006165 -0.00110852],0
1,[-0.54006165 -0.00110852],1,-1.0,[-0.54104674 -0.00098509],0
1,[-0.54104674 -0.00098509],1,-1.0,[-0.54190105 -0.00085429],0
1,[-0.54190105 -0.00085429],1,-1.0,[-0.54261816 -0.0007171 ],0
1,[-0.54261816 -0.0007171 ],1,-1.0,[-0.5431927  -0.00057453],0
1,[-0.5431927  -0.00057453],1,-1.0,[-5.436203e-01 -4.276593e-04],0
1,[-5.436203e-01 -4.276593e-04],1,-1.0,[-5.4389793e-01 -2.7758803e-04],0
1,[-5.4389793e-01 -2.7758803e-04],1,-1.0,[-5.4402333e-01 -1.2543864e-04],0
1,[-5.4402333e-01 -1.2543864e-04],1,-1.0,[-5.4399568e-01  2.7649761e-05],0
1,[-5.4399568e-01  2.7649761e-05],1,-1.0,[-5.4381514e-01  1.8053119e-04],0
1,[-5.4381514e-01  1.8053119e-04],1,-1.0,[-5.4348308e-01  3.3206114e-04],0
1,[-5.4348308e-01  3.3206114e-04],1,-1.0,[-5.4300201e-01  4.8110515e-04],0
1,[-5.4300201e-01  4.8110515e-04],1,-1.0,[-0.54237545  0.00062655],0
1,[-0.54237545  0.00062655],1,-1.0,[-0.54160815  0.0007673 ],0
1,[-0.54160815  0.0007673 ],1,-1.0,[-0.54070586  0.0009023 ],0
1,[-0.54070586  0.0009023 ],1,-1.0,[-0.5396753   0.00103055],0
1,[-0.5396753   0.00103055],1,-1.0,[-0.5385242   0.00115108],0
1,[-0.5385242   0.00115108],1,-1.0,[-0.53726125  0.00126298],0
1,[-0.53726125  0.00126298],1,-1.0,[-0.5358958   0.00136542],0
1,[-0.5358958   0.00136542],1,-1.0,[-0.5344382   0.00145763],0
1,[-0.5344382   0.00145763],1,-1.0,[-0.53289926  0.00153891],0
1,[-0.53289926  0.00153891],1,-1.0,[-0.53129065  0.00160865],0
1,[-0.53129065  0.00160865],1,-1.0,[-0.5296243   0.00166634],0
1,[-0.5296243   0.00166634],1,-1.0,[-0.5279128   0.00171153],0
1,[-0.5279128   0.00171153],1,-1.0,[-0.5261689   0.00174388],0
1,[-0.5261689   0.00174388],1,-1.0,[-0.5244057   0.00176316],0
1,[-0.5244057   0.00176316],1,-1.0,[-0.52263653  0.00176921],0
1,[-0.52263653  0.00176921],1,-1.0,[-0.52087456  0.00176199],0
1,[-0.52087456  0.00176199],1,-1.0,[-0.519133    0.00174156],0
1,[-0.519133    0.00174156],1,-1.0,[-0.51742494  0.00170807],0
1,[-0.51742494  0.00170807],1,-1.0,[-0.51576316  0.00166177],0
1,[-0.51576316  0.00166177],1,-1.0,[-0.51416016  0.001603  ],0
1,[-0.51416016  0.001603  ],1,-1.0,[-0.5126279   0.00153222],0
1,[-0.5126279   0.00153222],1,-1.0,[-0.51117796  0.00144996],0
1,[-0.51117796  0.00144996],1,-1.0,[-0.5098211   0.00135682],0
1,[-0.5098211   0.00135682],1,-1.0,[-0.50856763  0.00125352],0
1,[-0.50856763  0.00125352],1,-1.0,[-0.5074268   0.00114082],0
1,[-0.5074268   0.00114082],1,-1.0,[-0.5064072   0.00101958],0
1,[-0.5064072   0.00101958],1,-1.0,[-0.5055165  0.0008907],0
1,[-0.5055165  0.0008907],1,-1.0,[-0.50476134  0.00075515],0
1,[-0.50476134  0.00075515],1,-1.0,[-0.5041474   0.00061395],0
1,[-0.5041474   0.00061395],1,-1.0,[-5.0367928e-01  4.6814408e-04],0
1,[-5.0367928e-01  4.6814408e-04],1,-1.0,[-5.0336045e-01  3.1883674e-04],0
1,[-5.0336045e-01  3.1883674e-04],1,-1.0,[-5.0319332e-01  1.6714245e-04],0
1,[-5.0319332e-01  1.6714245e-04],1,-1.0,[-5.0317907e-01  1.4196924e-05],0
1,[-5.0317907e-01  1.4196924e-05],1,-1.0,[-5.0331795e-01 -1.3885488e-04],0
1,[-5.0331795e-01 -1.3885488e-04],1,-1.0,[-5.036088e-01 -2.908672e-04],0
1,[-5.036088e-01 -2.908672e-04],1,-1.0,[-5.0404954e-01 -4.4070202e-04],0
1,[-5.0404954e-01 -4.4070202e-04],1,-1.0,[-0.50463676 -0.00058724],0
1,[-0.50463676 -0.00058724],1,-1.0,[-0.50536615 -0.00072938],0
1,[-0.50536615 -0.00072938],1,-1.0,[-0.5062322  -0.00086605],0
1,[-0.5062322  -0.00086605],1,-1.0,[-0.50722843 -0.00099624],0
1,[-0.50722843 -0.00099624],1,-1.0,[-0.5083474  -0.00111897],0
1,[-0.5083474  -0.00111897],1,-1.0,[-0.50958073 -0.00123332],0
1,[-0.50958073 -0.00123332],1,-1.0,[-0.51091915 -0.00133842],0
1,[-0.51091915 -0.00133842],1,-1.0,[-0.51235265 -0.0014335 ],0
1,[-0.51235265 -0.0014335 ],1,-1.0,[-0.5138705  -0.00151783],0
1,[-0.5138705  -0.00151783],1,-1.0,[-0.51546127 -0.00159078],0
1,[-0.51546127 -0.00159078],1,-1.0,[-0.51711303 -0.0016518 ],0
1,[-0.51711303 -0.0016518 ],1,-1.0,[-0.5188135  -0.00170044],0
1,[-0.5188135  -0.00170044],1,-1.0,[-0.52054983 -0.00173633],0
1,[-0.52054983 -0.00173633],1,-1.0,[-0.522309  -0.0017592],0
1,[-0.522309  -0.0017592],1,-1.0,[-0.5240779  -0.00176887],0
1,[-0.5240779  -0.00176887],1,-1.0,[-0.52584314 -0.00176528],0
1,[-0.52584314 -0.00176528],1,-1.0,[-0.5275916  -0.00174845],0
1,[-0.5275916  -0.00174845],1,-1.0,[-0.5293101 -0.0017185],0
1,[-0.5293101 -0.0017185],1,-1.0,[-0.5309858  -0.00167567],0
1,[-0.5309858  -0.00167567],1,-1.0,[-0.53260607 -0.00162027],0
1,[-0.53260607 -0.00162027],1,-1.0,[-0.53415877 -0.00155272],0
1,[-0.53415877 -0.00155272],1,-1.0,[-0.5356323  -0.00147354],0
1,[-0.5356323  -0.00147354],1,-1.0,[-0.5370156 -0.0013833],0
1,[-0.5370156 -0.0013833],1,-1.0,[-0.5382983 -0.0012827],0
1,[-0.5382983 -0.0012827],1,-1.0,[-0.5394708  -0.00117249],0
1,[-0.5394708  -0.00117249],1,-1.0,[-0.5405243 -0.0010535],0
1,[-0.5405243 -0.0010535],1,-1.0,[-0.5414509  -0.00092661],0
1,[-0.5414509  -0.00092661],1,-1.0,[-0.5422437  -0.00079278],0
1,[-0.5422437  -0.00079278],1,-1.0,[-0.54289675 -0.00065302],0
1,[-0.54289675 -0.00065302],1,-1.0,[-5.434051e-01 -5.083672e-04],0
1,[-5.434051e-01 -5.083672e-04],1,-1.0,[-5.4376501e-01 -3.5990722e-04],0
1,[-5.4376501e-01 -3.5990722e-04],1,-1.0,[-5.4397374e-01 -2.0875283e-04],0
1,[-5.4397374e-01 -2.0875283e-04],1,-1.0,[-5.4402977e-01 -5.6035675e-05],0
1,[-5.4402977e-01 -5.6035675e-05],1,-1.0,[-5.4393268e-01  9.7100965e-05],0
1,[-5.4393268e-01  9.7100965e-05],1,-1.0,[-5.4368317e-01  2.4951072e-04],0
1,[-5.4368317e-01  2.4951072e-04],1,-1.0,[-5.4328310e-01  4.0005255e-04],0
1,[-5.4328310e-01  4.0005255e-04],1,-1.0,[-0.5427355  0.0005476],0
1,[-0.5427355  0.0005476],1,-1.0,[-0.54204446  0.00069105],0
1,[-0.54204446  0.00069105],1,-1.0,[-0.5412152   0.00082932],0
1,[-0.5412152   0.00082932],1,-1.0,[-0.54025376  0.00096138],0
1,[-0.54025376  0.00096138],1,-1.0,[-0.5391675   0.00108624],0
1,[-0.5391675   0.00108624],1,-1.0,[-0.5379646   0.00120296],0
1,[-0.5379646   0.00120296],1,-1.0,[-0.5366539   0.00131067],0
1,[-0.5366539   0.00131067],1,-1.0,[-0.53524536  0.00140856],0
1,[-0.53524536  0.00140856],1,-1.0,[-0.53374946  0.00149589],0
1,[-0.53374946  0.00149589],1,-1.0,[-0.53217745  0.00157201],0
1,[-0.53217745  0.00157201],1,-1.0,[-0.53054106  0.00163634],0
1,[-0.53054106  0.00163634],1,-1.0,[-0.5288527   0.00168841],0
1,[-0.5288527   0.00168841],1,-1.0,[-0.5271249   0.00172781],0
1,[-0.5271249   0.00172781],1,-1.0,[-0.5253706   0.00175426],0
1,[-0.5253706   0.00175426],1,-1.0,[-0.5236031   0.00176754],0
1,[-0.5236031   0.00176754],1,-1.0,[-0.5218355   0.00176758],1
2,"(array([-0.54914045,  0.        ], dtype=float32), {})",1,-1.0,[-5.4894906e-01  1.9137509e-04],0
2,[-5.4894906e-01  1.9137509e-04],1,-1.0,[-5.4856777e-01  3.8131903e-04],0
2,[-5.4856777e-01  3.8131903e-04],1,-1.0,[-0.5479993   0.00056841],0
2,[-0.5479993   0.00056841],1,-1.0,[-0.54724807  0.00075125],0
2,[-0.54724807  0.00075125],1,-1.0,[-0.5463196   0.00092847],0
2,[-0.5463196   0.00092847],1,-1.0,[-0.54522085  0.00109875],0
2,[-0.54522085  0.00109875],1,-1.0,[-0.54396003  0.0012608 ],0
2,[-0.54396003  0.0012608 ],1,-1.0,[-0.54254663  0.00141341],0
2,[-0.54254663  0.00141341],1,-1.0,[-0.5409912   0.00155545],0
2,[-0.5409912   0.00155545],1,-1.0,[-0.5393054   0.00168583],0
2,[-0.5393054   0.00168583],1,-1.0,[-0.5375018   0.00180359],0
2,[-0.5375018   0.00180359],1,-1.0,[-0.5355939   0.00190783],0
2,[-0.5355939   0.00190783],1,-1.0,[-0.53359616  0.00199777],0
2,[-0.53359616  0.00199777],1,-1.0,[-0.53152347  0.00207274],0
2,[-0.53152347  0.00207274],1,-1.0,[-0.5293913   0.00213217],0
2,[-0.5293913   0.00213217],1,-1.0,[-0.52721566  0.00217561],0
2,[-0.52721566  0.00217561],1,-1.0,[-0.5250129   0.00220274],0
2,[-0.5250129   0.00220274],1,-1.0,[-0.52279955  0.00221335],0
2,[-0.52279955  0.00221335],1,-1.0,[-0.5205922   0.00220735],0
2,[-0.5205922   0.00220735],1,-1.0,[-0.5184074  0.0021848],0
2,[-0.5184074  0.0021848],1,-1.0,[-0.5162615   0.00214587],0
2,[-0.5162615   0.00214587],1,-1.0,[-0.5141707   0.00209084],0
2,[-0.5141707   0.00209084],1,-1.0,[-0.5121506   0.00202014],0
2,[-0.5121506   0.00202014],1,-1.0,[-0.51021624  0.0019343 ],0
2,[-0.51021624  0.0019343 ],1,-1.0,[-0.5083823   0.00183396],0
2,[-0.5083823   0.00183396],1,-1.0,[-0.5066624   0.00171987],0
2,[-0.5066624   0.00171987],1,-1.0,[-0.50506955  0.0015929 ],0
2,[-0.50506955  0.0015929 ],1,-1.0,[-0.5036155   0.00145401],0
2,[-0.5036155   0.00145401],1,-1.0,[-0.5023113   0.00130422],0
2,[-0.5023113   0.00130422],1,-1.0,[-0.50116664  0.00114467],0
2,[-0.50116664  0.00114467],1,-1.0,[-0.5001901   0.00097656],0
2,[-0.5001901   0.00097656],1,-1.0,[-0.49938893  0.00080114],0
2,[-0.49938893  0.00080114],1,-1.0,[-0.4987692   0.00061973],0
2,[-0.4987692   0.00061973],1,-1.0,[-4.983355e-01  4.336754e-04],0
2,[-4.983355e-01  4.336754e-04],1,-1.0,[-4.9809113e-01  2.4438236e-04],0
2,[-4.9809113e-01  2.4438236e-04],1,-1.0,[-4.9803787e-01  5.3261741e-05],0
2,[-4.9803787e-01  5.3261741e-05],1,-1.0,[-4.9817613e-01 -1.3825716e-04],0
2,[-4.9817613e-01 -1.3825716e-04],1,-1.0,[-4.9850488e-01 -3.2874217e-04],0
2,[-4.9850488e-01 -3.2874217e-04],1,-1.0,[-0.49902165 -0.00051677],0
2,[-0.49902165 -0.00051677],1,-1.0,[-0.49972257 -0.00070093],0
2,[-0.49972257 -0.00070093],1,-1.0,[-0.5006024  -0.00087985],0
2,[-0.5006024  -0.00087985],1,-1.0,[-0.5016546  -0.00105218],0
2,[-0.5016546  -0.00105218],1,-1.0,[-0.5028713  -0.00121665],0
2,[-0.5028713  -0.00121665],1,-1.0,[-0.50424325 -0.001372  ],0
2,[-0.50424325 -0.001372  ],1,-1.0,[-0.5057604  -0.00151709],0
2,[-0.5057604  -0.00151709],1,-1.0,[-0.5074112  -0.00165081],0
2,[-0.5074112  -0.00165081],1,-1.0,[-0.50918335 -0.00177217],0
2,[-0.50918335 -0.00177217],1,-1.0,[-0.5110636  -0.00188025],0
2,[-0.5110636  -0.00188025],1,-1.0,[-0.51303786 -0.00197425],0
2,[-0.51303786 -0.00197425],1,-1.0,[-0.51509124 -0.00205344],0
2,[-0.51509124 -0.00205344],1,-1.0,[-0.5172085  -0.00211724],0
2,[-0.5172085  -0.00211724],1,-1.0,[-0.51937366 -0.00216516],0
2,[-0.51937366 -0.00216516],1,-1.0,[-0.5215705  -0.00219685],0
2,[-0.5215705  -0.00219685],1,-1.0,[-0.5237826  -0.00221206],0
2,[-0.5237826  -0.00221206],1,-1.0,[-0.5259933  -0.00221068],0
2,[-0.5259933  -0.00221068],1,-1.0,[-0.52818596 -0.00219272],0
2,[-0.52818596 -0.00219272],1,-1.0,[-0.5303443  -0.00215832],0
2,[-0.5303443  -0.00215832],1,-1.0,[-0.53245205 -0.00210773],0
2,[-0.53245205 -0.00210773],1,-1.0,[-0.5344934  -0.00204134],0
2,[-0.5344934  -0.00204134],1,-1.0,[-0.536453   -0.00195965],0
2,[-0.536453   -0.00195965],1,-1.0,[-0.5383163  -0.00186326],0
2,[-0.5383163  -0.00186326],1,-1.0,[-0.5400692  -0.00175292],0
2,[-0.5400692  -0.00175292],1,-1.0,[-0.54169863 -0.00162944],0
2,[-0.54169863 -0.00162944],1,-1.0,[-0.54319245 -0.00149376],0
2,[-0.54319245 -0.00149376],1,-1.0,[-0.54453933 -0.00134689],0
2,[-0.54453933 -0.00134689],1,-1.0,[-0.5457292  -0.00118994],0
2,[-0.5457292  -0.00118994],1,-1.0,[-0.54675335 -0.00102408],0
2,[-0.54675335 -0.00102408],1,-1.0,[-0.5476039  -0.00085056],0
2,[-0.5476039  -0.00085056],1,-1.0,[-0.5482746  -0.00067068],0
2,[-0.5482746  -0.00067068],1,-1.0,[-5.4876035e-01 -4.8578097e-04],0
2,[-5.4876035e-01 -4.8578097e-04],1,-1.0,[-5.490576e-01 -2.972483e-04],0
2,[-5.490576e-01 -2.972483e-04],1,-1.0,[-5.49164116e-01 -1.06492684e-04],0
2,[-5.49164116e-01 -1.06492684e-04],1,-1.0,[-5.4907906e-01  8.5059291e-05],0
2,[-5.4907906e-01  8.5059291e-05],1,-1.0,[-5.4880303e-01  2.7597521e-04],0
2,[-5.4880303e-01  2.7597521e-04],1,-1.0,[-5.4833823e-01  4.6482726e-04],0
2,[-5.4833823e-01  4.6482726e-04],1,-1.0,[-0.547688   0.0006502],0
2,[-0.547688   0.0006502],1,-1.0,[-0.5468573   0.00083072],0
2,[-0.5468573   0.00083072],1,-1.0,[-0.5458523   0.00100501],0
2,[-0.5458523   0.00100501],1,-1.0,[-0.54468054  0.00117179],0
2,[-0.54468054  0.00117179],1,-1.0,[-0.5433507  0.0013298],0
2,[-0.5433507  0.0013298],1,-1.0,[-0.54187286  0.00147785],0
2,[-0.54187286  0.00147785],1,-1.0,[-0.54025805  0.00161484],0
2,[-0.54025805  0.00161484],1,-1.0,[-0.5385183   0.00173973],0
2,[-0.5385183   0.00173973],1,-1.0,[-0.5366667   0.00185159],0
2,[-0.5366667   0.00185159],1,-1.0,[-0.53471714  0.00194957],0
2,[-0.53471714  0.00194957],1,-1.0,[-0.5326842   0.00203295],0
2,[-0.5326842   0.00203295],1,-1.0,[-0.5305831   0.00210108],0
2,[-0.5305831   0.00210108],1,-1.0,[-0.5284296   0.00215346],0
2,[-0.5284296   0.00215346],1,-1.0,[-0.52624     0.00218969],0
2,[-0.52624     0.00218969],1,-1.0,[-0.52403045  0.0022095 ],0
2,[-0.52403045  0.0022095 ],1,-1.0,[-0.52181774  0.00221273],0
2,[-0.52181774  0.00221273],1,-1.0,[-0.5196184   0.00219938],0
2,[-0.5196184   0.00219938],1,-1.0,[-0.51744884  0.00216952],0
2,[-0.51744884  0.00216952],1,-1.0,[-0.5153254  0.0021234],0
2,[-0.5153254  0.0021234],1,-1.0,[-0.51326406  0.00206136],0
2,[-0.51326406  0.00206136],1,-1.0,[-0.51128024  0.00198386],0
2,[-0.51128024  0.00198386],1,-1.0,[-0.50938874  0.00189149],0
2,[-0.50938874  0.00189149],1,-1.0,[-0.50760376  0.00178495],0
2,[-0.50760376  0.00178495],1,-1.0,[-0.50593877  0.00166503],0
2,[-0.50593877  0.00166503],1,-1.0,[-0.5044061   0.00153264],0
2,[-0.5044061   0.00153264],1,-1.0,[-0.5030173   0.00138878],0
2,[-0.5030173   0.00138878],1,-1.0,[-0.50178283  0.00123452],0
2,[-0.50178283  0.00123452],1,-1.0,[-0.5007118   0.00107101],0
2,[-0.5007118   0.00107101],1,-1.0,[-0.4998123  0.0008995],0
2,[-0.4998123  0.0008995],1,-1.0,[-0.49909106  0.00072125],0
2,[-0.49909106  0.00072125],1,-1.0,[-0.49855345  0.00053761],0
2,[-0.49855345  0.00053761],1,-1.0,[-4.9820352e-01  3.4994236e-04],0
2,[-4.9820352e-01  3.4994236e-04],1,-1.0,[-4.9804384e-01  1.5966204e-04],0
2,[-4.9804384e-01  1.5966204e-04],1,-1.0,[-4.9807566e-01 -3.1812244e-05],0
2,[-4.9807566e-01 -3.1812244e-05],1,-1.0,[-4.9829870e-01 -2.2304864e-04],0
2,[-4.9829870e-01 -2.2304864e-04],1,-1.0,[-4.9871132e-01 -4.1261705e-04],0
2,[-4.9871132e-01 -4.1261705e-04],1,-1.0,[-0.49931043 -0.0005991 ],0
2,[-0.49931043 -0.0005991 ],1,-1.0,[-0.5000915 -0.0007811],0
2,[-0.5000915 -0.0007811],1,-1.0,[-0.5010488  -0.00095726],0
2,[-0.5010488  -0.00095726],1,-1.0,[-0.50217503 -0.00112626],0
2,[-0.50217503 -0.00112626],1,-1.0,[-0.50346184 -0.00128682],0
2,[-0.50346184 -0.00128682],1,-1.0,[-0.5048996  -0.00143776],0
2,[-0.5048996  -0.00143776],1,-1.0,[-0.50647753 -0.00157793],0
2,[-0.50647753 -0.00157793],1,-1.0,[-0.50818384 -0.00170628],0
2,[-0.50818384 -0.00170628],1,-1.0,[-0.51000565 -0.00182185],0
2,[-0.51000565 -0.00182185],1,-1.0,[-0.51192945 -0.00192377],0
2,[-0.51192945 -0.00192377],1,-1.0,[-0.51394075 -0.00201127],0
2,[-0.51394075 -0.00201127],1,-1.0,[-0.5160244 -0.0020837],0
2,[-0.5160244 -0.0020837],1,-1.0,[-0.51816493 -0.0021405 ],0
2,[-0.51816493 -0.0021405 ],1,-1.0,[-0.52034616 -0.00218125],0
2,[-0.52034616 -0.00218125],1,-1.0,[-0.52255183 -0.00220565],0
2,[-0.52255183 -0.00220565],1,-1.0,[-0.5247653 -0.0022135],0
2,[-0.5247653 -0.0022135],1,-1.0,[-0.5269701  -0.00220475],0
2,[-0.5269701  -0.00220475],1,-1.0,[-0.52914953 -0.00217947],0
2,[-0.52914953 -0.00217947],1,-1.0,[-0.5312874  -0.00213784],0
2,[-0.5312874  -0.00213784],1,-1.0,[-0.5333676  -0.00208018],0
2,[-0.5333676  -0.00208018],1,-1.0,[-0.53537446 -0.00200692],0
2,[-0.53537446 -0.00200692],1,-1.0,[-0.5372931  -0.00191862],0
2,[-0.5372931  -0.00191862],1,-1.0,[-0.53910905 -0.00181594],0
2,[-0.53910905 -0.00181594],1,-1.0,[-0.54080874 -0.00169966],0
2,[-0.54080874 -0.00169966],1,-1.0,[-0.5423794  -0.00157064],0
2,[-0.5423794  -0.00157064],1,-1.0,[-0.54380924 -0.00142986],0
2,[-0.54380924 -0.00142986],1,-1.0,[-0.5450876  -0.00127838],0
2,[-0.5450876  -0.00127838],1,-1.0,[-0.5462049  -0.00111732],0
2,[-0.5462049  -0.00111732],1,-1.0,[-0.5471528  -0.00094791],0
2,[-0.5471528  -0.00094791],1,-1.0,[-0.5479242 -0.0007714],0
2,[-0.5479242 -0.0007714],1,-1.0,[-0.54851335 -0.00058912],0
2,[-0.54851335 -0.00058912],1,-1.0,[-5.489158e-01 -4.024341e-04],0
2,[-5.489158e-01 -4.024341e-04],1,-1.0,[-5.4912853e-01 -2.1273909e-04],0
2,[-5.4912853e-01 -2.1273909e-04],1,-1.0,[-5.49150e-01 -2.14532e-05],0
2,[-5.49150e-01 -2.14532e-05],1,-1.0,[-5.4898000e-01  1.6999312e-04],0
2,[-5.4898000e-01  1.6999312e-04],1,-1.0,[-5.4861981e-01  3.6016823e-04],0
2,[-5.4861981e-01  3.6016823e-04],1,-1.0,[-5.4807216e-01  5.4764975e-04],0
2,[-5.4807216e-01  5.4764975e-04],1,-1.0,[-0.5473411   0.00073104],0
2,[-0.5473411   0.00073104],1,-1.0,[-0.5464322   0.00090895],0
2,[-0.5464322   0.00090895],1,-1.0,[-0.5453521   0.00108007],0
2,[-0.5453521   0.00108007],1,-1.0,[-0.544109   0.0012431],0
2,[-0.544109   0.0012431],1,-1.0,[-0.54271215  0.00139683],0
2,[-0.54271215  0.00139683],1,-1.0,[-0.5411721  0.0015401],0
2,[-0.5411721  0.0015401],1,-1.0,[-0.53950024  0.00167184],0
2,[-0.53950024  0.00167184],1,-1.0,[-0.5377092   0.00179106],0
2,[-0.5377092   0.00179106],1,-1.0,[-0.5358123   0.00189685],0
2,[-0.5358123   0.00189685],1,-1.0,[-0.53382385  0.00198844],0
2,[-0.53382385  0.00198844],1,-1.0,[-0.5317587   0.00206511],0
2,[-0.5317587   0.00206511],1,-1.0,[-0.52963245  0.00212631],0
2,[-0.52963245  0.00212631],1,-1.0,[-0.5274609   0.00217156],0
2,[-0.5274609   0.00217156],1,-1.0,[-0.5252604   0.00220052],0
2,[-0.5252604   0.00220052],1,-1.0,[-0.5230474   0.00221298],0
2,[-0.5230474   0.00221298],1,-1.0,[-0.52083856  0.00220885],0
2,[-0.52083856  0.00220885],1,-1.0,[-0.5186504   0.00218815],0
2,[-0.5186504   0.00218815],1,-1.0,[-0.51649934  0.00215103],0
2,[-0.51649934  0.00215103],1,-1.0,[-0.51440156  0.00209779],0
2,[-0.51440156  0.00209779],1,-1.0,[-0.51237273  0.00202882],0
2,[-0.51237273  0.00202882],1,-1.0,[-0.51042813  0.00194464],0
2,[-0.51042813  0.00194464],1,-1.0,[-0.50858223  0.00184589],0
2,[-0.50858223  0.00184589],1,-1.0,[-0.50684893  0.0017333 ],0
2,[-0.50684893  0.0017333 ],1,-1.0,[-0.50524116  0.00160773],0
2,[-0.50524116  0.00160773],1,-1.0,[-0.50377107  0.00147012],0
2,[-0.50377107  0.00147012],1,-1.0,[-0.5024496  0.0013215],0
2,[-0.5024496  0.0013215],1,-1.0,[-0.50128657  0.00116299],0
2,[-0.50128657  0.00116299],1,-1.0,[-0.5002908   0.00099577],0
2,[-0.5002908   0.00099577],1,-1.0,[-0.4994697  0.0008211],0
2,[-0.4994697  0.0008211],1,-1.0,[-0.4988294   0.00064029],0
2,[-0.4988294   0.00064029],1,-1.0,[-4.9837470e-01  4.5469307e-04],0
2,[-4.9837470e-01  4.5469307e-04],1,-1.0,[-4.9810901e-01  2.6569312e-04],0
2,[-4.9810901e-01  2.6569312e-04],1,-1.0,[-4.9803433e-01  7.4706237e-05],0
2,[-4.9803433e-01  7.4706237e-05],1,-1.0,[-4.9815115e-01 -1.1683931e-04],0
2,[-4.9815115e-01 -1.1683931e-04],1,-1.0,[-4.9845865e-01 -3.0751113e-04],0
2,[-4.9845865e-01 -3.0751113e-04],1,-1.0,[-4.9895456e-01 -4.9588323e-04],0
2,[-4.9895456e-01 -4.9588323e-04],1,-1.0,[-0.4996351  -0.00068055],0
2,[-0.4996351  -0.00068055],1,-1.0,[-0.5004952  -0.00086012],0
2,[-0.5004952  -0.00086012],1,-1.0,[-0.5015285  -0.00103326],0
2,[-0.5015285  -0.00103326],1,-1.0,[-0.50272715 -0.00119866],0
2,[-0.50272715 -0.00119866],1,-1.0,[-0.50408226 -0.0013551 ],0
2,[-0.50408226 -0.0013551 ],1,-1.0,[-0.50558364 -0.00150139],0
2,[-0.50558364 -0.00150139],1,-1.0,[-0.5072201  -0.00163644],0
2,[-0.5072201  -0.00163644],1,-1.0,[-0.50897926 -0.00175923],0
2,[-0.50897926 -0.00175923],1,-1.0,[-0.5108481  -0.00186884],0
2,[-0.5108481  -0.00186884],1,-1.0,[-0.51281255 -0.00196445],0
2,[-0.51281255 -0.00196445],1,-1.0,[-0.5148579  -0.00204533],0
2,[-0.5148579  -0.00204533],1,-1.0,[-0.5169688  -0.00211088],0
2,[-0.5169688  -0.00211088],1,-1.0,[-0.5191294 -0.0021606],0
2,[-0.5191294 -0.0021606],1,-1.0,[-0.5213235  -0.00219412],0
2,[-0.5213235  -0.00219412],1,-1.0,[-0.52353466 -0.00221118],0
2,[-0.52353466 -0.00221118],1,-1.0,[-0.52574635 -0.00221166],1
3,"(array([-0.4664786,  0.       ], dtype=float32), {})",1,-1.0,[-4.6690488e-01 -4.2630793e-04],0
3,[-4.6690488e-01 -4.2630793e-04],1,-1.0,[-0.46775436 -0.00084947],0
3,[-0.46775436 -0.00084947],1,-1.0,[-0.4690207  -0.00126634],0
3,[-0.4690207  -0.00126634],1,-1.0,[-0.47069454 -0.00167385],0
3,[-0.47069454 -0.00167385],1,-1.0,[-0.4727635  -0.00206897],0
3,[-0.4727635  -0.00206897],1,-1.0,[-0.47521228 -0.00244876],0
3,[-0.47521228 -0.00244876],1,-1.0,[-0.47802266 -0.00281038],0
3,[-0.47802266 -0.00281038],1,-1.0,[-0.48117378 -0.00315114],0
3,[-0.48117378 -0.00315114],1,-1.0,[-0.48464227 -0.00346847],0
3,[-0.48464227 -0.00346847],1,-1.0,[-0.48840225 -0.00375998],0
3,[-0.48840225 -0.00375998],1,-1.0,[-0.4924257  -0.00402346],0
3,[-0.4924257  -0.00402346],1,-1.0,[-0.4966826  -0.00425692],0
3,[-0.4966826  -0.00425692],1,-1.0,[-0.5011412  -0.00445857],0
3,[-0.5011412  -0.00445857],1,-1.0,[-0.50576806 -0.00462688],0
3,[-0.50576806 -0.00462688],1,-1.0,[-0.5105286  -0.00476054],0
3,[-0.5105286  -0.00476054],1,-1.0,[-0.5153872  -0.00485854],0
3,[-0.5153872  -0.00485854],1,-1.0,[-0.5203073  -0.00492012],0
3,[-0.5203073  -0.00492012],1,-1.0,[-0.5252521  -0.00494481],0
3,[-0.5252521  -0.00494481],1,-1.0,[-0.5301845  -0.00493241],0
3,[-0.5301845  -0.00493241],1,-1.0,[-0.5350675  -0.00488302],0
3,[-0.5350675  -0.00488302],1,-1.0,[-0.53986454 -0.00479702],0
3,[-0.53986454 -0.00479702],1,-1.0,[-0.54453963 -0.00467508],0
3,[-0.54453963 -0.00467508],1,-1.0,[-0.5490577  -0.00451812],0
3,[-0.5490577  -0.00451812],1,-1.0,[-0.5533851  -0.00432737],0
3,[-0.5533851  -0.00432737],1,-1.0,[-0.5574894  -0.00410427],0
3,[-0.5574894  -0.00410427],1,-1.0,[-0.5613399  -0.00385053],0
3,[-0.5613399  -0.00385053],1,-1.0,[-0.56490797 -0.00356807],0
3,[-0.56490797 -0.00356807],1,-1.0,[-0.56816703 -0.00325904],0
3,[-0.56816703 -0.00325904],1,-1.0,[-0.5710928  -0.00292578],0
3,[-0.5710928  -0.00292578],1,-1.0,[-0.5736636  -0.00257078],0
3,[-0.5736636  -0.00257078],1,-1.0,[-0.57586026 -0.0021967 ],0
3,[-0.57586026 -0.0021967 ],1,-1.0,[-0.57766664 -0.00180634],0
3,[-0.57766664 -0.00180634],1,-1.0,[-0.5790692  -0.00140261],0
3,[-0.5790692  -0.00140261],1,-1.0,[-0.58005774 -0.0009885 ],0
3,[-0.58005774 -0.0009885 ],1,-1.0,[-5.806248e-01 -5.670795e-04],0
3,[-5.806248e-01 -5.670795e-04],1,-1.0,[-5.8076626e-01 -1.4146752e-04],0
3,[-5.8076626e-01 -1.4146752e-04],1,-1.0,[-5.8048111e-01  2.8518998e-04],0
3,[-5.8048111e-01  2.8518998e-04],1,-1.0,[-0.57977134  0.00070974],0
3,[-0.57977134  0.00070974],1,-1.0,[-0.5786423   0.00112904],0
3,[-0.5786423   0.00112904],1,-1.0,[-0.5771023  0.00154  ],0
3,[-0.5771023  0.00154  ],1,-1.0,[-0.57516277  0.00193955],0
3,[-0.57516277  0.00193955],1,-1.0,[-0.572838    0.00232474],0
3,[-0.572838    0.00232474],1,-1.0,[-0.5701453   0.00269269],0
3,[-0.5701453   0.00269269],1,-1.0,[-0.56710464  0.00304066],0
3,[-0.56710464  0.00304066],1,-1.0,[-0.56373864  0.00336603],0
3,[-0.56373864  0.00336603],1,-1.0,[-0.5600723   0.00366635],0
3,[-0.5600723   0.00366635],1,-1.0,[-0.5561329   0.00393936],0
3,[-0.5561329   0.00393936],1,-1.0,[-0.55195     0.00418297],0
3,[-0.55195     0.00418297],1,-1.0,[-0.5475546   0.00439535],0
3,[-0.5475546   0.00439535],1,-1.0,[-0.5429797   0.00457487],0
3,[-0.5429797   0.00457487],1,-1.0,[-0.5382596   0.00472014],0
3,[-0.5382596   0.00472014],1,-1.0,[-0.53342956  0.00483006],0
3,[-0.53342956  0.00483006],1,-1.0,[-0.52852577  0.00490378],0
3,[-0.52852577  0.00490378],1,-1.0,[-0.523585    0.00494073],0
3,[-0.523585    0.00494073],1,-1.0,[-0.5186444   0.00494063],0
3,[-0.5186444   0.00494063],1,-1.0,[-0.5137409   0.00490347],0
3,[-0.5137409   0.00490347],1,-1.0,[-0.5089114   0.00482955],0
3,[-0.5089114   0.00482955],1,-1.0,[-0.50419194  0.00471943],0
3,[-0.50419194  0.00471943],1,-1.0,[-0.49961796  0.00457396],0
3,[-0.49961796  0.00457396],1,-1.0,[-0.49522373  0.00439426],0
3,[-0.49522373  0.00439426],1,-1.0,[-0.49104202  0.0041817 ],0
3,[-0.49104202  0.0041817 ],1,-1.0,[-0.4871041   0.00393792],0
3,[-0.4871041   0.00393792],1,-1.0,[-0.48343936  0.00366475],0
3,[-0.48343936  0.00366475],1,-1.0,[-0.48007506  0.00336429],0
3,[-0.48007506  0.00336429],1,-1.0,[-0.47703627  0.00303878],0
3,[-0.47703627  0.00303878],1,-1.0,[-0.47434556  0.0026907 ],0
3,[-0.47434556  0.0026907 ],1,-1.0,[-0.47202292  0.00232264],0
3,[-0.47202292  0.00232264],1,-1.0,[-0.47008556  0.00193737],0
3,[-0.47008556  0.00193737],1,-1.0,[-0.46854782  0.00153774],0
3,[-0.46854782  0.00153774],1,-1.0,[-0.46742108  0.00112673],0
3,[-0.46742108  0.00112673],1,-1.0,[-0.4667137   0.00070739],0
3,[-0.4667137   0.00070739],1,-1.0,[-4.6643087e-01  2.8282011e-04],0
3,[-4.6643087e-01  2.8282011e-04],1,-1.0,[-4.6657473e-01 -1.4384028e-04],0
3,[-4.6657473e-01 -1.4384028e-04],1,-1.0,[-0.46714416 -0.00056944],0
3,[-0.46714416 -0.00056944],1,-1.0,[-0.468135   -0.00099083],0
3,[-0.468135   -0.00099083],1,-1.0,[-0.46953988 -0.00140489],0
3,[-0.46953988 -0.00140489],1,-1.0,[-0.47134843 -0.00180855],0
3,[-0.47134843 -0.00180855],1,-1.0,[-0.47354725 -0.00219883],0
3,[-0.47354725 -0.00219883],1,-1.0,[-0.47612005 -0.00257281],0
3,[-0.47612005 -0.00257281],1,-1.0,[-0.47904775 -0.00292769],0
3,[-0.47904775 -0.00292769],1,-1.0,[-0.4823086  -0.00326083],0
3,[-0.4823086  -0.00326083],1,-1.0,[-0.48587832 -0.00356972],0
3,[-0.48587832 -0.00356972],1,-1.0,[-0.48973033 -0.00385202],0
3,[-0.48973033 -0.00385202],1,-1.0,[-0.49383593 -0.00410559],0
3,[-0.49383593 -0.00410559],1,-1.0,[-0.49816445 -0.00432852],0
3,[-0.49816445 -0.00432852],1,-1.0,[-0.5026835  -0.00451909],0
3,[-0.5026835  -0.00451909],1,-1.0,[-0.5073594  -0.00467585],0
3,[-0.5073594  -0.00467585],1,-1.0,[-0.51215696 -0.0047976 ],0
3,[-0.51215696 -0.0047976 ],1,-1.0,[-0.5170404 -0.0048834],0
3,[-0.5170404 -0.0048834],1,-1.0,[-0.52197295 -0.00493258],0
3,[-0.52197295 -0.00493258],1,-1.0,[-0.52691776 -0.00494478],0
3,[-0.52691776 -0.00494478],1,-1.0,[-0.53183764 -0.00491988],0
3,[-0.53183764 -0.00491988],1,-1.0,[-0.5366957 -0.0048581],0
3,[-0.5366957 -0.0048581],1,-1.0,[-0.5414556 -0.0047599],0
3,[-0.5414556 -0.0047599],1,-1.0,[-0.54608166 -0.00462603],0
3,[-0.54608166 -0.00462603],1,-1.0,[-0.5505392  -0.00445754],0
3,[-0.5505392  -0.00445754],1,-1.0,[-0.5547949  -0.00425571],0
3,[-0.5547949  -0.00425571],1,-1.0,[-0.55881697 -0.00402208],0
3,[-0.55881697 -0.00402208],1,-1.0,[-0.5625754  -0.00375843],0
3,[-0.5625754  -0.00375843],1,-1.0,[-0.5660422  -0.00346677],0
3,[-0.5660422  -0.00346677],1,-1.0,[-0.5691915  -0.00314931],0
3,[-0.5691915  -0.00314931],1,-1.0,[-0.5719999  -0.00280843],0
3,[-0.5719999  -0.00280843],1,-1.0,[-0.5744466  -0.00244669],0
3,[-0.5744466  -0.00244669],1,-1.0,[-0.5765134  -0.00206681],0
3,[-0.5765134  -0.00206681],1,-1.0,[-0.578185   -0.00167162],0
3,[-0.578185   -0.00167162],1,-1.0,[-0.57944906 -0.00126405],0
3,[-0.57944906 -0.00126405],1,-1.0,[-0.5802962  -0.00084713],0
3,[-0.5802962  -0.00084713],1,-1.0,[-5.807201e-01 -4.239429e-04],0
3,[-5.807201e-01 -4.239429e-04],1,-1.0,[-5.8071780e-01  2.3737487e-06],0
3,[-5.8071780e-01  2.3737487e-06],1,-1.0,[-5.8028913e-01  4.2867285e-04],0
3,[-5.8028913e-01  4.2867285e-04],1,-1.0,[-0.5794373  0.0008518],0
3,[-0.5794373  0.0008518],1,-1.0,[-0.5781687   0.00126864],0
3,[-0.5781687   0.00126864],1,-1.0,[-0.5764926   0.00167609],0
3,[-0.5764926   0.00167609],1,-1.0,[-0.57442147  0.00207113],0
3,[-0.57442147  0.00207113],1,-1.0,[-0.57197064  0.00245082],0
3,[-0.57197064  0.00245082],1,-1.0,[-0.5691583   0.00281234],0
3,[-0.5691583   0.00281234],1,-1.0,[-0.56600535  0.00315297],0
3,[-0.56600535  0.00315297],1,-1.0,[-0.56253517  0.00347016],0
3,[-0.56253517  0.00347016],1,-1.0,[-0.55877364  0.00376152],0
3,[-0.55877364  0.00376152],1,-1.0,[-0.5547488   0.00402485],0
3,[-0.5547488   0.00402485],1,-1.0,[-0.5504907   0.00425813],0
3,[-0.5504907   0.00425813],1,-1.0,[-0.54603106  0.0044596 ],0
3,[-0.54603106  0.0044596 ],1,-1.0,[-0.54140335  0.00462772],0
3,[-0.54140335  0.00462772],1,-1.0,[-0.53664213  0.00476119],0
3,[-0.53664213  0.00476119],1,-1.0,[-0.53178316  0.00485899],0
3,[-0.53178316  0.00485899],1,-1.0,[-0.5268628   0.00492036],0
3,[-0.5268628   0.00492036],1,-1.0,[-0.52191794  0.00494484],0
3,[-0.52191794  0.00494484],1,-1.0,[-0.5169857   0.00493224],0
3,[-0.5169857   0.00493224],1,-1.0,[-0.5121031   0.00488264],0
3,[-0.5121031   0.00488264],1,-1.0,[-0.50730664  0.00479644],0
3,[-0.50730664  0.00479644],1,-1.0,[-0.5026323  0.0046743],0
3,[-0.5026323  0.0046743],1,-1.0,[-0.49811518  0.00451716],0
3,[-0.49811518  0.00451716],1,-1.0,[-0.493789    0.00432622],0
3,[-0.493789    0.00432622],1,-1.0,[-0.48968604  0.00410294],0
3,[-0.48968604  0.00410294],1,-1.0,[-0.485837    0.00384903],0
3,[-0.485837    0.00384903],1,-1.0,[-0.48227057  0.00356642],0
3,[-0.48227057  0.00356642],1,-1.0,[-0.47901332  0.00325726],0
3,[-0.47901332  0.00325726],1,-1.0,[-0.47608945  0.00292386],0
3,[-0.47608945  0.00292386],1,-1.0,[-0.47352073  0.00256875],0
3,[-0.47352073  0.00256875],1,-1.0,[-0.47132614  0.00219457],0
3,[-0.47132614  0.00219457],1,-1.0,[-0.469522    0.00180413],0
3,[-0.469522    0.00180413],1,-1.0,[-0.46812168  0.00140033],0
3,[-0.46812168  0.00140033],1,-1.0,[-0.4671355   0.00098617],0
3,[-0.4671355   0.00098617],1,-1.0,[-0.46657076  0.00056472],0
3,[-0.46657076  0.00056472],1,-1.0,[-4.6643168e-01  1.3909471e-04],0
3,[-4.6643168e-01  1.3909471e-04],1,-1.0,[-4.6671924e-01 -2.8755976e-04],0
3,[-4.6671924e-01 -2.8755976e-04],1,-1.0,[-0.46743134 -0.00071209],0
3,[-0.46743134 -0.00071209],1,-1.0,[-0.4685627  -0.00113135],0
3,[-0.4685627  -0.00113135],1,-1.0,[-0.47010493 -0.00154225],0
3,[-0.47010493 -0.00154225],1,-1.0,[-0.47204667 -0.00194174],0
3,[-0.47204667 -0.00194174],1,-1.0,[-0.47437352 -0.00232684],0
3,[-0.47437352 -0.00232684],1,-1.0,[-0.4770682  -0.00269469],0
3,[-0.4770682  -0.00269469],1,-1.0,[-0.48011073 -0.00304253],0
3,[-0.48011073 -0.00304253],1,-1.0,[-0.4834785  -0.00336777],0
3,[-0.4834785  -0.00336777],1,-1.0,[-0.48714644 -0.00366795],0
3,[-0.48714644 -0.00366795],1,-1.0,[-0.49108723 -0.00394079],0
3,[-0.49108723 -0.00394079],1,-1.0,[-0.49527147 -0.00418424],0
3,[-0.49527147 -0.00418424],1,-1.0,[-0.4996679  -0.00439644],0
3,[-0.4996679  -0.00439644],1,-1.0,[-0.5042437  -0.00457577],0
3,[-0.5042437  -0.00457577],1,-1.0,[-0.50896454 -0.00472085],0
3,[-0.50896454 -0.00472085],1,-1.0,[-0.51379514 -0.00483057],0
3,[-0.51379514 -0.00483057],1,-1.0,[-0.5186992  -0.00490409],0
3,[-0.5186992  -0.00490409],1,-1.0,[-0.52364004 -0.00494083],0
3,[-0.52364004 -0.00494083],1,-1.0,[-0.52858055 -0.00494053],0
3,[-0.52858055 -0.00494053],1,-1.0,[-0.53348374 -0.00490316],0
3,[-0.53348374 -0.00490316],1,-1.0,[-0.5383128  -0.00482904],0
3,[-0.5383128  -0.00482904],1,-1.0,[-0.5430315  -0.00471872],0
3,[-0.5430315  -0.00471872],1,-1.0,[-0.54760456 -0.00457306],0
3,[-0.54760456 -0.00457306],1,-1.0,[-0.5519977  -0.00439317],0
3,[-0.5519977  -0.00439317],1,-1.0,[-0.55617815 -0.00418043],0
3,[-0.55617815 -0.00418043],1,-1.0,[-0.5601146  -0.00393648],0
3,[-0.5601146  -0.00393648],1,-1.0,[-0.56377774 -0.00366316],0
3,[-0.56377774 -0.00366316],1,-1.0,[-0.56714034 -0.00336254],0
3,[-0.56714034 -0.00336254],1,-1.0,[-0.5701772  -0.00303691],0
3,[-0.5701772  -0.00303691],1,-1.0,[-0.5728659  -0.00268871],0
3,[-0.5728659  -0.00268871],1,-1.0,[-0.5751865  -0.00232055],0
3,[-0.5751865  -0.00232055],1,-1.0,[-0.5771217  -0.00193518],0
3,[-0.5771217  -0.00193518],1,-1.0,[-0.57865715 -0.00153548],0
3,[-0.57865715 -0.00153548],1,-1.0,[-0.57978153 -0.00112442],0
3,[-0.57978153 -0.00112442],1,-1.0,[-0.5804866  -0.00070504],0
3,[-0.5804866  -0.00070504],1,-1.0,[-5.8076704e-01 -2.8045019e-04],0
3,[-5.8076704e-01 -2.8045019e-04],1,-1.0,[-5.8062083e-01  1.4621302e-04],0
3,[-5.8062083e-01  1.4621302e-04],1,-1.0,[-5.8004904e-01  5.7179568e-04],0
3,[-5.8004904e-01  5.7179568e-04],1,-1.0,[-0.5790559   0.00099315],0
3,[-0.5790559   0.00099315],1,-1.0,[-0.5776487   0.00140716],0
3,[-0.5776487   0.00140716],1,-1.0,[-0.57583797  0.00181076],0
3,[-0.57583797  0.00181076],1,-1.0,[-0.573637    0.00220096],0
3,[-0.573637    0.00220096],1,-1.0,[-0.57106215  0.00257484],0
3,[-0.57106215  0.00257484],1,-1.0,[-0.5681326   0.00292961],0
3,[-0.5681326   0.00292961],1,-1.0,[-0.56486994  0.00326262],0
3,[-0.56486994  0.00326262],1,-1.0,[-0.56129855  0.00357136],0
3,[-0.56129855  0.00357136],1,-1.0,[-0.55744505  0.00385351],0
3,[-0.55744505  0.00385351],1,-1.0,[-0.55333817  0.00410692],0
3,[-0.55333817  0.00410692],1,-1.0,[-0.5490085   0.00432967],0
3,[-0.5490085   0.00432967],1,-1.0,[-0.54448843  0.00452006],0
3,[-0.54448843  0.00452006],1,-1.0,[-0.5398118   0.00467663],0
3,[-0.5398118   0.00467663],1,-1.0,[-0.5350136   0.00479818],0
3,[-0.5350136   0.00479818],1,-1.0,[-0.53012985  0.00488377],0
3,[-0.53012985  0.00488377],1,-1.0,[-0.5251971   0.00493275],0
3,[-0.5251971   0.00493275],1,-1.0,[-0.52025235  0.00494474],1
4,"(array([-0.46759105,  0.        ], dtype=float32), {})",1,-1.0,[-4.6800911e-01 -4.1808432e-04],0
4,[-4.6800911e-01 -4.1808432e-04],1,-1.0,[-0.4688422  -0.00083308],0
4,[-0.4688422  -0.00083308],1,-1.0,[-0.4700841  -0.00124191],0
4,[-0.4700841  -0.00124191],1,-1.0,[-0.47172564 -0.00164154],0
4,[-0.47172564 -0.00164154],1,-1.0,[-0.47375467 -0.00202902],0
4,[-0.47375467 -0.00202902],1,-1.0,[-0.47615615 -0.00240146],0
4,[-0.47615615 -0.00240146],1,-1.0,[-0.47891223 -0.00275608],0
4,[-0.47891223 -0.00275608],1,-1.0,[-0.48200247 -0.00309023],0
4,[-0.48200247 -0.00309023],1,-1.0,[-0.48540384 -0.00340139],0
4,[-0.48540384 -0.00340139],1,-1.0,[-0.48909107 -0.00368723],0
4,[-0.48909107 -0.00368723],1,-1.0,[-0.49303666 -0.00394557],0
4,[-0.49303666 -0.00394557],1,-1.0,[-0.49721113 -0.00417447],0
4,[-0.49721113 -0.00417447],1,-1.0,[-0.5015833  -0.00437217],0
4,[-0.5015833  -0.00437217],1,-1.0,[-0.50612044 -0.00453717],0
4,[-0.50612044 -0.00453717],1,-1.0,[-0.5107886  -0.00466819],0
4,[-0.5107886  -0.00466819],1,-1.0,[-0.5155529  -0.00476425],0
4,[-0.5155529  -0.00476425],1,-1.0,[-0.52037746 -0.00482458],0
4,[-0.52037746 -0.00482458],1,-1.0,[-0.52522624 -0.00484874],0
4,[-0.52522624 -0.00484874],1,-1.0,[-0.53006274 -0.00483654],0
4,[-0.53006274 -0.00483654],1,-1.0,[-0.53485084 -0.00478806],0
4,[-0.53485084 -0.00478806],1,-1.0,[-0.53955454 -0.00470369],0
4,[-0.53955454 -0.00470369],1,-1.0,[-0.54413855 -0.00458406],0
4,[-0.54413855 -0.00458406],1,-1.0,[-0.54856867 -0.00443011],0
4,[-0.54856867 -0.00443011],1,-1.0,[-0.5528117  -0.00424301],0
4,[-0.5528117  -0.00424301],1,-1.0,[-0.5568359 -0.0040242],0
4,[-0.5568359 -0.0040242],1,-1.0,[-0.56061125 -0.00377533],0
4,[-0.56061125 -0.00377533],1,-1.0,[-0.56410956 -0.00349831],0
4,[-0.56410956 -0.00349831],1,-1.0,[-0.5673048  -0.00319523],0
4,[-0.5673048  -0.00319523],1,-1.0,[-0.57017314 -0.00286837],0
4,[-0.57017314 -0.00286837],1,-1.0,[-0.57269335 -0.0025202 ],0
4,[-0.57269335 -0.0025202 ],1,-1.0,[-0.5748466  -0.00215332],0
4,[-0.5748466  -0.00215332],1,-1.0,[-0.5766171  -0.00177047],0
4,[-0.5766171  -0.00177047],1,-1.0,[-0.5779916  -0.00137451],0
4,[-0.5779916  -0.00137451],1,-1.0,[-0.57896    -0.00096837],0
4,[-0.57896    -0.00096837],1,-1.0,[-5.7951504e-01 -5.5506628e-04],0
4,[-5.7951504e-01 -5.5506628e-04],1,-1.0,[-5.7965273e-01 -1.3765821e-04],0
4,[-5.7965273e-01 -1.3765821e-04],1,-1.0,[-5.7937193e-01  2.8076774e-04],0
4,[-5.7937193e-01  2.8076774e-04],1,-1.0,[-0.57867485  0.00069712],0
4,[-0.57867485  0.00069712],1,-1.0,[-0.5775665   0.00110831],0
4,[-0.5775665   0.00110831],1,-1.0,[-0.5760552  0.0015113],0
4,[-0.5760552  0.0015113],1,-1.0,[-0.5741521  0.0019031],0
4,[-0.5741521  0.0019031],1,-1.0,[-0.5718713  0.0022808],0
4,[-0.5718713  0.0022808],1,-1.0,[-0.5692297   0.00264158],0
4,[-0.5692297   0.00264158],1,-1.0,[-0.566247    0.00298275],0
4,[-0.566247    0.00298275],1,-1.0,[-0.56294525  0.00330174],0
4,[-0.56294525  0.00330174],1,-1.0,[-0.5593491   0.00359615],0
4,[-0.5593491   0.00359615],1,-1.0,[-0.5554853   0.00386376],0
4,[-0.5554853   0.00386376],1,-1.0,[-0.5513828   0.00410255],0
4,[-0.5513828   0.00410255],1,-1.0,[-0.5470721   0.00431069],0
4,[-0.5470721   0.00431069],1,-1.0,[-0.5425855   0.00448659],0
4,[-0.5425855   0.00448659],1,-1.0,[-0.5379566   0.00462891],0
4,[-0.5379566   0.00462891],1,-1.0,[-0.53322     0.00473657],0
4,[-0.53322     0.00473657],1,-1.0,[-0.5284113   0.00480871],0
4,[-0.5284113   0.00480871],1,-1.0,[-0.5235665   0.00484481],0
4,[-0.5235665   0.00484481],1,-1.0,[-0.51872194  0.00484457],0
4,[-0.51872194  0.00484457],1,-1.0,[-0.5139139   0.00480799],0
4,[-0.5139139   0.00480799],1,-1.0,[-0.5091786   0.00473536],0
4,[-0.5091786   0.00473536],1,-1.0,[-0.50455135  0.00462725],0
4,[-0.50455135  0.00462725],1,-1.0,[-0.5000669   0.00448447],0
4,[-0.5000669   0.00448447],1,-1.0,[-0.49575874  0.00430813],0
4,[-0.49575874  0.00430813],1,-1.0,[-0.49165916  0.00409957],0
4,[-0.49165916  0.00409957],1,-1.0,[-0.48779878  0.00386039],0
4,[-0.48779878  0.00386039],1,-1.0,[-0.48420638  0.0035924 ],0
4,[-0.48420638  0.0035924 ],1,-1.0,[-0.48090872  0.00329765],0
4,[-0.48090872  0.00329765],1,-1.0,[-0.4779304   0.00297835],0
4,[-0.4779304   0.00297835],1,-1.0,[-0.4752935  0.0026369],0
4,[-0.4752935  0.0026369],1,-1.0,[-0.4730176   0.00227588],0
4,[-0.4730176   0.00227588],1,-1.0,[-0.4711196   0.00189798],0
4,[-0.4711196   0.00189798],1,-1.0,[-0.4696136   0.00150601],0
4,[-0.4696136   0.00150601],1,-1.0,[-0.46851072  0.00110289],0
4,[-0.46851072  0.00110289],1,-1.0,[-0.46781912  0.0006916 ],0
4,[-0.46781912  0.0006916 ],1,-1.0,[-4.6754393e-01  2.7520626e-04],0
4,[-4.6754393e-01  2.7520626e-04],1,-1.0,[-4.6768716e-01 -1.4322648e-04],0
4,[-4.6768716e-01 -1.4322648e-04],1,-1.0,[-0.46824774 -0.0005606 ],0
4,[-0.46824774 -0.0005606 ],1,-1.0,[-0.46922156 -0.00097383],0
4,[-0.46922156 -0.00097383],1,-1.0,[-0.4706014  -0.00137985],0
4,[-0.4706014  -0.00137985],1,-1.0,[-0.4723771  -0.00177566],0
4,[-0.4723771  -0.00177566],1,-1.0,[-0.4745354  -0.00215831],0
4,[-0.4745354  -0.00215831],1,-1.0,[-0.47706035 -0.00252496],0
4,[-0.47706035 -0.00252496],1,-1.0,[-0.4799332  -0.00287286],0
4,[-0.4799332  -0.00287286],1,-1.0,[-0.48313263 -0.00319942],0
4,[-0.48313263 -0.00319942],1,-1.0,[-0.4866348  -0.00350217],0
4,[-0.4866348  -0.00350217],1,-1.0,[-0.49041364 -0.00377883],0
4,[-0.49041364 -0.00377883],1,-1.0,[-0.49444094 -0.00402731],0
4,[-0.49444094 -0.00402731],1,-1.0,[-0.49868667 -0.00424572],0
4,[-0.49868667 -0.00424572],1,-1.0,[-0.50311905 -0.00443238],0
4,[-0.50311905 -0.00443238],1,-1.0,[-0.5077049  -0.00458588],0
4,[-0.5077049  -0.00458588],1,-1.0,[-0.51241    -0.00470504],0
4,[-0.51241    -0.00470504],1,-1.0,[-0.5171989  -0.00478894],0
4,[-0.5171989  -0.00478894],1,-1.0,[-0.52203584 -0.00483694],0
4,[-0.52203584 -0.00483694],1,-1.0,[-0.5268845  -0.00484866],0
4,[-0.5268845  -0.00484866],1,-1.0,[-0.53170854 -0.00482402],0
4,[-0.53170854 -0.00482402],1,-1.0,[-0.5364717 -0.0047632],0
4,[-0.5364717 -0.0047632],1,-1.0,[-0.5411384  -0.00466668],0
4,[-0.5411384  -0.00466668],1,-1.0,[-0.5456736  -0.00453519],0
4,[-0.5456736  -0.00453519],1,-1.0,[-0.55004334 -0.00436975],0
4,[-0.55004334 -0.00436975],1,-1.0,[-0.55421495 -0.00417162],0
4,[-0.55421495 -0.00417162],1,-1.0,[-0.5581573  -0.00394233],0
4,[-0.5581573  -0.00394233],1,-1.0,[-0.5618409 -0.0036836],0
4,[-0.5618409 -0.0036836],1,-1.0,[-0.5652383  -0.00339741],0
4,[-0.5652383  -0.00339741],1,-1.0,[-0.56832427 -0.00308593],0
4,[-0.56832427 -0.00308593],1,-1.0,[-0.57107574 -0.00275149],0
4,[-0.57107574 -0.00275149],1,-1.0,[-0.5734724  -0.00239662],0
4,[-0.5734724  -0.00239662],1,-1.0,[-0.5754963  -0.00202396],0
4,[-0.5754963  -0.00202396],1,-1.0,[-0.57713264 -0.0016363 ],0
4,[-0.57713264 -0.0016363 ],1,-1.0,[-0.57836914 -0.00123652],0
4,[-0.57836914 -0.00123652],1,-1.0,[-0.57919675 -0.00082759],0
4,[-0.57919675 -0.00082759],1,-1.0,[-5.7960927e-01 -4.1253405e-04],0
4,[-5.7960927e-01 -4.1253405e-04],1,-1.0,[-5.7960367e-01  5.5705964e-06],0
4,[-5.7960367e-01  5.5705964e-06],1,-1.0,[-5.7918006e-01  4.2363405e-04],0
4,[-5.7918006e-01  4.2363405e-04],1,-1.0,[-0.5783415   0.00083856],0
4,[-0.5783415   0.00083856],1,-1.0,[-0.5770942   0.00124729],0
4,[-0.5770942   0.00124729],1,-1.0,[-0.57544744  0.00164679],0
4,[-0.57544744  0.00164679],1,-1.0,[-0.5734133   0.00203409],0
4,[-0.5734133   0.00203409],1,-1.0,[-0.571007    0.00240631],0
4,[-0.571007    0.00240631],1,-1.0,[-0.56824636  0.00276067],0
4,[-0.56824636  0.00276067],1,-1.0,[-0.5651518   0.00309453],0
4,[-0.5651518   0.00309453],1,-1.0,[-0.5617465   0.00340537],0
4,[-0.5617465   0.00340537],1,-1.0,[-0.5580556   0.00369085],0
4,[-0.5580556   0.00369085],1,-1.0,[-0.5541068   0.00394882],0
4,[-0.5541068   0.00394882],1,-1.0,[-0.5499295   0.00417731],0
4,[-0.5499295   0.00417731],1,-1.0,[-0.5455549   0.00437458],0
4,[-0.5455549   0.00437458],1,-1.0,[-0.54101574  0.00453914],0
4,[-0.54101574  0.00453914],1,-1.0,[-0.5363461  0.0046697],0
4,[-0.5363461  0.0046697],1,-1.0,[-0.53158075  0.00476528],0
4,[-0.53158075  0.00476528],1,-1.0,[-0.52675563  0.00482514],0
4,[-0.52675563  0.00482514],1,-1.0,[-0.5219068   0.00484882],0
4,[-0.5219068   0.00484882],1,-1.0,[-0.51707065  0.00483613],0
4,[-0.51707065  0.00483613],1,-1.0,[-0.5122835   0.00478717],0
4,[-0.5122835   0.00478717],1,-1.0,[-0.5075812   0.00470232],0
4,[-0.5075812   0.00470232],1,-1.0,[-0.50299895  0.00458224],0
4,[-0.50299895  0.00458224],1,-1.0,[-0.4985711   0.00442784],0
4,[-0.4985711   0.00442784],1,-1.0,[-0.4943308   0.00424031],0
4,[-0.4943308   0.00424031],1,-1.0,[-0.49030972  0.00402108],0
4,[-0.49030972  0.00402108],1,-1.0,[-0.4865379   0.00377183],0
4,[-0.4865379   0.00377183],1,-1.0,[-0.48304346  0.00349444],0
4,[-0.48304346  0.00349444],1,-1.0,[-0.4798524   0.00319103],0
4,[-0.4798524   0.00319103],1,-1.0,[-0.47698855  0.00286387],0
4,[-0.47698855  0.00286387],1,-1.0,[-0.47447312  0.00251543],0
4,[-0.47447312  0.00251543],1,-1.0,[-0.4723248   0.00214832],0
4,[-0.4723248   0.00214832],1,-1.0,[-0.4705595   0.00176528],0
4,[-0.4705595   0.00176528],1,-1.0,[-0.46919036  0.00136916],0
4,[-0.46919036  0.00136916],1,-1.0,[-0.46822745  0.00096291],0
4,[-0.46822745  0.00096291],1,-1.0,[-0.46767792  0.00054953],0
4,[-0.46767792  0.00054953],1,-1.0,[-4.6754584e-01  1.3208974e-04],0
4,[-4.6754584e-01  1.3208974e-04],1,-1.0,[-4.6783215e-01 -2.8632890e-04],0
4,[-4.6783215e-01 -2.8632890e-04],1,-1.0,[-0.4685348  -0.00070263],0
4,[-0.4685348  -0.00070263],1,-1.0,[-0.4696485  -0.00111373],0
4,[-0.4696485  -0.00111373],1,-1.0,[-0.47116512 -0.0015166 ],0
4,[-0.47116512 -0.0015166 ],1,-1.0,[-0.47307333 -0.00190823],0
4,[-0.47307333 -0.00190823],1,-1.0,[-0.47535905 -0.00228572],0
4,[-0.47535905 -0.00228572],1,-1.0,[-0.47800532 -0.00264626],0
4,[-0.47800532 -0.00264626],1,-1.0,[-0.48099247 -0.00298714],0
4,[-0.48099247 -0.00298714],1,-1.0,[-0.4842983  -0.00330582],0
4,[-0.4842983  -0.00330582],1,-1.0,[-0.48789817 -0.00359989],0
4,[-0.48789817 -0.00359989],1,-1.0,[-0.49176532 -0.00386713],0
4,[-0.49176532 -0.00386713],1,-1.0,[-0.49587083 -0.00410552],0
4,[-0.49587083 -0.00410552],1,-1.0,[-0.50018406 -0.00431324],0
4,[-0.50018406 -0.00431324],1,-1.0,[-0.50467277 -0.00448871],0
4,[-0.50467277 -0.00448871],1,-1.0,[-0.5093034  -0.00463058],0
4,[-0.5093034  -0.00463058],1,-1.0,[-0.5140411  -0.00473776],0
4,[-0.5140411  -0.00473776],1,-1.0,[-0.51885056 -0.00480943],0
4,[-0.51885056 -0.00480943],1,-1.0,[-0.5236956  -0.00484504],0
4,[-0.5236956  -0.00484504],1,-1.0,[-0.5285399  -0.00484432],0
4,[-0.5285399  -0.00484432],1,-1.0,[-0.5333472  -0.00480726],0
4,[-0.5333472  -0.00480726],1,-1.0,[-0.53808135 -0.00473416],0
4,[-0.53808135 -0.00473416],1,-1.0,[-0.5427069  -0.00462557],0
4,[-0.5427069  -0.00462557],1,-1.0,[-0.54718924 -0.00448234],0
4,[-0.54718924 -0.00448234],1,-1.0,[-0.55149484 -0.00430556],0
4,[-0.55149484 -0.00430556],1,-1.0,[-0.5555914  -0.00409658],0
4,[-0.5555914  -0.00409658],1,-1.0,[-0.5594484  -0.00385701],0
4,[-0.5594484  -0.00385701],1,-1.0,[-0.56303704 -0.00358865],0
4,[-0.56303704 -0.00358865],1,-1.0,[-0.5663306  -0.00329355],0
4,[-0.5663306  -0.00329355],1,-1.0,[-0.5693045  -0.00297394],0
4,[-0.5693045  -0.00297394],1,-1.0,[-0.5719368  -0.00263222],0
4,[-0.5719368  -0.00263222],1,-1.0,[-0.5742077  -0.00227096],0
4,[-0.5742077  -0.00227096],1,-1.0,[-0.5761006  -0.00189285],0
4,[-0.5761006  -0.00189285],1,-1.0,[-0.57760125 -0.00150071],0
4,[-0.57760125 -0.00150071],1,-1.0,[-0.57869875 -0.00109746],0
4,[-0.57869875 -0.00109746],1,-1.0,[-0.5793848  -0.00068609],0
4,[-0.5793848  -0.00068609],1,-1.0,[-5.7965446e-01 -2.6964440e-04],0
4,[-5.7965446e-01 -2.6964440e-04],1,-1.0,[-5.7950568e-01  1.4879457e-04],0
4,[-5.7950568e-01  1.4879457e-04],1,-1.0,[-5.7893956e-01  5.6613330e-04],0
4,[-5.7893956e-01  5.6613330e-04],1,-1.0,[-0.57796025  0.00097928],0
4,[-0.57796025  0.00097928],1,-1.0,[-0.57657504  0.00138519],0
4,[-0.57657504  0.00138519],1,-1.0,[-0.57479423  0.00178084],0
4,[-0.57479423  0.00178084],1,-1.0,[-0.57263094  0.0021633 ],0
4,[-0.57263094  0.0021633 ],1,-1.0,[-0.5701012   0.00252972],0
4,[-0.5701012   0.00252972],1,-1.0,[-0.56722385  0.00287736],0
4,[-0.56722385  0.00287736],1,-1.0,[-0.5640202   0.00320361],0
4,[-0.5640202   0.00320361],1,-1.0,[-0.5605142   0.00350603],0
4,[-0.5605142   0.00350603],1,-1.0,[-0.5567319   0.00378233],0
4,[-0.5567319   0.00378233],1,-1.0,[-0.5527015   0.00403042],0
4,[-0.5527015   0.00403042],1,-1.0,[-0.54845303  0.00424841],0
4,[-0.54845303  0.00424841],1,-1.0,[-0.5440184   0.00443465],0
4,[-0.5440184   0.00443465],1,-1.0,[-0.53943074  0.0045877 ],0
4,[-0.53943074  0.0045877 ],1,-1.0,[-0.5347243   0.00470639],0
4,[-0.5347243   0.00470639],1,-1.0,[-0.5299345   0.00478982],0
4,[-0.5299345   0.00478982],1,-1.0,[-0.5250972   0.00483733],0
4,[-0.5250972   0.00483733],1,-1.0,[-0.5202486   0.00484857],1
5,"(array([-0.48234838,  0.        ], dtype=float32), {})",1,-1.0,[-4.8265699e-01 -3.0858887e-04],0
5,[-4.8265699e-01 -3.0858887e-04],1,-1.0,[-0.48327187 -0.00061488],0
5,[-0.48327187 -0.00061488],1,-1.0,[-0.48418844 -0.0009166 ],0
5,[-0.48418844 -0.0009166 ],1,-1.0,[-0.48539993 -0.00121148],0
5,[-0.48539993 -0.00121148],1,-1.0,[-0.4868973  -0.00149735],0
5,[-0.4868973  -0.00149735],1,-1.0,[-0.48866934 -0.00177205],0
5,[-0.48866934 -0.00177205],1,-1.0,[-0.4907029  -0.00203355],0
5,[-0.4907029  -0.00203355],1,-1.0,[-0.49298275 -0.00227987],0
5,[-0.49298275 -0.00227987],1,-1.0,[-0.49549192 -0.00250916],0
5,[-0.49549192 -0.00250916],1,-1.0,[-0.49821162 -0.00271971],0
5,[-0.49821162 -0.00271971],1,-1.0,[-0.5011216  -0.00290993],0
5,[-0.5011216  -0.00290993],1,-1.0,[-0.5041999  -0.00307839],0
5,[-0.5041999  -0.00307839],1,-1.0,[-0.50742376 -0.00322379],0
5,[-0.50742376 -0.00322379],1,-1.0,[-0.51076883 -0.00334506],0
5,[-0.51076883 -0.00334506],1,-1.0,[-0.51421005 -0.00344126],0
5,[-0.51421005 -0.00344126],1,-1.0,[-0.5177217  -0.00351167],0
5,[-0.5177217  -0.00351167],1,-1.0,[-0.5212775  -0.00355574],0
5,[-0.5212775  -0.00355574],1,-1.0,[-0.5248506  -0.00357315],0
5,[-0.5248506  -0.00357315],1,-1.0,[-0.52841437 -0.00356376],0
5,[-0.52841437 -0.00356376],1,-1.0,[-0.531942   -0.00352765],0
5,[-0.531942   -0.00352765],1,-1.0,[-0.5354071  -0.00346508],0
5,[-0.5354071  -0.00346508],1,-1.0,[-0.53878367 -0.00337654],0
5,[-0.53878367 -0.00337654],1,-1.0,[-0.54204637 -0.00326269],0
5,[-0.54204637 -0.00326269],1,-1.0,[-0.5451707 -0.0031244],0
5,[-0.5451707 -0.0031244],1,-1.0,[-0.5481335  -0.00296273],0
5,[-0.5481335  -0.00296273],1,-1.0,[-0.5509123  -0.00277888],0
5,[-0.5509123  -0.00277888],1,-1.0,[-0.5534866  -0.00257426],0
5,[-0.5534866  -0.00257426],1,-1.0,[-0.55583704 -0.0023504 ],0
5,[-0.55583704 -0.0023504 ],1,-1.0,[-0.557946   -0.00210899],0
5,[-0.557946   -0.00210899],1,-1.0,[-0.5597978  -0.00185184],0
5,[-0.5597978  -0.00185184],1,-1.0,[-0.5613787  -0.00158088],0
5,[-0.5613787  -0.00158088],1,-1.0,[-0.56267685 -0.00129814],0
5,[-0.56267685 -0.00129814],1,-1.0,[-0.56368256 -0.00100572],0
5,[-0.56368256 -0.00100572],1,-1.0,[-0.5643884  -0.00070582],0
5,[-0.5643884  -0.00070582],1,-1.0,[-5.6478906e-01 -4.0066009e-04],0
5,[-5.6478906e-01 -4.0066009e-04],1,-1.0,[-5.6488156e-01 -9.2518552e-05],0
5,[-5.6488156e-01 -9.2518552e-05],1,-1.0,[-5.6466526e-01  2.1631157e-04],0
5,[-5.6466526e-01  2.1631157e-04],1,-1.0,[-5.6414175e-01  5.2353175e-04],0
5,[-5.6414175e-01  5.2353175e-04],1,-1.0,[-0.56331486  0.00082685],0
5,[-0.56331486  0.00082685],1,-1.0,[-0.5621909   0.00112402],0
5,[-0.5621909   0.00112402],1,-1.0,[-0.560778    0.00141282],0
5,[-0.560778    0.00141282],1,-1.0,[-0.559087    0.00169108],0
5,[-0.559087    0.00169108],1,-1.0,[-0.5571302   0.00195674],0
5,[-0.5571302   0.00195674],1,-1.0,[-0.5549224  0.0022078],0
5,[-0.5549224  0.0022078],1,-1.0,[-0.55248004  0.00244239],0
5,[-0.55248004  0.00244239],1,-1.0,[-0.5498213   0.00265872],0
5,[-0.5498213   0.00265872],1,-1.0,[-0.54696614  0.00285519],0
5,[-0.54696614  0.00285519],1,-1.0,[-0.54393584  0.0030303 ],0
5,[-0.54393584  0.0030303 ],1,-1.0,[-0.54075307  0.00318273],0
5,[-0.54075307  0.00318273],1,-1.0,[-0.53744173  0.00331134],0
5,[-0.53744173  0.00331134],1,-1.0,[-0.5340266   0.00341513],0
5,[-0.5340266   0.00341513],1,-1.0,[-0.5305333   0.00349332],0
5,[-0.5305333   0.00349332],1,-1.0,[-0.52698797  0.00354533],0
5,[-0.52698797  0.00354533],1,-1.0,[-0.52341723  0.00357075],0
5,[-0.52341723  0.00357075],1,-1.0,[-0.5198478   0.00356939],0
5,[-0.5198478   0.00356939],1,-1.0,[-0.5163066   0.00354125],0
5,[-0.5163066   0.00354125],1,-1.0,[-0.51282     0.00348657],0
5,[-0.51282     0.00348657],1,-1.0,[-0.50941426  0.00340574],0
5,[-0.50941426  0.00340574],1,-1.0,[-0.5061149   0.00329939],0
5,[-0.5061149   0.00329939],1,-1.0,[-0.50294656  0.00316832],0
5,[-0.50294656  0.00316832],1,-1.0,[-0.49993303  0.00301353],0
5,[-0.49993303  0.00301353],1,-1.0,[-0.49709687  0.00283618],0
5,[-0.49709687  0.00283618],1,-1.0,[-0.49445924  0.00263763],0
5,[-0.49445924  0.00263763],1,-1.0,[-0.49203986  0.00241936],0
5,[-0.49203986  0.00241936],1,-1.0,[-0.48985684  0.00218302],0
5,[-0.48985684  0.00218302],1,-1.0,[-0.48792645  0.00193039],0
5,[-0.48792645  0.00193039],1,-1.0,[-0.4862631   0.00166336],0
5,[-0.4862631   0.00166336],1,-1.0,[-0.48487917  0.00138392],0
5,[-0.48487917  0.00138392],1,-1.0,[-0.483785    0.00109418],0
5,[-0.483785    0.00109418],1,-1.0,[-0.48298872  0.00079629],0
5,[-0.48298872  0.00079629],1,-1.0,[-0.48249623  0.00049246],0
5,[-0.48249623  0.00049246],1,-1.0,[-4.8231128e-01  1.8497532e-04],0
5,[-4.8231128e-01  1.8497532e-04],1,-1.0,[-4.8243517e-01 -1.2388980e-04],0
5,[-4.8243517e-01 -1.2388980e-04],1,-1.0,[-4.8286700e-01 -4.3183283e-04],0
5,[-4.8286700e-01 -4.3183283e-04],1,-1.0,[-0.48360357 -0.00073656],0
5,[-0.48360357 -0.00073656],1,-1.0,[-0.48463935 -0.00103581],0
5,[-0.48463935 -0.00103581],1,-1.0,[-0.48596668 -0.00132734],0
5,[-0.48596668 -0.00132734],1,-1.0,[-0.48757568 -0.00160898],0
5,[-0.48757568 -0.00160898],1,-1.0,[-0.4894543  -0.00187863],0
5,[-0.4894543  -0.00187863],1,-1.0,[-0.49158856 -0.00213426],0
5,[-0.49158856 -0.00213426],1,-1.0,[-0.49396253 -0.00237397],0
5,[-0.49396253 -0.00237397],1,-1.0,[-0.4965585  -0.00259595],0
5,[-0.4965585  -0.00259595],1,-1.0,[-0.499357   -0.00279853],0
5,[-0.499357   -0.00279853],1,-1.0,[-0.5023372  -0.00298018],0
5,[-0.5023372  -0.00298018],1,-1.0,[-0.5054767  -0.00313954],0
5,[-0.5054767  -0.00313954],1,-1.0,[-0.5087521  -0.00327538],0
5,[-0.5087521  -0.00327538],1,-1.0,[-0.5121388 -0.0033867],0
5,[-0.5121388 -0.0033867],1,-1.0,[-0.51561147 -0.00347263],0
5,[-0.51561147 -0.00347263],1,-1.0,[-0.519144   -0.00353253],0
5,[-0.519144   -0.00353253],1,-1.0,[-0.5227099  -0.00356594],0
5,[-0.5227099  -0.00356594],1,-1.0,[-0.5262825  -0.00357261],0
5,[-0.5262825  -0.00357261],1,-1.0,[-0.529835   -0.00355248],0
5,[-0.529835   -0.00355248],1,-1.0,[-0.5333407  -0.00350571],0
5,[-0.5333407  -0.00350571],1,-1.0,[-0.5367734  -0.00343266],0
5,[-0.5367734  -0.00343266],1,-1.0,[-0.54010725 -0.00333387],0
5,[-0.54010725 -0.00333387],1,-1.0,[-0.5433173  -0.00321011],0
5,[-0.5433173  -0.00321011],1,-1.0,[-0.5463796  -0.00306231],0
5,[-0.5463796  -0.00306231],1,-1.0,[-0.5492712  -0.00289158],0
5,[-0.5492712  -0.00289158],1,-1.0,[-0.5519705  -0.00269923],0
5,[-0.5519705  -0.00269923],1,-1.0,[-0.5544571 -0.0024867],0
5,[-0.5544571 -0.0024867],1,-1.0,[-0.55671275 -0.00225559],0
5,[-0.55671275 -0.00225559],1,-1.0,[-0.5587204  -0.00200764],0
5,[-0.5587204  -0.00200764],1,-1.0,[-0.5604651  -0.00174472],0
5,[-0.5604651  -0.00174472],1,-1.0,[-0.5619339  -0.00146879],0
5,[-0.5619339  -0.00146879],1,-1.0,[-0.5631158  -0.00118191],0
5,[-0.5631158  -0.00118191],1,-1.0,[-0.56400204 -0.00088622],0
5,[-0.56400204 -0.00088622],1,-1.0,[-0.564586   -0.00058394],0
5,[-0.564586   -0.00058394],1,-1.0,[-5.6486326e-01 -2.7730854e-04],0
5,[-5.6486326e-01 -2.7730854e-04],1,-1.0,[-5.6483185e-01  3.1385272e-05],0
5,[-5.6483185e-01  3.1385272e-05],1,-1.0,[-5.6449205e-01  3.3984552e-04],0
5,[-5.6449205e-01  3.3984552e-04],1,-1.0,[-0.56384623  0.00064578],0
5,[-0.56384623  0.00064578],1,-1.0,[-0.56289935  0.0009469 ],0
5,[-0.56289935  0.0009469 ],1,-1.0,[-0.5616584   0.00124097],0
5,[-0.5616584   0.00124097],1,-1.0,[-0.56013256  0.0015258 ],0
5,[-0.56013256  0.0015258 ],1,-1.0,[-0.55833334  0.00179925],0
5,[-0.55833334  0.00179925],1,-1.0,[-0.55627406  0.00205929],0
5,[-0.55627406  0.00205929],1,-1.0,[-0.5539701   0.00230396],0
5,[-0.5539701   0.00230396],1,-1.0,[-0.5514386   0.00253143],0
5,[-0.5514386   0.00253143],1,-1.0,[-0.54869866  0.00273999],0
5,[-0.54869866  0.00273999],1,-1.0,[-0.5457706   0.00292806],0
5,[-0.5457706   0.00292806],1,-1.0,[-0.5426764   0.00309423],0
5,[-0.5426764   0.00309423],1,-1.0,[-0.53943914  0.00323723],0
5,[-0.53943914  0.00323723],1,-1.0,[-0.53608316  0.00335599],0
5,[-0.53608316  0.00335599],1,-1.0,[-0.53263354  0.0034496 ],0
5,[-0.53263354  0.0034496 ],1,-1.0,[-0.5291162   0.00351735],0
5,[-0.5291162   0.00351735],1,-1.0,[-0.52555746  0.00355873],0
5,[-0.52555746  0.00355873],1,-1.0,[-0.52198404  0.00357342],0
5,[-0.52198404  0.00357342],1,-1.0,[-0.5184227   0.00356131],0
5,[-0.5184227   0.00356131],1,-1.0,[-0.5149002   0.00352249],0
5,[-0.5149002   0.00352249],1,-1.0,[-0.51144296  0.00345726],0
5,[-0.51144296  0.00345726],1,-1.0,[-0.50807685  0.00336611],0
5,[-0.50807685  0.00336611],1,-1.0,[-0.50482714  0.00324974],0
5,[-0.50482714  0.00324974],1,-1.0,[-0.5017181   0.00310903],0
5,[-0.5017181   0.00310903],1,-1.0,[-0.49877307  0.00294504],0
5,[-0.49877307  0.00294504],1,-1.0,[-0.49601403  0.00275902],0
5,[-0.49601403  0.00275902],1,-1.0,[-0.49346167  0.00255237],0
5,[-0.49346167  0.00255237],1,-1.0,[-0.49113503  0.00232665],0
5,[-0.49113503  0.00232665],1,-1.0,[-0.48905146  0.00208356],0
5,[-0.48905146  0.00208356],1,-1.0,[-0.48722655  0.00182491],0
5,[-0.48722655  0.00182491],1,-1.0,[-0.48567387  0.00155266],0
5,[-0.48567387  0.00155266],1,-1.0,[-0.48440504  0.00126884],0
5,[-0.48440504  0.00126884],1,-1.0,[-0.4834295   0.00097556],0
5,[-0.4834295   0.00097556],1,-1.0,[-0.48275447  0.00067502],0
5,[-0.48275447  0.00067502],1,-1.0,[-4.8238501e-01  3.6945657e-04],0
5,[-4.8238501e-01  3.6945657e-04],1,-1.0,[-4.8232386e-01  6.1140207e-05],0
5,[-4.8232386e-01  6.1140207e-05],1,-1.0,[-4.8257148e-01 -2.4763119e-04],0
5,[-4.8257148e-01 -2.4763119e-04],1,-1.0,[-0.48312604 -0.00055456],0
5,[-0.48312604 -0.00055456],1,-1.0,[-0.4839834  -0.00085736],0
5,[-0.4839834  -0.00085736],1,-1.0,[-0.4851372  -0.00115378],0
5,[-0.4851372  -0.00115378],1,-1.0,[-0.4865788 -0.0014416],0
5,[-0.4865788 -0.0014416],1,-1.0,[-0.48829746 -0.00171868],0
5,[-0.48829746 -0.00171868],1,-1.0,[-0.49028042 -0.00198294],0
5,[-0.49028042 -0.00198294],1,-1.0,[-0.49251282 -0.00223241],0
5,[-0.49251282 -0.00223241],1,-1.0,[-0.49497804 -0.00246522],0
5,[-0.49497804 -0.00246522],1,-1.0,[-0.49765766 -0.00267961],0
5,[-0.49765766 -0.00267961],1,-1.0,[-0.5005316  -0.00287398],0
5,[-0.5005316  -0.00287398],1,-1.0,[-0.5035785  -0.00304684],0
5,[-0.5035785  -0.00304684],1,-1.0,[-0.5067754 -0.0031969],0
5,[-0.5067754 -0.0031969],1,-1.0,[-0.5100984  -0.00332303],0
5,[-0.5100984  -0.00332303],1,-1.0,[-0.5135226  -0.00342425],0
5,[-0.5135226  -0.00342425],1,-1.0,[-0.51702243 -0.00349981],0
5,[-0.51702243 -0.00349981],1,-1.0,[-0.5205716  -0.00354913],0
5,[-0.5205716  -0.00354913],1,-1.0,[-0.5241434  -0.00357183],0
5,[-0.5241434  -0.00357183],1,-1.0,[-0.52771115 -0.00356775],0
5,[-0.52771115 -0.00356775],1,-1.0,[-0.5312481  -0.00353691],0
5,[-0.5312481  -0.00353691],1,-1.0,[-0.53472763 -0.00347954],0
5,[-0.53472763 -0.00347954],1,-1.0,[-0.5381237  -0.00339609],0
5,[-0.5381237  -0.00339609],1,-1.0,[-0.54141086 -0.00328719],0
5,[-0.54141086 -0.00328719],1,-1.0,[-0.54456455 -0.00315366],0
5,[-0.54456455 -0.00315366],1,-1.0,[-0.54756105 -0.00299652],0
5,[-0.54756105 -0.00299652],1,-1.0,[-0.550378   -0.00281696],0
5,[-0.550378   -0.00281696],1,-1.0,[-0.5529944  -0.00261633],0
5,[-0.5529944  -0.00261633],1,-1.0,[-0.55539054 -0.00239615],0
5,[-0.55539054 -0.00239615],1,-1.0,[-0.5575486  -0.00215807],0
5,[-0.5575486  -0.00215807],1,-1.0,[-0.5594525  -0.00190389],0
5,[-0.5594525  -0.00190389],1,-1.0,[-0.56108797 -0.0016355 ],0
5,[-0.56108797 -0.0016355 ],1,-1.0,[-0.5624429  -0.00135493],0
5,[-0.5624429  -0.00135493],1,-1.0,[-0.56350714 -0.00106425],0
5,[-0.56350714 -0.00106425],1,-1.0,[-0.5642728  -0.00076566],0
5,[-0.5642728  -0.00076566],1,-1.0,[-5.6473416e-01 -4.6135782e-04],0
5,[-5.6473416e-01 -4.6135782e-04],1,-1.0,[-5.6488782e-01 -1.5362486e-04],0
5,[-5.6488782e-01 -1.5362486e-04],1,-1.0,[-5.6473255e-01  1.5525152e-04],0
5,[-5.6473255e-01  1.5525152e-04],1,-1.0,[-5.6426954e-01  4.6297238e-04],0
5,[-5.6426954e-01  4.6297238e-04],1,-1.0,[-0.5635023   0.00076725],0
5,[-0.5635023   0.00076725],1,-1.0,[-0.5624365   0.00106581],0
5,[-0.5624365   0.00106581],1,-1.0,[-0.5610801   0.00135643],0
5,[-0.5610801   0.00135643],1,-1.0,[-0.5594431   0.00163695],0
5,[-0.5594431   0.00163695],1,-1.0,[-0.55753785  0.00190527],0
5,[-0.55753785  0.00190527],1,-1.0,[-0.5553785   0.00215937],0
5,[-0.5553785   0.00215937],1,-1.0,[-0.55298114  0.00239736],0
5,[-0.55298114  0.00239736],1,-1.0,[-0.5503637   0.00261744],0
5,[-0.5503637   0.00261744],1,-1.0,[-0.54754573  0.00281796],0
5,[-0.54754573  0.00281796],1,-1.0,[-0.54454833  0.00299741],0
5,[-0.54454833  0.00299741],1,-1.0,[-0.5413939   0.00315443],0
5,[-0.5413939   0.00315443],1,-1.0,[-0.5381061   0.00328783],0
5,[-0.5381061   0.00328783],1,-1.0,[-0.53470945  0.0033966 ],0
5,[-0.53470945  0.0033966 ],1,-1.0,[-0.53122956  0.00347991],0
5,[-0.53122956  0.00347991],1,-1.0,[-0.52769244  0.00353714],0
5,[-0.52769244  0.00353714],1,-1.0,[-0.52412456  0.00356784],0
5,[-0.52412456  0.00356784],1,-1.0,[-0.5205528   0.00357178],1
6,"(array([-0.4426744,  0.       ], dtype=float32), {})",1,-1.0,[-0.4432754  -0.00060099],0
6,[-0.4432754  -0.00060099],1,-1.0,[-0.444473  -0.0011976],0
6,[-0.444473  -0.0011976],1,-1.0,[-0.4462585  -0.00178549],0
6,[-0.4462585  -0.00178549],1,-1.0,[-0.44861883 -0.00236035],0
6,[-0.44861883 -0.00236035],1,-1.0,[-0.4515368  -0.00291797],0
6,[-0.4515368  -0.00291797],1,-1.0,[-0.45499104 -0.00345423],0
6,[-0.45499104 -0.00345423],1,-1.0,[-0.45895618 -0.00396516],0
6,[-0.45895618 -0.00396516],1,-1.0,[-0.46340314 -0.00444695],0
6,[-0.46340314 -0.00444695],1,-1.0,[-0.46829912 -0.00489597],0
6,[-0.46829912 -0.00489597],1,-1.0,[-0.47360793 -0.00530882],0
6,[-0.47360793 -0.00530882],1,-1.0,[-0.47929028 -0.00568234],0
6,[-0.47929028 -0.00568234],1,-1.0,[-0.48530397 -0.00601368],0
6,[-0.48530397 -0.00601368],1,-1.0,[-0.4916042  -0.00630026],0
6,[-0.4916042  -0.00630026],1,-1.0,[-0.49814406 -0.00653985],0
6,[-0.49814406 -0.00653985],1,-1.0,[-0.50487465 -0.00673058],0
6,[-0.50487465 -0.00673058],1,-1.0,[-0.5117456  -0.00687093],0
6,[-0.5117456  -0.00687093],1,-1.0,[-0.51870537 -0.00695981],0
6,[-0.51870537 -0.00695981],1,-1.0,[-0.5257019  -0.00699651],0
6,[-0.5257019  -0.00699651],1,-1.0,[-0.53268266 -0.00698074],0
6,[-0.53268266 -0.00698074],1,-1.0,[-0.53959525 -0.00691262],0
6,[-0.53959525 -0.00691262],1,-1.0,[-0.5463879  -0.00679269],0
6,[-0.5463879  -0.00679269],1,-1.0,[-0.55300987 -0.0066219 ],0
6,[-0.55300987 -0.0066219 ],1,-1.0,[-0.55941147 -0.00640161],0
6,[-0.55941147 -0.00640161],1,-1.0,[-0.56554496 -0.00613353],0
6,[-0.56554496 -0.00613353],1,-1.0,[-0.57136476 -0.00581976],0
6,[-0.57136476 -0.00581976],1,-1.0,[-0.57682747 -0.00546274],0
6,[-0.57682747 -0.00546274],1,-1.0,[-0.5818927  -0.00506522],0
6,[-0.5818927  -0.00506522],1,-1.0,[-0.58652294 -0.00463024],0
6,[-0.58652294 -0.00463024],1,-1.0,[-0.59068406 -0.00416111],0
6,[-0.59068406 -0.00416111],1,-1.0,[-0.5943454  -0.00366136],0
6,[-0.5943454  -0.00366136],1,-1.0,[-0.5974802  -0.00313473],0
6,[-0.5974802  -0.00313473],1,-1.0,[-0.6000653  -0.00258515],0
6,[-0.6000653  -0.00258515],1,-1.0,[-0.60208195 -0.00201667],0
6,[-0.60208195 -0.00201667],1,-1.0,[-0.60351545 -0.00143347],0
6,[-0.60351545 -0.00143347],1,-1.0,[-0.6043553  -0.00083982],0
6,[-0.6043553  -0.00083982],1,-1.0,[-6.0459530e-01 -2.4005088e-04],0
6,[-6.0459530e-01 -2.4005088e-04],1,-1.0,[-6.0423386e-01  3.6146273e-04],0
6,[-6.0423386e-01  3.6146273e-04],1,-1.0,[-0.6032735   0.00096034],0
6,[-0.6032735   0.00096034],1,-1.0,[-0.6017213   0.00155223],0
6,[-0.6017213   0.00155223],1,-1.0,[-0.59958845  0.0021328 ],0
6,[-0.59958845  0.0021328 ],1,-1.0,[-0.5968907  0.0026978],0
6,[-0.5968907  0.0026978],1,-1.0,[-0.5936476   0.00324307],0
6,[-0.5936476   0.00324307],1,-1.0,[-0.589883    0.00376458],0
6,[-0.589883    0.00376458],1,-1.0,[-0.5856246   0.00425844],0
6,[-0.5856246   0.00425844],1,-1.0,[-0.5809036   0.00472095],0
6,[-0.5809036   0.00472095],1,-1.0,[-0.575755    0.00514863],0
6,[-0.575755    0.00514863],1,-1.0,[-0.5702168  0.0055382],0
6,[-0.5702168  0.0055382],1,-1.0,[-0.5643301  0.0058867],0
6,[-0.5643301  0.0058867],1,-1.0,[-0.55813867  0.00619143],0
6,[-0.55813867  0.00619143],1,-1.0,[-0.5516887   0.00645001],0
6,[-0.5516887   0.00645001],1,-1.0,[-0.5450282   0.00666044],0
6,[-0.5450282   0.00666044],1,-1.0,[-0.5382072   0.00682105],0
6,[-0.5382072   0.00682105],1,-1.0,[-0.5312766   0.00693057],0
6,[-0.5312766   0.00693057],1,-1.0,[-0.5242884   0.00698815],0
6,[-0.5242884   0.00698815],1,-1.0,[-0.5172951   0.00699332],0
6,[-0.5172951   0.00699332],1,-1.0,[-0.5103491   0.00694605],0
6,[-0.5103491   0.00694605],1,-1.0,[-0.50350237  0.0068467 ],0
6,[-0.50350237  0.0068467 ],1,-1.0,[-0.4968063   0.00669607],0
6,[-0.4968063   0.00669607],1,-1.0,[-0.49031094  0.00649534],0
6,[-0.49031094  0.00649534],1,-1.0,[-0.48406485  0.0062461 ],0
6,[-0.48406485  0.0062461 ],1,-1.0,[-0.47811455  0.00595029],0
6,[-0.47811455  0.00595029],1,-1.0,[-0.47250435  0.00561022],0
6,[-0.47250435  0.00561022],1,-1.0,[-0.46727583  0.00522851],0
6,[-0.46727583  0.00522851],1,-1.0,[-0.46246773  0.00480809],0
6,[-0.46246773  0.00480809],1,-1.0,[-0.45811558  0.00435218],0
6,[-0.45811558  0.00435218],1,-1.0,[-0.45425135  0.0038642 ],0
6,[-0.45425135  0.0038642 ],1,-1.0,[-0.4509035   0.00334784],0
6,[-0.4509035   0.00334784],1,-1.0,[-0.44809657  0.00280694],0
6,[-0.44809657  0.00280694],1,-1.0,[-0.4458511  0.0022455],0
6,[-0.4458511  0.0022455],1,-1.0,[-0.4441834   0.00166767],0
6,[-0.4441834   0.00166767],1,-1.0,[-0.44310573  0.00107767],0
6,[-0.44310573  0.00107767],1,-1.0,[-0.4426259   0.00047982],0
6,[-0.4426259   0.00047982],1,-1.0,[-4.4274744e-01 -1.2151796e-04],0
6,[-4.4274744e-01 -1.2151796e-04],1,-1.0,[-0.4434694  -0.00072197],0
6,[-0.4434694  -0.00072197],1,-1.0,[-0.44478658 -0.00131717],0
6,[-0.44478658 -0.00131717],1,-1.0,[-0.44668937 -0.00190277],0
6,[-0.44668937 -0.00190277],1,-1.0,[-0.44916385 -0.00247449],0
6,[-0.44916385 -0.00247449],1,-1.0,[-0.45219198 -0.00302812],0
6,[-0.45219198 -0.00302812],1,-1.0,[-0.45575157 -0.00355959],0
6,[-0.45575157 -0.00355959],1,-1.0,[-0.4598165  -0.00406494],0
6,[-0.4598165  -0.00406494],1,-1.0,[-0.46435687 -0.00454039],0
6,[-0.46435687 -0.00454039],1,-1.0,[-0.46933925 -0.00498237],0
6,[-0.46933925 -0.00498237],1,-1.0,[-0.47472677 -0.00538752],0
6,[-0.47472677 -0.00538752],1,-1.0,[-0.4804795  -0.00575275],0
6,[-0.4804795  -0.00575275],1,-1.0,[-0.48655474 -0.00607524],0
6,[-0.48655474 -0.00607524],1,-1.0,[-0.49290726 -0.0063525 ],0
6,[-0.49290726 -0.0063525 ],1,-1.0,[-0.4994896  -0.00658236],0
6,[-0.4994896  -0.00658236],1,-1.0,[-0.50625265 -0.00676302],0
6,[-0.50625265 -0.00676302],1,-1.0,[-0.5131457  -0.00689306],0
6,[-0.5131457  -0.00689306],1,-1.0,[-0.52011716 -0.00697144],0
6,[-0.52011716 -0.00697144],1,-1.0,[-0.5271147  -0.00699756],0
6,[-0.5271147  -0.00699756],1,-1.0,[-0.53408587 -0.00697119],0
6,[-0.53408587 -0.00697119],1,-1.0,[-0.54097843 -0.00689255],0
6,[-0.54097843 -0.00689255],1,-1.0,[-0.5477407  -0.00676226],0
6,[-0.5477407  -0.00676226],1,-1.0,[-0.55432206 -0.00658135],0
6,[-0.55432206 -0.00658135],1,-1.0,[-0.5606733  -0.00635125],0
6,[-0.5606733  -0.00635125],1,-1.0,[-0.56674707 -0.00607377],0
6,[-0.56674707 -0.00607377],1,-1.0,[-0.57249814 -0.00575106],0
6,[-0.57249814 -0.00575106],1,-1.0,[-0.5778838  -0.00538563],0
6,[-0.5778838  -0.00538563],1,-1.0,[-0.58286405 -0.00498029],0
6,[-0.58286405 -0.00498029],1,-1.0,[-0.58740216 -0.00453814],0
6,[-0.58740216 -0.00453814],1,-1.0,[-0.5914647  -0.00406253],0
6,[-0.5914647  -0.00406253],1,-1.0,[-0.5950217  -0.00355704],0
6,[-0.5950217  -0.00355704],1,-1.0,[-0.5980472  -0.00302546],0
6,[-0.5980472  -0.00302546],1,-1.0,[-0.60051894 -0.00247173],0
6,[-0.60051894 -0.00247173],1,-1.0,[-0.60241884 -0.00189993],0
6,[-0.60241884 -0.00189993],1,-1.0,[-0.6037331  -0.00131427],0
6,[-0.6037331  -0.00131427],1,-1.0,[-0.6044522  -0.00071904],0
6,[-0.6044522  -0.00071904],1,-1.0,[-6.0457075e-01 -1.1856772e-04],0
6,[-6.0457075e-01 -1.1856772e-04],1,-1.0,[-6.0408801e-01  4.8276718e-04],0
6,[-6.0408801e-01  4.8276718e-04],1,-1.0,[-0.6030074   0.00108059],0
6,[-0.6030074   0.00108059],1,-1.0,[-0.60133684  0.00167053],0
6,[-0.60133684  0.00167053],1,-1.0,[-0.59908855  0.0022483 ],0
6,[-0.59908855  0.0022483 ],1,-1.0,[-0.5962789   0.00280965],0
6,[-0.5962789   0.00280965],1,-1.0,[-0.59292847  0.00335044],0
6,[-0.59292847  0.00335044],1,-1.0,[-0.5890618   0.00386667],0
6,[-0.5890618   0.00386667],1,-1.0,[-0.5847073   0.00435449],0
6,[-0.5847073   0.00435449],1,-1.0,[-0.57989705  0.00481024],0
6,[-0.57989705  0.00481024],1,-1.0,[-0.5746666   0.00523048],0
6,[-0.5746666   0.00523048],1,-1.0,[-0.5690546   0.00561199],0
6,[-0.5690546   0.00561199],1,-1.0,[-0.5631028   0.00595185],0
6,[-0.5631028   0.00595185],1,-1.0,[-0.5568553   0.00624744],0
6,[-0.5568553   0.00624744],1,-1.0,[-0.5503589   0.00649645],0
6,[-0.5503589   0.00649645],1,-1.0,[-0.54366195  0.00669693],0
6,[-0.54366195  0.00669693],1,-1.0,[-0.53681463  0.00684732],0
6,[-0.53681463  0.00684732],1,-1.0,[-0.5298682   0.00694641],0
6,[-0.5298682   0.00694641],1,-1.0,[-0.5228748   0.00699343],0
6,[-0.5228748   0.00699343],1,-1.0,[-0.5158868  0.006988 ],0
6,[-0.5158868  0.006988 ],1,-1.0,[-0.5089566   0.00693016],0
6,[-0.5089566   0.00693016],1,-1.0,[-0.50213623  0.00682038],0
6,[-0.50213623  0.00682038],1,-1.0,[-0.49547672  0.00665952],0
6,[-0.49547672  0.00665952],1,-1.0,[-0.48902786  0.00644886],0
6,[-0.48902786  0.00644886],1,-1.0,[-0.48283783  0.00619004],0
6,[-0.48283783  0.00619004],1,-1.0,[-0.47695273  0.0058851 ],0
6,[-0.47695273  0.0058851 ],1,-1.0,[-0.47141632  0.00553639],0
6,[-0.47141632  0.00553639],1,-1.0,[-0.4662697   0.00514662],0
6,[-0.4662697   0.00514662],1,-1.0,[-0.46155095  0.00471877],0
6,[-0.46155095  0.00471877],1,-1.0,[-0.45729485  0.00425609],0
6,[-0.45729485  0.00425609],1,-1.0,[-0.45353276  0.00376209],0
6,[-0.45353276  0.00376209],1,-1.0,[-0.45029232  0.00324045],0
6,[-0.45029232  0.00324045],1,-1.0,[-0.44759724  0.00269507],0
6,[-0.44759724  0.00269507],1,-1.0,[-0.44546726  0.00212999],0
6,[-0.44546726  0.00212999],1,-1.0,[-0.4439179   0.00154935],0
6,[-0.4439179   0.00154935],1,-1.0,[-0.44296047  0.00095742],0
6,[-0.44296047  0.00095742],1,-1.0,[-4.4260195e-01  3.5851591e-04],0
6,[-4.4260195e-01  3.5851591e-04],1,-1.0,[-4.4284496e-01 -2.4299983e-04],0
6,[-4.4284496e-01 -2.4299983e-04],1,-1.0,[-0.4436877  -0.00084275],0
6,[-0.4436877  -0.00084275],1,-1.0,[-0.44512406 -0.00143636],0
6,[-0.44512406 -0.00143636],1,-1.0,[-0.44714355 -0.00201949],0
6,[-0.44714355 -0.00201949],1,-1.0,[-0.44973144 -0.00258789],0
6,[-0.44973144 -0.00258789],1,-1.0,[-0.45286882 -0.00313738],0
6,[-0.45286882 -0.00313738],1,-1.0,[-0.45653272 -0.00366388],0
6,[-0.45653272 -0.00366388],1,-1.0,[-0.4606962  -0.00416349],0
6,[-0.4606962  -0.00416349],1,-1.0,[-0.46532866 -0.00463246],0
6,[-0.46532866 -0.00463246],1,-1.0,[-0.47039592 -0.00506726],0
6,[-0.47039592 -0.00506726],1,-1.0,[-0.4758605  -0.00546459],0
6,[-0.4758605  -0.00546459],1,-1.0,[-0.4816819  -0.00582141],0
6,[-0.4816819  -0.00582141],1,-1.0,[-0.48781687 -0.00613496],0
6,[-0.48781687 -0.00613496],1,-1.0,[-0.4942197  -0.00640281],0
6,[-0.4942197  -0.00640281],1,-1.0,[-0.5008426  -0.00662286],0
6,[-0.5008426  -0.00662286],1,-1.0,[-0.50763595 -0.0067934 ],0
6,[-0.50763595 -0.0067934 ],1,-1.0,[-0.514549   -0.00691308],0
6,[-0.514549   -0.00691308],1,-1.0,[-0.52153    -0.00698094],0
6,[-0.52153    -0.00698094],1,-1.0,[-0.5285264  -0.00699646],0
6,[-0.5285264  -0.00699646],1,-1.0,[-0.5354859 -0.0069595],0
6,[-0.5354859 -0.0069595],1,-1.0,[-0.5423563  -0.00687037],0
6,[-0.5423563  -0.00687037],1,-1.0,[-0.54908603 -0.00672976],0
6,[-0.54908603 -0.00672976],1,-1.0,[-0.55562484 -0.00653879],0
6,[-0.55562484 -0.00653879],1,-1.0,[-0.5619238  -0.00629897],0
6,[-0.5619238  -0.00629897],1,-1.0,[-0.567936   -0.00601216],0
6,[-0.567936   -0.00601216],1,-1.0,[-0.5736166  -0.00568061],0
6,[-0.5736166  -0.00568061],1,-1.0,[-0.57892346 -0.00530689],0
6,[-0.57892346 -0.00530689],1,-1.0,[-0.58381736 -0.00489385],0
6,[-0.58381736 -0.00489385],1,-1.0,[-0.588262   -0.00444467],0
6,[-0.588262   -0.00444467],1,-1.0,[-0.5922247  -0.00396273],0
6,[-0.5922247  -0.00396273],1,-1.0,[-0.59567636 -0.00345166],0
6,[-0.59567636 -0.00345166],1,-1.0,[-0.5985917  -0.00291528],0
6,[-0.5985917  -0.00291528],1,-1.0,[-0.6009492  -0.00235757],0
6,[-0.6009492  -0.00235757],1,-1.0,[-0.6027319  -0.00178263],0
6,[-0.6027319  -0.00178263],1,-1.0,[-0.60392654 -0.00119469],0
6,[-0.60392654 -0.00119469],1,-1.0,[-6.045246e-01 -5.980483e-04],0
6,[-6.045246e-01 -5.980483e-04],1,-1.0,[-6.0452163e-01  2.9506707e-06],0
6,[-6.0452163e-01  2.9506707e-06],1,-1.0,[-0.6039177   0.00060393],0
6,[-0.6039177   0.00060393],1,-1.0,[-0.6027172   0.00120051],0
6,[-0.6027172   0.00120051],1,-1.0,[-0.6009289   0.00178834],0
6,[-0.6009289   0.00178834],1,-1.0,[-0.59856576  0.00236313],0
6,[-0.59856576  0.00236313],1,-1.0,[-0.5956451   0.00292065],0
6,[-0.5956451   0.00292065],1,-1.0,[-0.5921883  0.0034568],0
6,[-0.5921883  0.0034568],1,-1.0,[-0.5882207  0.0039676],0
6,[-0.5882207  0.0039676],1,-1.0,[-0.58377147  0.00444924],0
6,[-0.58377147  0.00444924],1,-1.0,[-0.5788734   0.00489808],0
6,[-0.5788734   0.00489808],1,-1.0,[-0.5735626   0.00531075],0
6,[-0.5735626   0.00531075],1,-1.0,[-0.56787854  0.00568407],0
6,[-0.56787854  0.00568407],1,-1.0,[-0.56186336  0.0060152 ],0
6,[-0.56186336  0.0060152 ],1,-1.0,[-0.55556184  0.00630155],0
6,[-0.55556184  0.00630155],1,-1.0,[-0.5490209   0.00654091],0
6,[-0.5490209   0.00654091],1,-1.0,[-0.5422895   0.00673139],0
6,[-0.5422895   0.00673139],1,-1.0,[-0.53541803  0.00687149],0
6,[-0.53541803  0.00687149],1,-1.0,[-0.5284579   0.00696012],0
6,[-0.5284579   0.00696012],1,-1.0,[-0.52146137  0.00699656],1
7,"(array([-0.5292159,  0.       ], dtype=float32), {})",1,-1.0,[-5.2917379e-01  4.2126387e-05],0
7,[-5.2917379e-01  4.2126387e-05],1,-1.0,[-5.2908981e-01  8.3936866e-05],0
7,[-5.2908981e-01  8.3936866e-05],1,-1.0,[-5.289647e-01  1.251179e-04],0
7,[-5.289647e-01  1.251179e-04],1,-1.0,[-5.2879936e-01  1.6536069e-04],0
7,[-5.2879936e-01  1.6536069e-04],1,-1.0,[-5.2859497e-01  2.0436343e-04],0
7,[-5.2859497e-01  2.0436343e-04],1,-1.0,[-5.2835315e-01  2.4183361e-04],0
7,[-5.2835315e-01  2.4183361e-04],1,-1.0,[-5.2807564e-01  2.7749024e-04],0
7,[-5.2807564e-01  2.7749024e-04],1,-1.0,[-5.277646e-01  3.110659e-04],0
7,[-5.277646e-01  3.110659e-04],1,-1.0,[-5.2742231e-01  3.4230875e-04],0
7,[-5.2742231e-01  3.4230875e-04],1,-1.0,[-5.2705133e-01  3.7098446e-04],0
7,[-5.2705133e-01  3.7098446e-04],1,-1.0,[-5.2665442e-01  3.9687796e-04],0
7,[-5.2665442e-01  3.9687796e-04],1,-1.0,[-5.2623463e-01  4.1979502e-04],0
7,[-5.2623463e-01  4.1979502e-04],1,-1.0,[-5.2579504e-01  4.3956374e-04],0
7,[-5.2579504e-01  4.3956374e-04],1,-1.0,[-5.253390e-01  4.560358e-04],0
7,[-5.253390e-01  4.560358e-04],1,-1.0,[-5.2486992e-01  4.6908768e-04],0
7,[-5.2486992e-01  4.6908768e-04],1,-1.0,[-5.2439129e-01  4.7862143e-04],0
7,[-5.2439129e-01  4.7862143e-04],1,-1.0,[-5.2390677e-01  4.8456553e-04],0
7,[-5.2390677e-01  4.8456553e-04],1,-1.0,[-5.2341986e-01  4.8687539e-04],0
7,[-5.2341986e-01  4.8687539e-04],1,-1.0,[-5.2293438e-01  4.8553367e-04],0
7,[-5.2293438e-01  4.8553367e-04],1,-1.0,[-5.224538e-01  4.805505e-04],0
7,[-5.224538e-01  4.805505e-04],1,-1.0,[-5.2198184e-01  4.7196317e-04],0
7,[-5.2198184e-01  4.7196317e-04],1,-1.0,[-5.2152199e-01  4.5983616e-04],0
7,[-5.2152199e-01  4.5983616e-04],1,-1.0,[-5.2107775e-01  4.4426043e-04],0
7,[-5.2107775e-01  4.4426043e-04],1,-1.0,[-5.2065241e-01  4.2535283e-04],0
7,[-5.2065241e-01  4.2535283e-04],1,-1.0,[-5.202491e-01  4.032552e-04],0
7,[-5.202491e-01  4.032552e-04],1,-1.0,[-5.1987100e-01  3.7813326e-04],0
7,[-5.1987100e-01  3.7813326e-04],1,-1.0,[-5.195208e-01  3.501755e-04],0
7,[-5.195208e-01  3.501755e-04],1,-1.0,[-5.192012e-01  3.195916e-04],0
7,[-5.192012e-01  3.195916e-04],1,-1.0,[-5.1891464e-01  2.8661097e-04],0
7,[-5.1891464e-01  2.8661097e-04],1,-1.0,[-5.1866311e-01  2.5148096e-04],0
7,[-5.1866311e-01  2.5148096e-04],1,-1.0,[-5.1844865e-01  2.1446504e-04],0
7,[-5.1844865e-01  2.1446504e-04],1,-1.0,[-5.1827282e-01  1.7584079e-04],0
7,[-5.1827282e-01  1.7584079e-04],1,-1.0,[-5.1813692e-01  1.3589792e-04],0
7,[-5.1813692e-01  1.3589792e-04],1,-1.0,[-5.1804197e-01  9.4935938e-05],0
7,[-5.1804197e-01  9.4935938e-05],1,-1.0,[-5.1798874e-01  5.3262032e-05],0
7,[-5.1798874e-01  5.3262032e-05],1,-1.0,[-5.1797754e-01  1.1188724e-05],0
7,[-5.1797754e-01  1.1188724e-05],1,-1.0,[-5.1800853e-01 -3.0968491e-05],0
7,[-5.1800853e-01 -3.0968491e-05],1,-1.0,[-5.1808143e-01 -7.2893476e-05],0
7,[-5.1808143e-01 -7.2893476e-05],1,-1.0,[-5.1819569e-01 -1.1427183e-04],0
7,[-5.1819569e-01 -1.1427183e-04],1,-1.0,[-5.1835048e-01 -1.5479326e-04],0
7,[-5.1835048e-01 -1.5479326e-04],1,-1.0,[-5.185446e-01 -1.941539e-04],0
7,[-5.185446e-01 -1.941539e-04],1,-1.0,[-5.1877671e-01 -2.3205855e-04],0
7,[-5.1877671e-01 -2.3205855e-04],1,-1.0,[-5.1904494e-01 -2.6822297e-04],0
7,[-5.1904494e-01 -2.6822297e-04],1,-1.0,[-5.1934731e-01 -3.0237588e-04],0
7,[-5.1934731e-01 -3.0237588e-04],1,-1.0,[-5.196816e-01 -3.342612e-04],0
7,[-5.196816e-01 -3.342612e-04],1,-1.0,[-5.2004516e-01 -3.6363973e-04],0
7,[-5.2004516e-01 -3.6363973e-04],1,-1.0,[-5.2043545e-01 -3.9029116e-04],0
7,[-5.2043545e-01 -3.9029116e-04],1,-1.0,[-5.2084947e-01 -4.1401552e-04],0
7,[-5.2084947e-01 -4.1401552e-04],1,-1.0,[-5.2128410e-01 -4.3463492e-04],0
7,[-5.2128410e-01 -4.3463492e-04],1,-1.0,[-5.2173615e-01 -4.5199462e-04],0
7,[-5.2173615e-01 -4.5199462e-04],1,-1.0,[-5.2220207e-01 -4.6596446e-04],0
7,[-5.2220207e-01 -4.6596446e-04],1,-1.0,[-5.2267855e-01 -4.7643957e-04],0
7,[-5.2267855e-01 -4.7643957e-04],1,-1.0,[-5.2316189e-01 -4.8334143e-04],0
7,[-5.2316189e-01 -4.8334143e-04],1,-1.0,[-5.2364850e-01 -4.8661826e-04],0
7,[-5.2364850e-01 -4.8661826e-04],1,-1.0,[-5.2413476e-01 -4.8624541e-04],0
7,[-5.2413476e-01 -4.8624541e-04],1,-1.0,[-5.2461696e-01 -4.8222573e-04],0
7,[-5.2461696e-01 -4.8222573e-04],1,-1.0,[-5.2509153e-01 -4.7458938e-04],0
7,[-5.2509153e-01 -4.7458938e-04],1,-1.0,[-5.2555496e-01 -4.6339363e-04],0
7,[-5.2555496e-01 -4.6339363e-04],1,-1.0,[-5.2600366e-01 -4.4872248e-04],0
7,[-5.2600366e-01 -4.4872248e-04],1,-1.0,[-5.2643436e-01 -4.3068599e-04],0
7,[-5.2643436e-01 -4.3068599e-04],1,-1.0,[-5.2684379e-01 -4.0941944e-04],0
7,[-5.2684379e-01 -4.0941944e-04],1,-1.0,[-5.2722883e-01 -3.8508239e-04],0
7,[-5.2722883e-01 -3.8508239e-04],1,-1.0,[-5.2758670e-01 -3.5785735e-04],0
7,[-5.2758670e-01 -3.5785735e-04],1,-1.0,[-5.2791464e-01 -3.2794857e-04],0
7,[-5.2791464e-01 -3.2794857e-04],1,-1.0,[-5.2821022e-01 -2.9558036e-04],0
7,[-5.2821022e-01 -2.9558036e-04],1,-1.0,[-5.2847123e-01 -2.6099550e-04],0
7,[-5.2847123e-01 -2.6099550e-04],1,-1.0,[-5.2869570e-01 -2.2445337e-04],0
7,[-5.2869570e-01 -2.2445337e-04],1,-1.0,[-5.2888191e-01 -1.8622803e-04],0
7,[-5.2888191e-01 -1.8622803e-04],1,-1.0,[-5.2902853e-01 -1.4660615e-04],0
7,[-5.2902853e-01 -1.4660615e-04],1,-1.0,[-5.2913439e-01 -1.0588487e-04],0
7,[-5.2913439e-01 -1.0588487e-04],1,-1.0,[-5.2919877e-01 -6.4369553e-05],0
7,[-5.2919877e-01 -6.4369553e-05],1,-1.0,[-5.2922112e-01 -2.2371538e-05],0
7,[-5.2922112e-01 -2.2371538e-05],1,-1.0,[-5.2920133e-01  1.9794243e-05],0
7,[-5.2920133e-01  1.9794243e-05],1,-1.0,[-5.291395e-01  6.181159e-05],0
7,[-5.291395e-01  6.181159e-05],1,-1.0,[-5.2903616e-01  1.0336541e-04],0
7,[-5.2903616e-01  1.0336541e-04],1,-1.0,[-5.2889204e-01  1.4414410e-04],0
7,[-5.2889204e-01  1.4414410e-04],1,-1.0,[-5.2870816e-01  1.8384184e-04],0
7,[-5.2870816e-01  1.8384184e-04],1,-1.0,[-5.2848601e-01  2.2216095e-04],0
7,[-5.2848601e-01  2.2216095e-04],1,-1.0,[-5.2822721e-01  2.5881402e-04],0
7,[-5.2822721e-01  2.5881402e-04],1,-1.0,[-5.279337e-01  2.935262e-04],0
7,[-5.279337e-01  2.935262e-04],1,-1.0,[-5.2760768e-01  3.2603712e-04],0
7,[-5.2760768e-01  3.2603712e-04],1,-1.0,[-5.2725154e-01  3.5610297e-04],0
7,[-5.2725154e-01  3.5610297e-04],1,-1.0,[-5.2686805e-01  3.8349821e-04],0
7,[-5.2686805e-01  3.8349821e-04],1,-1.0,[-5.2646005e-01  4.0801737e-04],0
7,[-5.2646005e-01  4.0801737e-04],1,-1.0,[-5.2603054e-01  4.2947652e-04],0
7,[-5.2603054e-01  4.2947652e-04],1,-1.0,[-5.2558285e-01  4.4771473e-04],0
7,[-5.2558285e-01  4.4771473e-04],1,-1.0,[-5.2512026e-01  4.6259511e-04],0
7,[-5.2512026e-01  4.6259511e-04],1,-1.0,[-5.246462e-01  4.740061e-04],0
7,[-5.246462e-01  4.740061e-04],1,-1.0,[-5.2416438e-01  4.8186208e-04],0
7,[-5.2416438e-01  4.8186208e-04],1,-1.0,[-5.236783e-01  4.861041e-04],0
7,[-5.236783e-01  4.861041e-04],1,-1.0,[-5.2319157e-01  4.8670033e-04],0
7,[-5.2319157e-01  4.8670033e-04],1,-1.0,[-5.2270794e-01  4.8364632e-04],0
7,[-5.2270794e-01  4.8364632e-04],1,-1.0,[-5.2223098e-01  4.7696495e-04],0
7,[-5.2223098e-01  4.7696495e-04],1,-1.0,[-5.2176428e-01  4.6670638e-04],0
7,[-5.2176428e-01  4.6670638e-04],1,-1.0,[-5.2131128e-01  4.5294754e-04],0
7,[-5.2131128e-01  4.5294754e-04],1,-1.0,[-5.2087551e-01  4.3579168e-04],0
7,[-5.2087551e-01  4.3579168e-04],1,-1.0,[-5.2046013e-01  4.1536745e-04],0
7,[-5.2046013e-01  4.1536745e-04],1,-1.0,[-5.2006835e-01  3.9182810e-04],0
7,[-5.2006835e-01  3.9182810e-04],1,-1.0,[-5.197030e-01  3.653502e-04],0
7,[-5.197030e-01  3.653502e-04],1,-1.0,[-5.1936686e-01  3.3613233e-04],0
7,[-5.1936686e-01  3.3613233e-04],1,-1.0,[-5.1906246e-01  3.0439364e-04],0
7,[-5.1906246e-01  3.0439364e-04],1,-1.0,[-5.1879209e-01  2.7037223e-04],0
7,[-5.1879209e-01  2.7037223e-04],1,-1.0,[-5.1855773e-01  2.3432319e-04],0
7,[-5.1855773e-01  2.3432319e-04],1,-1.0,[-5.1836121e-01  1.9651694e-04],0
7,[-5.1836121e-01  1.9651694e-04],1,-1.0,[-5.1820397e-01  1.5723698e-04],0
7,[-5.1820397e-01  1.5723698e-04],1,-1.0,[-5.1808721e-01  1.1677789e-04],0
7,[-5.1808721e-01  1.1677789e-04],1,-1.0,[-5.1801175e-01  7.5443088e-05],0
7,[-5.1801175e-01  7.5443088e-05],1,-1.0,[-5.1797825e-01  3.3542539e-05],0
7,[-5.1797825e-01  3.3542539e-05],1,-1.0,[-5.1798683e-01 -8.6095415e-06],0
7,[-5.1798683e-01 -8.6095415e-06],1,-1.0,[-5.1803756e-01 -5.0697061e-05],0
7,[-5.1803756e-01 -5.0697061e-05],1,-1.0,[-5.1812994e-01 -9.2404407e-05],0
7,[-5.1812994e-01 -9.2404407e-05],1,-1.0,[-5.1826334e-01 -1.3341881e-04],0
7,[-5.1826334e-01 -1.3341881e-04],1,-1.0,[-5.1843679e-01 -1.7343271e-04],0
7,[-5.1843679e-01 -1.7343271e-04],1,-1.0,[-5.1864892e-01 -2.1214601e-04],0
7,[-5.1864892e-01 -2.1214601e-04],1,-1.0,[-5.1889819e-01 -2.4926843e-04],0
7,[-5.1889819e-01 -2.4926843e-04],1,-1.0,[-5.1918274e-01 -2.8452149e-04],0
7,[-5.1918274e-01 -2.8452149e-04],1,-1.0,[-5.1950037e-01 -3.1764086e-04],0
7,[-5.1950037e-01 -3.1764086e-04],1,-1.0,[-5.1984876e-01 -3.4837812e-04],0
7,[-5.1984876e-01 -3.4837812e-04],1,-1.0,[-5.2022523e-01 -3.7650272e-04],0
7,[-5.2022523e-01 -3.7650272e-04],1,-1.0,[-5.2062708e-01 -4.0180373e-04],0
7,[-5.2062708e-01 -4.0180373e-04],1,-1.0,[-5.2105117e-01 -4.2409133e-04],0
7,[-5.2105117e-01 -4.2409133e-04],1,-1.0,[-5.2149433e-01 -4.4319837e-04],0
7,[-5.2149433e-01 -4.4319837e-04],1,-1.0,[-5.2195334e-01 -4.5898149e-04],0
7,[-5.2195334e-01 -4.5898149e-04],1,-1.0,[-5.2242464e-01 -4.7132230e-04],0
7,[-5.2242464e-01 -4.7132230e-04],1,-1.0,[-5.2290475e-01 -4.8012822e-04],0
7,[-5.2290475e-01 -4.8012822e-04],1,-1.0,[-5.233901e-01 -4.853332e-04],0
7,[-5.233901e-01 -4.853332e-04],1,-1.0,[-5.238770e-01 -4.868982e-04],0
7,[-5.238770e-01 -4.868982e-04],1,-1.0,[-5.2436185e-01 -4.8481146e-04],0
7,[-5.2436185e-01 -4.8481146e-04],1,-1.0,[-5.2484089e-01 -4.7908863e-04],0
7,[-5.2484089e-01 -4.7908863e-04],1,-1.0,[-5.2531070e-01 -4.6977264e-04],0
7,[-5.2531070e-01 -4.6977264e-04],1,-1.0,[-5.257676e-01 -4.569334e-04],0
7,[-5.257676e-01 -4.569334e-04],1,-1.0,[-5.262083e-01 -4.406672e-04],0
7,[-5.262083e-01 -4.406672e-04],1,-1.0,[-5.2662939e-01 -4.2109613e-04],0
7,[-5.2662939e-01 -4.2109613e-04],1,-1.0,[-5.2702773e-01 -3.9836692e-04],0
7,[-5.2702773e-01 -3.9836692e-04],1,-1.0,[-5.274004e-01 -3.726501e-04],0
7,[-5.274004e-01 -3.726501e-04],1,-1.0,[-5.2774453e-01 -3.4413856e-04],0
7,[-5.2774453e-01 -3.4413856e-04],1,-1.0,[-5.2805758e-01 -3.1304618e-04],0
7,[-5.2805758e-01 -3.1304618e-04],1,-1.0,[-5.2833718e-01 -2.7960615e-04],0
7,[-5.2833718e-01 -2.7960615e-04],1,-1.0,[-5.2858126e-01 -2.4406926e-04],0
7,[-5.2858126e-01 -2.4406926e-04],1,-1.0,[-5.2878797e-01 -2.0670205e-04],0
7,[-5.2878797e-01 -2.0670205e-04],1,-1.0,[-5.2895576e-01 -1.6778476e-04],0
7,[-5.2895576e-01 -1.6778476e-04],1,-1.0,[-5.2908337e-01 -1.2760924e-04],0
7,[-5.2908337e-01 -1.2760924e-04],1,-1.0,[-5.2916986e-01 -8.6476779e-05],0
7,[-5.2916986e-01 -8.6476779e-05],1,-1.0,[-5.292145e-01 -4.469583e-05],0
7,[-5.292145e-01 -4.469583e-05],1,-1.0,[-5.2921712e-01 -2.5797062e-06],0
7,[-5.2921712e-01 -2.5797062e-06],1,-1.0,[-5.2917755e-01  3.9555762e-05],0
7,[-5.2917755e-01  3.9555762e-05],1,-1.0,[-5.290961e-01  8.139460e-05],0
7,[-5.290961e-01  8.139460e-05],1,-1.0,[-5.2897352e-01  1.2262307e-04],0
7,[-5.2897352e-01  1.2262307e-04],1,-1.0,[-5.2881062e-01  1.6293197e-04],0
7,[-5.2881062e-01  1.6293197e-04],1,-1.0,[-5.2860856e-01  2.0201906e-04],0
7,[-5.2860856e-01  2.0201906e-04],1,-1.0,[-5.2836901e-01  2.3959117e-04],0
7,[-5.2836901e-01  2.3959117e-04],1,-1.0,[-5.2809364e-01  2.7536653e-04],0
7,[-5.2809364e-01  2.7536653e-04],1,-1.0,[-5.2778453e-01  3.0907686e-04],0
7,[-5.2778453e-01  3.0907686e-04],1,-1.0,[-5.2744406e-01  3.4046933e-04],0
7,[-5.2744406e-01  3.4046933e-04],1,-1.0,[-5.2707475e-01  3.6930843e-04],0
7,[-5.2707475e-01  3.6930843e-04],1,-1.0,[-5.266794e-01  3.953779e-04],0
7,[-5.266794e-01  3.953779e-04],1,-1.0,[-5.2626091e-01  4.1848214e-04],0
7,[-5.2626091e-01  4.1848214e-04],1,-1.0,[-5.2582246e-01  4.3844793e-04],0
7,[-5.2582246e-01  4.3844793e-04],1,-1.0,[-5.2536732e-01  4.5512544e-04],0
7,[-5.2536732e-01  4.5512544e-04],1,-1.0,[-5.2489895e-01  4.6838957e-04],0
7,[-5.2489895e-01  4.6838957e-04],1,-1.0,[-5.244208e-01  4.781408e-04],0
7,[-5.244208e-01  4.781408e-04],1,-1.0,[-5.239365e-01  4.843060e-04],0
7,[-5.239365e-01  4.843060e-04],1,-1.0,[-5.2344966e-01  4.8683892e-04],0
7,[-5.2344966e-01  4.8683892e-04],1,-1.0,[-5.2296394e-01  4.8572052e-04],0
7,[-5.2296394e-01  4.8572052e-04],1,-1.0,[-5.2248299e-01  4.8095925e-04],0
7,[-5.2248299e-01  4.8095925e-04],1,-1.0,[-5.220104e-01  4.725908e-04],0
7,[-5.220104e-01  4.725908e-04],1,-1.0,[-5.2154970e-01  4.6067793e-04],0
7,[-5.2154970e-01  4.6067793e-04],1,-1.0,[-5.2110440e-01  4.4531003e-04],0
7,[-5.2110440e-01  4.4531003e-04],1,-1.0,[-5.2067780e-01  4.2660238e-04],0
7,[-5.2067780e-01  4.2660238e-04],1,-1.0,[-5.2027309e-01  4.0469534e-04],0
7,[-5.2027309e-01  4.0469534e-04],1,-1.0,[-5.1989335e-01  3.7975318e-04],0
7,[-5.1989335e-01  3.7975318e-04],1,-1.0,[-5.1954138e-01  3.5196307e-04],0
7,[-5.1954138e-01  3.5196307e-04],1,-1.0,[-5.1921988e-01  3.2153339e-04],0
7,[-5.1921988e-01  3.2153339e-04],1,-1.0,[-5.1893115e-01  2.8869242e-04],0
7,[-5.1893115e-01  2.8869242e-04],1,-1.0,[-5.1867747e-01  2.5368645e-04],0
7,[-5.1867747e-01  2.5368645e-04],1,-1.0,[-5.1846069e-01  2.1677802e-04],0
7,[-5.1846069e-01  2.1677802e-04],1,-1.0,[-5.1828247e-01  1.7824395e-04],0
7,[-5.1828247e-01  1.7824395e-04],1,-1.0,[-5.181441e-01  1.383732e-04],0
7,[-5.181441e-01  1.383732e-04],1,-1.0,[-5.180466e-01  9.746480e-05],0
7,[-5.180466e-01  9.746480e-05],1,-1.0,[-5.1799077e-01  5.5825512e-05],0
7,[-5.1799077e-01  5.5825512e-05],1,-1.0,[-5.1797700e-01  1.3767592e-05],0
7,[-5.1797700e-01  1.3767592e-05],1,-1.0,[-5.1800543e-01 -2.8393573e-05],0
7,[-5.1800543e-01 -2.8393573e-05],1,-1.0,[-5.1807576e-01 -7.0341812e-05],0
7,[-5.1807576e-01 -7.0341812e-05],1,-1.0,[-5.18187523e-01 -1.11762565e-04],0
7,[-5.18187523e-01 -1.11762565e-04],1,-1.0,[-5.1833987e-01 -1.5234521e-04],0
7,[-5.1833987e-01 -1.5234521e-04],1,-1.0,[-5.1853162e-01 -1.9178541e-04],0
7,[-5.1853162e-01 -1.9178541e-04],1,-1.0,[-5.1876146e-01 -2.2978740e-04],0
7,[-5.1876146e-01 -2.2978740e-04],1,-1.0,[-5.1902753e-01 -2.6606617e-04],0
7,[-5.1902753e-01 -2.6606617e-04],1,-1.0,[-5.1932788e-01 -3.0034964e-04],0
7,[-5.1932788e-01 -3.0034964e-04],1,-1.0,[-5.1966023e-01 -3.3238070e-04],0
7,[-5.1966023e-01 -3.3238070e-04],1,-1.0,[-5.2002215e-01 -3.6191908e-04],0
7,[-5.2002215e-01 -3.6191908e-04],1,-1.0,[-5.2041090e-01 -3.8874324e-04],0
7,[-5.2041090e-01 -3.8874324e-04],1,-1.0,[-5.2082354e-01 -4.1265198e-04],0
7,[-5.2082354e-01 -4.1265198e-04],1,-1.0,[-5.2125704e-01 -4.3346593e-04],0
7,[-5.2125704e-01 -4.3346593e-04],1,-1.0,[-5.2170807e-01 -4.5102902e-04],0
7,[-5.2170807e-01 -4.5102902e-04],1,-1.0,[-5.2217323e-01 -4.6520945e-04],0
7,[-5.2217323e-01 -4.6520945e-04],1,-1.0,[-5.2264917e-01 -4.7590083e-04],0
7,[-5.2264917e-01 -4.7590083e-04],1,-1.0,[-5.231322e-01 -4.830230e-04],0
7,[-5.231322e-01 -4.830230e-04],1,-1.0,[-5.236187e-01 -4.865225e-04],0
7,[-5.236187e-01 -4.865225e-04],1,-1.0,[-5.241051e-01 -4.863731e-04],1
8,"(array([-0.49248058,  0.        ], dtype=float32), {})",1,-1.0,[-4.9271363e-01 -2.3304757e-04],0
8,[-4.9271363e-01 -2.3304757e-04],1,-1.0,[-4.9317798e-01 -4.6435485e-04],0
8,[-4.9317798e-01 -4.6435485e-04],1,-1.0,[-0.49387017 -0.00069219],0
8,[-0.49387017 -0.00069219],1,-1.0,[-0.49478504 -0.00091486],0
8,[-0.49478504 -0.00091486],1,-1.0,[-0.49591574 -0.0011307 ],0
8,[-0.49591574 -0.0011307 ],1,-1.0,[-0.49725384 -0.00133808],0
8,[-0.49725384 -0.00133808],1,-1.0,[-0.49878928 -0.00153546],0
8,[-0.49878928 -0.00153546],1,-1.0,[-0.50051063 -0.00172136],0
8,[-0.50051063 -0.00172136],1,-1.0,[-0.50240505 -0.00189438],0
8,[-0.50240505 -0.00189438],1,-1.0,[-0.50445825 -0.00205323],0
8,[-0.50445825 -0.00205323],1,-1.0,[-0.506655   -0.00219671],0
8,[-0.506655   -0.00219671],1,-1.0,[-0.5089787  -0.00232373],0
8,[-0.5089787  -0.00232373],1,-1.0,[-0.511412   -0.00243334],0
8,[-0.511412   -0.00243334],1,-1.0,[-0.51393676 -0.00252472],0
8,[-0.51393676 -0.00252472],1,-1.0,[-0.516534   -0.00259718],0
8,[-0.516534   -0.00259718],1,-1.0,[-0.5191841  -0.00265016],0
8,[-0.5191841  -0.00265016],1,-1.0,[-0.5218674  -0.00268327],0
8,[-0.5218674  -0.00268327],1,-1.0,[-0.5245636  -0.00269626],0
8,[-0.5245636  -0.00269626],1,-1.0,[-0.5272527  -0.00268902],0
8,[-0.5272527  -0.00268902],1,-1.0,[-0.52991426 -0.00266162],0
8,[-0.52991426 -0.00266162],1,-1.0,[-0.5325285  -0.00261425],0
8,[-0.5325285  -0.00261425],1,-1.0,[-0.53507584 -0.00254729],0
8,[-0.53507584 -0.00254729],1,-1.0,[-0.53753704 -0.00246123],0
8,[-0.53753704 -0.00246123],1,-1.0,[-0.53989375 -0.00235672],0
8,[-0.53989375 -0.00235672],1,-1.0,[-0.5421283  -0.00223456],0
8,[-0.5421283  -0.00223456],1,-1.0,[-0.54422396 -0.00209566],0
8,[-0.54422396 -0.00209566],1,-1.0,[-0.54616505 -0.00194107],0
8,[-0.54616505 -0.00194107],1,-1.0,[-0.547937   -0.00177195],0
8,[-0.547937   -0.00177195],1,-1.0,[-0.5495266  -0.00158957],0
8,[-0.5495266  -0.00158957],1,-1.0,[-0.55092186 -0.00139531],0
8,[-0.55092186 -0.00139531],1,-1.0,[-0.5521125  -0.00119062],0
8,[-0.5521125  -0.00119062],1,-1.0,[-0.5530895  -0.00097703],0
8,[-0.5530895  -0.00097703],1,-1.0,[-0.55384564 -0.00075613],0
8,[-0.55384564 -0.00075613],1,-1.0,[-5.5437523e-01 -5.2959315e-04],0
8,[-5.5437523e-01 -5.2959315e-04],1,-1.0,[-5.546743e-01 -2.990974e-04],0
8,[-5.546743e-01 -2.990974e-04],1,-1.0,[-5.5474073e-01 -6.6368055e-05],0
8,[-5.5474073e-01 -6.6368055e-05],1,-1.0,[-5.5457383e-01  1.6685687e-04],0
8,[-5.5457383e-01  1.6685687e-04],1,-1.0,[-5.541750e-01  3.988358e-04],0
8,[-5.541750e-01  3.988358e-04],1,-1.0,[-0.5535472   0.00062784],0
8,[-0.5535472   0.00062784],1,-1.0,[-0.55269504  0.00085215],0
8,[-0.55269504  0.00085215],1,-1.0,[-0.55162495  0.00107009],0
8,[-0.55162495  0.00107009],1,-1.0,[-0.5503449   0.00128004],0
8,[-0.5503449   0.00128004],1,-1.0,[-0.5488645   0.00148042],0
8,[-0.5488645   0.00148042],1,-1.0,[-0.5471948   0.00166973],0
8,[-0.5471948   0.00166973],1,-1.0,[-0.54534817  0.00184656],0
8,[-0.54534817  0.00184656],1,-1.0,[-0.54333866  0.00200956],0
8,[-0.54333866  0.00200956],1,-1.0,[-0.5411811   0.00215752],0
8,[-0.5411811   0.00215752],1,-1.0,[-0.5388918   0.00228933],0
8,[-0.5388918   0.00228933],1,-1.0,[-0.5364878   0.00240399],0
8,[-0.5364878   0.00240399],1,-1.0,[-0.53398716  0.00250063],0
8,[-0.53398716  0.00250063],1,-1.0,[-0.53140867  0.00257853],0
8,[-0.53140867  0.00257853],1,-1.0,[-0.5287715  0.0026371],0
8,[-0.5287715  0.0026371],1,-1.0,[-0.5260956   0.00267589],0
8,[-0.5260956   0.00267589],1,-1.0,[-0.523401    0.00269462],0
8,[-0.523401    0.00269462],1,-1.0,[-0.5207079   0.00269314],0
8,[-0.5207079   0.00269314],1,-1.0,[-0.5180364   0.00267145],0
8,[-0.5180364   0.00267145],1,-1.0,[-0.51540667  0.00262974],0
8,[-0.51540667  0.00262974],1,-1.0,[-0.51283836  0.0025683 ],0
8,[-0.51283836  0.0025683 ],1,-1.0,[-0.51035076  0.00248762],0
8,[-0.51035076  0.00248762],1,-1.0,[-0.50796247  0.00238828],0
8,[-0.50796247  0.00238828],1,-1.0,[-0.50569147  0.00227105],0
8,[-0.50569147  0.00227105],1,-1.0,[-0.50355464  0.00213681],0
8,[-0.50355464  0.00213681],1,-1.0,[-0.5015681   0.00198657],0
8,[-0.5015681   0.00198657],1,-1.0,[-0.4997466   0.00182146],0
8,[-0.4997466   0.00182146],1,-1.0,[-0.49810386  0.00164272],0
8,[-0.49810386  0.00164272],1,-1.0,[-0.4966522  0.0014517],0
8,[-0.4966522  0.0014517],1,-1.0,[-0.49540237  0.00124982],0
8,[-0.49540237  0.00124982],1,-1.0,[-0.49436375  0.0010386 ],0
8,[-0.49436375  0.0010386 ],1,-1.0,[-0.49354413  0.00081962],0
8,[-0.49354413  0.00081962],1,-1.0,[-0.49294963  0.00059451],0
8,[-0.49294963  0.00059451],1,-1.0,[-4.9258468e-01  3.6496637e-04],0
8,[-4.9258468e-01  3.6496637e-04],1,-1.0,[-4.9245197e-01  1.3269599e-04],0
8,[-4.9245197e-01  1.3269599e-04],1,-1.0,[-4.9255252e-01 -1.0056529e-04],0
8,[-4.9255252e-01 -1.0056529e-04],1,-1.0,[-4.9288562e-01 -3.3307559e-04],0
8,[-4.9288562e-01 -3.3307559e-04],1,-1.0,[-0.4934487 -0.0005631],0
8,[-0.4934487 -0.0005631],1,-1.0,[-0.49423763 -0.00078892],0
8,[-0.49423763 -0.00078892],1,-1.0,[-0.49524647 -0.00100884],0
8,[-0.49524647 -0.00100884],1,-1.0,[-0.49646768 -0.00122123],0
8,[-0.49646768 -0.00122123],1,-1.0,[-0.49789217 -0.00142448],0
8,[-0.49789217 -0.00142448],1,-1.0,[-0.49950927 -0.00161709],0
8,[-0.49950927 -0.00161709],1,-1.0,[-0.5013069  -0.00179761],0
8,[-0.5013069  -0.00179761],1,-1.0,[-0.5032715  -0.00196467],0
8,[-0.5032715  -0.00196467],1,-1.0,[-0.50538856 -0.00211703],0
8,[-0.50538856 -0.00211703],1,-1.0,[-0.5076421  -0.00225354],0
8,[-0.5076421  -0.00225354],1,-1.0,[-0.5100153  -0.00237317],0
8,[-0.5100153  -0.00237317],1,-1.0,[-0.51249033 -0.00247502],0
8,[-0.51249033 -0.00247502],1,-1.0,[-0.5150486  -0.00255832],0
8,[-0.5150486  -0.00255832],1,-1.0,[-0.51767105 -0.00262243],0
8,[-0.51767105 -0.00262243],1,-1.0,[-0.52033794 -0.00266689],0
8,[-0.52033794 -0.00266689],1,-1.0,[-0.52302927 -0.00269135],0
8,[-0.52302927 -0.00269135],1,-1.0,[-0.5257249  -0.00269562],0
8,[-0.5257249  -0.00269562],1,-1.0,[-0.5284046  -0.00267967],0
8,[-0.5284046  -0.00267967],1,-1.0,[-0.5310482  -0.00264363],0
8,[-0.5310482  -0.00264363],1,-1.0,[-0.533636   -0.00258776],0
8,[-0.533636   -0.00258776],1,-1.0,[-0.5361485 -0.0025125],0
8,[-0.5361485 -0.0025125],1,-1.0,[-0.5385669  -0.00241839],0
8,[-0.5385669  -0.00241839],1,-1.0,[-0.54087305 -0.00230617],0
8,[-0.54087305 -0.00230617],1,-1.0,[-0.5430497  -0.00217667],0
8,[-0.5430497  -0.00217667],1,-1.0,[-0.5450806  -0.00203087],0
8,[-0.5450806  -0.00203087],1,-1.0,[-0.54695046 -0.00186987],0
8,[-0.54695046 -0.00186987],1,-1.0,[-0.5486453  -0.00169488],0
8,[-0.5486453  -0.00169488],1,-1.0,[-0.55015254 -0.00150721],0
8,[-0.55015254 -0.00150721],1,-1.0,[-0.5514608  -0.00130826],0
8,[-0.5514608  -0.00130826],1,-1.0,[-0.5525603  -0.00109954],0
8,[-0.5525603  -0.00109954],1,-1.0,[-0.55344296 -0.0008826 ],0
8,[-0.55344296 -0.0008826 ],1,-1.0,[-0.554102   -0.00065907],0
8,[-0.554102   -0.00065907],1,-1.0,[-5.5453265e-01 -4.3061466e-04],0
8,[-5.5453265e-01 -4.3061466e-04],1,-1.0,[-5.5473155e-01 -1.9894369e-04],0
8,[-5.5473155e-01 -1.9894369e-04],1,-1.0,[-5.5469733e-01  3.4212906e-05],0
8,[-5.5469733e-01  3.4212906e-05],1,-1.0,[-5.5443025e-01  2.6711402e-04],0
8,[-5.5443025e-01  2.6711402e-04],1,-1.0,[-5.5393219e-01  4.9802044e-04],0
8,[-5.5393219e-01  4.9802044e-04],1,-1.0,[-0.55320704  0.00072521],0
8,[-0.55320704  0.00072521],1,-1.0,[-0.55226004  0.00094698],0
8,[-0.55226004  0.00094698],1,-1.0,[-0.55109835  0.00116167],0
8,[-0.55109835  0.00116167],1,-1.0,[-0.54973066  0.00136768],0
8,[-0.54973066  0.00136768],1,-1.0,[-0.5481672   0.00156347],0
8,[-0.5481672   0.00156347],1,-1.0,[-0.5464196   0.00174757],0
8,[-0.5464196   0.00174757],1,-1.0,[-0.54450107  0.00191859],0
8,[-0.54450107  0.00191859],1,-1.0,[-0.5424258   0.00207526],0
8,[-0.5424258   0.00207526],1,-1.0,[-0.5402094   0.00221638],0
8,[-0.5402094   0.00221638],1,-1.0,[-0.5378685   0.00234091],0
8,[-0.5378685   0.00234091],1,-1.0,[-0.5354206  0.0024479],0
8,[-0.5354206  0.0024479],1,-1.0,[-0.53288406  0.00253655],0
8,[-0.53288406  0.00253655],1,-1.0,[-0.53027785  0.00260618],0
8,[-0.53027785  0.00260618],1,-1.0,[-0.52762157  0.00265627],0
8,[-0.52762157  0.00265627],1,-1.0,[-0.5249351   0.00268644],0
8,[-0.5249351   0.00268644],1,-1.0,[-0.5222387   0.00269646],0
8,[-0.5222387   0.00269646],1,-1.0,[-0.5195524   0.00268626],0
8,[-0.5195524   0.00268626],1,-1.0,[-0.51689655  0.00265591],0
8,[-0.51689655  0.00265591],1,-1.0,[-0.51429087  0.00260565],0
8,[-0.51429087  0.00260565],1,-1.0,[-0.511755    0.00253585],0
8,[-0.511755    0.00253585],1,-1.0,[-0.509308    0.00244704],0
8,[-0.509308    0.00244704],1,-1.0,[-0.5069681   0.00233989],0
8,[-0.5069681   0.00233989],1,-1.0,[-0.5047529   0.00221521],0
8,[-0.5047529   0.00221521],1,-1.0,[-0.50267893  0.00207394],0
8,[-0.50267893  0.00207394],1,-1.0,[-0.5007618   0.00191715],0
8,[-0.5007618   0.00191715],1,-1.0,[-0.49901578  0.00174601],0
8,[-0.49901578  0.00174601],1,-1.0,[-0.49745396  0.0015618 ],0
8,[-0.49745396  0.0015618 ],1,-1.0,[-0.49608806  0.00136591],0
8,[-0.49608806  0.00136591],1,-1.0,[-0.49492824  0.00115982],0
8,[-0.49492824  0.00115982],1,-1.0,[-0.49398318  0.00094505],0
8,[-0.49398318  0.00094505],1,-1.0,[-0.49325997  0.00072323],0
8,[-0.49325997  0.00072323],1,-1.0,[-0.49276397  0.000496  ],0
8,[-0.49276397  0.000496  ],1,-1.0,[-4.9249887e-01  2.6507111e-04],0
8,[-4.9249887e-01  2.6507111e-04],1,-1.0,[-4.9246672e-01  3.2160158e-05],0
8,[-4.9246672e-01  3.2160158e-05],1,-1.0,[-4.9266770e-01 -2.0099095e-04],0
8,[-4.9266770e-01 -2.0099095e-04],1,-1.0,[-4.9310035e-01 -4.3264116e-04],0
8,[-4.9310035e-01 -4.3264116e-04],1,-1.0,[-0.49376142 -0.00066106],0
8,[-0.49376142 -0.00066106],1,-1.0,[-0.49464595 -0.00088454],0
8,[-0.49464595 -0.00088454],1,-1.0,[-0.49574736 -0.00110142],0
8,[-0.49574736 -0.00110142],1,-1.0,[-0.49705744 -0.00131006],0
8,[-0.49705744 -0.00131006],1,-1.0,[-0.49856633 -0.00150891],0
8,[-0.49856633 -0.00150891],1,-1.0,[-0.5002628  -0.00169647],0
8,[-0.5002628  -0.00169647],1,-1.0,[-0.50213414 -0.00187135],0
8,[-0.50213414 -0.00187135],1,-1.0,[-0.50416636 -0.00203222],0
8,[-0.50416636 -0.00203222],1,-1.0,[-0.50634426 -0.00217789],0
8,[-0.50634426 -0.00217789],1,-1.0,[-0.5086515  -0.00230724],0
8,[-0.5086515  -0.00230724],1,-1.0,[-0.5110708 -0.0024193],0
8,[-0.5110708 -0.0024193],1,-1.0,[-0.5135841  -0.00251324],0
8,[-0.5135841  -0.00251324],1,-1.0,[-0.5161724  -0.00258834],0
8,[-0.5161724  -0.00258834],1,-1.0,[-0.5188164  -0.00264403],0
8,[-0.5188164  -0.00264403],1,-1.0,[-0.5214963 -0.0026799],0
8,[-0.5214963 -0.0026799],1,-1.0,[-0.524192   -0.00269567],0
8,[-0.524192   -0.00269567],1,-1.0,[-0.5268832  -0.00269122],0
8,[-0.5268832  -0.00269122],1,-1.0,[-0.5295498  -0.00266659],0
8,[-0.5295498  -0.00266659],1,-1.0,[-0.5321717  -0.00262196],0
8,[-0.5321717  -0.00262196],1,-1.0,[-0.5347294  -0.00255767],0
8,[-0.5347294  -0.00255767],1,-1.0,[-0.5372036 -0.0024742],0
8,[-0.5372036 -0.0024742],1,-1.0,[-0.5395758  -0.00237219],0
8,[-0.5395758  -0.00237219],1,-1.0,[-0.5418282  -0.00225241],0
8,[-0.5418282  -0.00225241],1,-1.0,[-0.543944   -0.00211576],0
8,[-0.543944   -0.00211576],1,-1.0,[-0.54590726 -0.00196326],0
8,[-0.54590726 -0.00196326],1,-1.0,[-0.5477033  -0.00179608],0
8,[-0.5477033  -0.00179608],1,-1.0,[-0.5493188  -0.00161545],0
8,[-0.5493188  -0.00161545],1,-1.0,[-0.5507415  -0.00142274],0
8,[-0.5507415  -0.00142274],1,-1.0,[-0.5519609  -0.00121939],0
8,[-0.5519609  -0.00121939],1,-1.0,[-0.55296785 -0.00100694],0
8,[-0.55296785 -0.00100694],1,-1.0,[-0.5537548  -0.00078695],0
8,[-0.5537548  -0.00078695],1,-1.0,[-0.55431587 -0.00056109],0
8,[-0.55431587 -0.00056109],1,-1.0,[-5.546469e-01 -3.310383e-04],0
8,[-5.546469e-01 -3.310383e-04],1,-1.0,[-5.5474544e-01 -9.8513781e-05],0
8,[-5.5474544e-01 -9.8513781e-05],1,-1.0,[-5.5461067e-01  1.3474637e-04],0
8,[-5.5461067e-01  1.3474637e-04],1,-1.0,[-5.542437e-01  3.670003e-04],0
8,[-5.542437e-01  3.670003e-04],1,-1.0,[-0.55364716  0.00059651],0
8,[-0.55364716  0.00059651],1,-1.0,[-0.5528256   0.00082157],0
8,[-0.5528256   0.00082157],1,-1.0,[-0.5517851   0.00104049],0
8,[-0.5517851   0.00104049],1,-1.0,[-0.5505335   0.00125164],0
8,[-0.5505335   0.00125164],1,-1.0,[-0.54908     0.00145343],0
8,[-0.54908     0.00145343],1,-1.0,[-0.5474357   0.00164435],0
8,[-0.5474357   0.00164435],1,-1.0,[-0.5456127   0.00182298],0
8,[-0.5456127   0.00182298],1,-1.0,[-0.54362476  0.00198796],0
8,[-0.54362476  0.00198796],1,-1.0,[-0.5414867   0.00213806],0
8,[-0.5414867   0.00213806],1,-1.0,[-0.53921455  0.00227216],0
8,[-0.53921455  0.00227216],1,-1.0,[-0.5368253   0.00238924],0
8,[-0.5368253   0.00238924],1,-1.0,[-0.53433686  0.00248841],0
8,[-0.53433686  0.00248841],1,-1.0,[-0.53176796  0.00256893],0
8,[-0.53176796  0.00256893],1,-1.0,[-0.5291378   0.00263019],0
8,[-0.5291378   0.00263019],1,-1.0,[-0.526466    0.00267173],0
8,[-0.526466    0.00267173],1,-1.0,[-0.5237728   0.00269324],0
8,[-0.5237728   0.00269324],1,-1.0,[-0.5210782   0.00269454],1
9,"(array([-0.5435664,  0.       ], dtype=float32), {})",1,-1.0,[-5.4341674e-01  1.4966769e-04],0
9,[-5.4341674e-01  1.4966769e-04],1,-1.0,[-5.4311854e-01  2.9821487e-04],0
9,[-5.4311854e-01  2.9821487e-04],1,-1.0,[-5.4267401e-01  4.4452935e-04],0
9,[-5.4267401e-01  4.4452935e-04],1,-1.0,[-0.5420865   0.00058752],0
9,[-0.5420865   0.00058752],1,-1.0,[-0.5413604  0.0007261],0
9,[-0.5413604  0.0007261],1,-1.0,[-0.5405011   0.00085925],0
9,[-0.5405011   0.00085925],1,-1.0,[-0.53951514  0.00098596],0
9,[-0.53951514  0.00098596],1,-1.0,[-0.5384099   0.00110529],0
9,[-0.5384099   0.00110529],1,-1.0,[-0.53719354  0.00121634],0
9,[-0.53719354  0.00121634],1,-1.0,[-0.53587526  0.00131827],0
9,[-0.53587526  0.00131827],1,-1.0,[-0.53446496  0.00141032],0
9,[-0.53446496  0.00141032],1,-1.0,[-0.5329731   0.00149181],0
9,[-0.5329731   0.00149181],1,-1.0,[-0.53141105  0.0015621 ],0
9,[-0.53141105  0.0015621 ],1,-1.0,[-0.52979034  0.00162069],0
9,[-0.52979034  0.00162069],1,-1.0,[-0.5281232   0.00166712],0
9,[-0.5281232   0.00166712],1,-1.0,[-0.52642214  0.00170106],0
9,[-0.52642214  0.00170106],1,-1.0,[-0.5246999   0.00172223],0
9,[-0.5246999   0.00172223],1,-1.0,[-0.5229694   0.00173049],0
9,[-0.5229694   0.00173049],1,-1.0,[-0.5212437   0.00172577],0
9,[-0.5212437   0.00172577],1,-1.0,[-0.51953554  0.00170811],0
9,[-0.51953554  0.00170811],1,-1.0,[-0.5178579   0.00167763],0
9,[-0.5178579   0.00167763],1,-1.0,[-0.5162234   0.00163458],0
9,[-0.5162234   0.00163458],1,-1.0,[-0.5146441   0.00157927],0
9,[-0.5146441   0.00157927],1,-1.0,[-0.513132    0.00151212],0
9,[-0.513132    0.00151212],1,-1.0,[-0.5116983   0.00143363],0
9,[-0.5116983   0.00143363],1,-1.0,[-0.5103539   0.00134439],0
9,[-0.5103539   0.00134439],1,-1.0,[-0.50910884  0.00124508],0
9,[-0.50910884  0.00124508],1,-1.0,[-0.5079724   0.00113644],0
9,[-0.5079724   0.00113644],1,-1.0,[-0.5069531   0.00101929],0
9,[-0.5069531   0.00101929],1,-1.0,[-0.50605863  0.0008945 ],0
9,[-0.50605863  0.0008945 ],1,-1.0,[-0.50529563  0.00076301],0
9,[-0.50529563  0.00076301],1,-1.0,[-0.5046698  0.0006258],0
9,[-0.5046698  0.0006258],1,-1.0,[-5.041859e-01  4.839117e-04],0
9,[-5.041859e-01  4.839117e-04],1,-1.0,[-5.0384748e-01  3.3839743e-04],0
9,[-5.0384748e-01  3.3839743e-04],1,-1.0,[-5.0365716e-01  1.9034956e-04],0
9,[-5.0365716e-01  1.9034956e-04],1,-1.0,[-5.0361627e-01  4.0876603e-05],0
9,[-5.0361627e-01  4.0876603e-05],1,-1.0,[-5.03725171e-01 -1.08902386e-04],0
9,[-5.03725171e-01 -1.08902386e-04],1,-1.0,[-5.0398302e-01 -2.5786605e-04],0
9,[-5.0398302e-01 -2.5786605e-04],1,-1.0,[-5.0438797e-01 -4.0489912e-04],0
9,[-5.0438797e-01 -4.0489912e-04],1,-1.0,[-0.5049369 -0.0005489],0
9,[-0.5049369 -0.0005489],1,-1.0,[-0.50562567 -0.00068879],0
9,[-0.50562567 -0.00068879],1,-1.0,[-0.50644916 -0.00082353],0
9,[-0.50644916 -0.00082353],1,-1.0,[-0.5074012  -0.00095209],0
9,[-0.5074012  -0.00095209],1,-1.0,[-0.50847477 -0.00107352],0
9,[-0.50847477 -0.00107352],1,-1.0,[-0.5096617  -0.00118692],0
9,[-0.5096617  -0.00118692],1,-1.0,[-0.5109531  -0.00129141],0
9,[-0.5109531  -0.00129141],1,-1.0,[-0.51233935 -0.00138623],0
9,[-0.51233935 -0.00138623],1,-1.0,[-0.51381    -0.00147066],0
9,[-0.51381    -0.00147066],1,-1.0,[-0.5153541  -0.00154407],0
9,[-0.5153541  -0.00154407],1,-1.0,[-0.51695997 -0.0016059 ],0
9,[-0.51695997 -0.0016059 ],1,-1.0,[-0.51861566 -0.00165568],0
9,[-0.51861566 -0.00165568],1,-1.0,[-0.52030873 -0.00169306],0
9,[-0.52030873 -0.00169306],1,-1.0,[-0.5220264  -0.00171773],0
9,[-0.5220264  -0.00171773],1,-1.0,[-0.52375597 -0.00172952],0
9,[-0.52375597 -0.00172952],1,-1.0,[-0.5254843  -0.00172835],0
9,[-0.5254843  -0.00172835],1,-1.0,[-0.5271985 -0.0017142],0
9,[-0.5271985 -0.0017142],1,-1.0,[-0.5288857  -0.00168721],0
9,[-0.5288857  -0.00168721],1,-1.0,[-0.53053325 -0.00164756],0
9,[-0.53053325 -0.00164756],1,-1.0,[-0.5321288  -0.00159555],0
9,[-0.5321288  -0.00159555],1,-1.0,[-0.5336604  -0.00153158],0
9,[-0.5336604  -0.00153158],1,-1.0,[-0.53511655 -0.00145613],0
9,[-0.53511655 -0.00145613],1,-1.0,[-0.5364863  -0.00136977],0
9,[-0.5364863  -0.00136977],1,-1.0,[-0.5377594  -0.00127313],0
9,[-0.5377594  -0.00127313],1,-1.0,[-0.5389264  -0.00116696],0
9,[-0.5389264  -0.00116696],1,-1.0,[-0.53997844 -0.00105204],0
9,[-0.53997844 -0.00105204],1,-1.0,[-0.5409077  -0.00092925],0
9,[-0.5409077  -0.00092925],1,-1.0,[-0.54170716 -0.00079949],0
9,[-0.54170716 -0.00079949],1,-1.0,[-0.5423709  -0.00066374],0
9,[-0.5423709  -0.00066374],1,-1.0,[-5.4289395e-01 -5.2302424e-04],0
9,[-5.4289395e-01 -5.2302424e-04],1,-1.0,[-5.4327232e-01 -3.7839133e-04],0
9,[-5.4327232e-01 -3.7839133e-04],1,-1.0,[-5.4350328e-01 -2.3092532e-04],0
9,[-5.4350328e-01 -2.3092532e-04],1,-1.0,[-5.435850e-01 -8.173042e-05],0
9,[-5.435850e-01 -8.173042e-05],1,-1.0,[-5.4351693e-01  6.8076370e-05],0
9,[-5.4351693e-01  6.8076370e-05],1,-1.0,[-5.4329956e-01  2.1737350e-04],0
9,[-5.4329956e-01  2.1737350e-04],1,-1.0,[-5.429345e-01  3.650432e-04],0
9,[-5.429345e-01  3.650432e-04],1,-1.0,[-5.424245e-01  5.099798e-04],0
9,[-5.424245e-01  5.099798e-04],1,-1.0,[-0.54177344  0.0006511 ],0
9,[-0.54177344  0.0006511 ],1,-1.0,[-0.54098606  0.00078734],0
9,[-0.54098606  0.00078734],1,-1.0,[-0.5400684   0.00091769],0
9,[-0.5400684   0.00091769],1,-1.0,[-0.5390272   0.00104116],0
9,[-0.5390272   0.00104116],1,-1.0,[-0.5378704   0.00115683],0
9,[-0.5378704   0.00115683],1,-1.0,[-0.53660655  0.00126383],0
9,[-0.53660655  0.00126383],1,-1.0,[-0.5352452   0.00136137],0
9,[-0.5352452   0.00136137],1,-1.0,[-0.5337965  0.0014487],0
9,[-0.5337965  0.0014487],1,-1.0,[-0.5322713   0.00152517],0
9,[-0.5322713   0.00152517],1,-1.0,[-0.53068113  0.00159021],0
9,[-0.53068113  0.00159021],1,-1.0,[-0.52903783  0.00164332],0
9,[-0.52903783  0.00164332],1,-1.0,[-0.5273537   0.00168411],0
9,[-0.5273537   0.00168411],1,-1.0,[-0.52564144  0.00171227],0
9,[-0.52564144  0.00171227],1,-1.0,[-0.52391386  0.00172759],0
9,[-0.52391386  0.00172759],1,-1.0,[-0.5221839   0.00172995],0
9,[-0.5221839   0.00172995],1,-1.0,[-0.52046454  0.00171934],0
9,[-0.52046454  0.00171934],1,-1.0,[-0.5187687   0.00169584],0
9,[-0.5187687   0.00169584],1,-1.0,[-0.5171091   0.00165961],0
9,[-0.5171091   0.00165961],1,-1.0,[-0.51549816  0.00161094],0
9,[-0.51549816  0.00161094],1,-1.0,[-0.51394796  0.00155019],0
9,[-0.51394796  0.00155019],1,-1.0,[-0.5124701   0.00147782],0
9,[-0.5124701   0.00147782],1,-1.0,[-0.51107574  0.00139437],0
9,[-0.51107574  0.00139437],1,-1.0,[-0.5097753   0.00130047],0
9,[-0.5097753   0.00130047],1,-1.0,[-0.5085785   0.00119683],0
9,[-0.5085785   0.00119683],1,-1.0,[-0.5074943   0.00108421],0
9,[-0.5074943   0.00108421],1,-1.0,[-0.50653076  0.00096348],0
9,[-0.50653076  0.00096348],1,-1.0,[-0.5056952   0.00083552],0
9,[-0.5056952   0.00083552],1,-1.0,[-0.5049939   0.00070131],0
9,[-0.5049939   0.00070131],1,-1.0,[-0.5044321   0.00056185],0
9,[-0.5044321   0.00056185],1,-1.0,[-5.0401390e-01  4.1817426e-04],0
9,[-5.0401390e-01  4.1817426e-04],1,-1.0,[-5.0374252e-01  2.7137232e-04],0
9,[-5.0374252e-01  2.7137232e-04],1,-1.0,[-5.0362003e-01  1.2253867e-04],0
9,[-5.0362003e-01  1.2253867e-04],1,-1.0,[-5.036472e-01 -2.721240e-05],0
9,[-5.036472e-01 -2.721240e-05],1,-1.0,[-5.0382400e-01 -1.7675974e-04],0
9,[-5.0382400e-01 -1.7675974e-04],1,-1.0,[-5.0414896e-01 -3.2498373e-04],0
9,[-5.0414896e-01 -3.2498373e-04],1,-1.0,[-5.0461972e-01 -4.7077457e-04],0
9,[-5.0461972e-01 -4.7077457e-04],1,-1.0,[-0.50523275 -0.00061304],0
9,[-0.50523275 -0.00061304],1,-1.0,[-0.5059835  -0.00075072],0
9,[-0.5059835  -0.00075072],1,-1.0,[-0.5068663  -0.00088277],0
9,[-0.5068663  -0.00088277],1,-1.0,[-0.5078745  -0.00100821],0
9,[-0.5078745  -0.00100821],1,-1.0,[-0.5090006 -0.0011261],0
9,[-0.5090006 -0.0011261],1,-1.0,[-0.51023614 -0.00123555],0
9,[-0.51023614 -0.00123555],1,-1.0,[-0.5115719  -0.00133574],0
9,[-0.5115719  -0.00133574],1,-1.0,[-0.5129978  -0.00142593],0
9,[-0.5129978  -0.00142593],1,-1.0,[-0.5145032  -0.00150542],0
9,[-0.5145032  -0.00150542],1,-1.0,[-0.51607686 -0.00157363],0
9,[-0.51607686 -0.00157363],1,-1.0,[-0.5177069  -0.00163004],0
9,[-0.5177069  -0.00163004],1,-1.0,[-0.5193811  -0.00167422],0
9,[-0.5193811  -0.00167422],1,-1.0,[-0.52108693 -0.00170586],0
9,[-0.52108693 -0.00170586],1,-1.0,[-0.52281165 -0.00172469],0
9,[-0.52281165 -0.00172469],1,-1.0,[-0.5245423 -0.0017306],0
9,[-0.5245423 -0.0017306],1,-1.0,[-0.52626574 -0.00172352],0
9,[-0.52626574 -0.00172352],1,-1.0,[-0.5279693  -0.00170352],0
9,[-0.5279693  -0.00170352],1,-1.0,[-0.52964    -0.00167074],0
9,[-0.52964    -0.00167074],1,-1.0,[-0.53126544 -0.00162543],0
9,[-0.53126544 -0.00162543],1,-1.0,[-0.5328334  -0.00156794],0
9,[-0.5328334  -0.00156794],1,-1.0,[-0.5343321  -0.00149869],0
9,[-0.5343321  -0.00149869],1,-1.0,[-0.53575027 -0.0014182 ],0
9,[-0.53575027 -0.0014182 ],1,-1.0,[-0.53707737 -0.00132709],0
9,[-0.53707737 -0.00132709],1,-1.0,[-0.53830343 -0.00122602],0
9,[-0.53830343 -0.00122602],1,-1.0,[-0.5394192  -0.00111578],0
9,[-0.5394192  -0.00111578],1,-1.0,[-0.54041636 -0.00099717],0
9,[-0.54041636 -0.00099717],1,-1.0,[-0.5412874  -0.00087109],0
9,[-0.5412874  -0.00087109],1,-1.0,[-0.5420259  -0.00073849],0
9,[-0.5420259  -0.00073849],1,-1.0,[-0.54262626 -0.00060035],0
9,[-0.54262626 -0.00060035],1,-1.0,[-5.4308403e-01 -4.5772406e-04],0
9,[-5.4308403e-01 -4.5772406e-04],1,-1.0,[-5.4339570e-01 -3.1166806e-04],0
9,[-5.4339570e-01 -3.1166806e-04],1,-1.0,[-5.4355896e-01 -1.6327860e-04],0
9,[-5.4355896e-01 -1.6327860e-04],1,-1.0,[-5.4357260e-01 -1.3666738e-05],0
9,[-5.4357260e-01 -1.3666738e-05],1,-1.0,[-5.4343659e-01  1.3604744e-04],0
9,[-5.4343659e-01  1.3604744e-04],1,-1.0,[-5.4315186e-01  2.8474309e-04],0
9,[-5.4315186e-01  2.8474309e-04],1,-1.0,[-5.427205e-01  4.313069e-04],0
9,[-5.427205e-01  4.313069e-04],1,-1.0,[-0.5421459   0.00057464],0
9,[-0.5421459   0.00057464],1,-1.0,[-0.5414322   0.00071367],0
9,[-0.5414322   0.00071367],1,-1.0,[-0.54058486  0.00084736],0
9,[-0.54058486  0.00084736],1,-1.0,[-0.53961015  0.0009747 ],0
9,[-0.53961015  0.0009747 ],1,-1.0,[-0.5385154   0.00109474],0
9,[-0.5385154   0.00109474],1,-1.0,[-0.5373088   0.00120658],0
9,[-0.5373088   0.00120658],1,-1.0,[-0.5359995   0.00130937],0
9,[-0.5359995   0.00130937],1,-1.0,[-0.5345971   0.00140236],0
9,[-0.5345971   0.00140236],1,-1.0,[-0.5331123   0.00148483],0
9,[-0.5331123   0.00148483],1,-1.0,[-0.5315561   0.00155617],0
9,[-0.5315561   0.00155617],1,-1.0,[-0.52994025  0.00161585],0
9,[-0.52994025  0.00161585],1,-1.0,[-0.52827686  0.0016634 ],0
9,[-0.52827686  0.0016634 ],1,-1.0,[-0.52657837  0.00169849],0
9,[-0.52657837  0.00169849],1,-1.0,[-0.5248575   0.00172083],0
9,[-0.5248575   0.00172083],1,-1.0,[-0.52312726  0.00173027],0
9,[-0.52312726  0.00173027],1,-1.0,[-0.5214005   0.00172674],0
9,[-0.5214005   0.00172674],1,-1.0,[-0.5196903   0.00171025],0
9,[-0.5196903   0.00171025],1,-1.0,[-0.5180093   0.00168094],0
9,[-0.5180093   0.00168094],1,-1.0,[-0.5163703   0.00163902],0
9,[-0.5163703   0.00163902],1,-1.0,[-0.51478547  0.00158481],0
9,[-0.51478547  0.00158481],1,-1.0,[-0.5132668   0.00151872],0
9,[-0.5132668   0.00151872],1,-1.0,[-0.51182556  0.00144124],0
9,[-0.51182556  0.00144124],1,-1.0,[-0.5104726   0.00135296],0
9,[-0.5104726   0.00135296],1,-1.0,[-0.50921804  0.00125454],0
9,[-0.50921804  0.00125454],1,-1.0,[-0.5080713   0.00114672],0
9,[-0.5080713   0.00114672],1,-1.0,[-0.50704104  0.0010303 ],0
9,[-0.50704104  0.0010303 ],1,-1.0,[-0.50613487  0.00090617],0
9,[-0.50613487  0.00090617],1,-1.0,[-0.5053596   0.00077525],0
9,[-0.5053596   0.00077525],1,-1.0,[-0.50472105  0.00063853],0
9,[-0.50472105  0.00063853],1,-1.0,[-5.0422406e-01  4.9701869e-04],0
9,[-5.0422406e-01  4.9701869e-04],1,-1.0,[-5.0387228e-01  3.5179005e-04],0
9,[-5.0387228e-01  3.5179005e-04],1,-1.0,[-5.0366831e-01  2.0392753e-04],0
9,[-5.0366831e-01  2.0392753e-04],1,-1.0,[-5.0361377e-01  5.4538257e-05],0
9,[-5.0361377e-01  5.4538257e-05],1,-1.0,[-5.037091e-01 -9.525932e-05],0
9,[-5.037091e-01 -9.525932e-05],1,-1.0,[-5.039534e-01 -2.443437e-04],0
9,[-5.039534e-01 -2.443437e-04],1,-1.0,[-5.0434500e-01 -3.9159876e-04],0
9,[-5.0434500e-01 -3.9159876e-04],1,-1.0,[-0.5048809  -0.00053592],0
9,[-0.5048809  -0.00053592],1,-1.0,[-0.5055572  -0.00067623],0
9,[-0.5055572  -0.00067623],1,-1.0,[-0.50636864 -0.00081148],0
9,[-0.50636864 -0.00081148],1,-1.0,[-0.50730926 -0.00094065],0
9,[-0.50730926 -0.00094065],1,-1.0,[-0.50837207 -0.00106277],0
9,[-0.50837207 -0.00106277],1,-1.0,[-0.50954896 -0.00117693],0
9,[-0.50954896 -0.00117693],1,-1.0,[-0.51083124 -0.00128227],0
9,[-0.51083124 -0.00128227],1,-1.0,[-0.51220924 -0.00137801],0
9,[-0.51220924 -0.00137801],1,-1.0,[-0.51367265 -0.00146341],0
9,[-0.51367265 -0.00146341],1,-1.0,[-0.5152105  -0.00153785],0
9,[-0.5152105  -0.00153785],1,-1.0,[-0.51681125 -0.00160075],0
9,[-0.51681125 -0.00160075],1,-1.0,[-0.5184629  -0.00165165],0
9,[-0.5184629  -0.00165165],1,-1.0,[-0.5201531  -0.00169017],0
9,[-0.5201531  -0.00169017],1,-1.0,[-0.5218691  -0.00171601],0
9,[-0.5218691  -0.00171601],1,-1.0,[-0.5235981  -0.00172899],0
9,[-0.5235981  -0.00172899],1,-1.0,[-0.5253271  -0.00172899],1
10,"(array([-0.49351907,  0.        ], dtype=float32), {})",1,-1.0,[-4.9374437e-01 -2.2529165e-04],0
10,[-4.9374437e-01 -2.2529165e-04],1,-1.0,[-4.9419329e-01 -4.4890042e-04],0
10,[-4.9419329e-01 -4.4890042e-04],1,-1.0,[-0.49486244 -0.00066916],0
10,[-0.49486244 -0.00066916],1,-1.0,[-0.49574685 -0.00088441],0
10,[-0.49574685 -0.00088441],1,-1.0,[-0.4968399  -0.00109306],0
10,[-0.4968399  -0.00109306],1,-1.0,[-0.49813342 -0.00129353],0
10,[-0.49813342 -0.00129353],1,-1.0,[-0.4996178  -0.00148434],0
10,[-0.4996178  -0.00148434],1,-1.0,[-0.5012818  -0.00166404],0
10,[-0.5012818  -0.00166404],1,-1.0,[-0.5031131  -0.00183129],0
10,[-0.5031131  -0.00183129],1,-1.0,[-0.5050979  -0.00198484],0
10,[-0.5050979  -0.00198484],1,-1.0,[-0.50722146 -0.00212352],0
10,[-0.50722146 -0.00212352],1,-1.0,[-0.5094678 -0.0022463],0
10,[-0.5094678 -0.0022463],1,-1.0,[-0.51182    -0.00235225],0
10,[-0.51182    -0.00235225],1,-1.0,[-0.5142606  -0.00244058],0
10,[-0.5142606  -0.00244058],1,-1.0,[-0.5167712 -0.0025106],0
10,[-0.5167712 -0.0025106],1,-1.0,[-0.519333   -0.00256181],0
10,[-0.519333   -0.00256181],1,-1.0,[-0.5219268 -0.0025938],0
10,[-0.5219268 -0.0025938],1,-1.0,[-0.52453315 -0.00260634],0
10,[-0.52453315 -0.00260634],1,-1.0,[-0.5271325  -0.00259933],0
10,[-0.5271325  -0.00259933],1,-1.0,[-0.52970535 -0.00257283],0
10,[-0.52970535 -0.00257283],1,-1.0,[-0.53223234 -0.00252703],0
10,[-0.53223234 -0.00252703],1,-1.0,[-0.5346946  -0.00246229],0
10,[-0.5346946  -0.00246229],1,-1.0,[-0.53707373 -0.00237908],0
10,[-0.53707373 -0.00237908],1,-1.0,[-0.53935176 -0.00227805],0
10,[-0.53935176 -0.00227805],1,-1.0,[-0.5415117  -0.00215995],0
10,[-0.5415117  -0.00215995],1,-1.0,[-0.5435374  -0.00202566],0
10,[-0.5435374  -0.00202566],1,-1.0,[-0.5454136  -0.00187621],0
10,[-0.5454136  -0.00187621],1,-1.0,[-0.5471263  -0.00171272],0
10,[-0.5471263  -0.00171272],1,-1.0,[-0.5486627  -0.00153641],0
10,[-0.5486627  -0.00153641],1,-1.0,[-0.55001134 -0.00134861],0
10,[-0.55001134 -0.00134861],1,-1.0,[-0.55116206 -0.00115072],0
10,[-0.55116206 -0.00115072],1,-1.0,[-0.55210626 -0.00094423],0
10,[-0.55210626 -0.00094423],1,-1.0,[-0.55283695 -0.00073068],0
10,[-0.55283695 -0.00073068],1,-1.0,[-5.5334866e-01 -5.1167951e-04],0
10,[-5.5334866e-01 -5.1167951e-04],1,-1.0,[-5.5363750e-01 -2.8885156e-04],0
10,[-5.5363750e-01 -2.8885156e-04],1,-1.0,[-5.5370134e-01 -6.3865955e-05],0
10,[-5.5370134e-01 -6.3865955e-05],1,-1.0,[-5.5353975e-01  1.6159672e-04],0
10,[-5.5353975e-01  1.6159672e-04],1,-1.0,[-5.5315393e-01  3.8585233e-04],0
10,[-5.5315393e-01  3.8585233e-04],1,-1.0,[-0.5525467   0.00060723],0
10,[-0.5525467   0.00060723],1,-1.0,[-0.55172265  0.00082406],0
10,[-0.55172265  0.00082406],1,-1.0,[-0.5506879   0.00103474],0
10,[-0.5506879   0.00103474],1,-1.0,[-0.5494502   0.00123769],0
10,[-0.5494502   0.00123769],1,-1.0,[-0.5480188   0.00143138],0
10,[-0.5480188   0.00143138],1,-1.0,[-0.5464045   0.00161436],0
10,[-0.5464045   0.00161436],1,-1.0,[-0.5446192   0.00178527],0
10,[-0.5446192   0.00178527],1,-1.0,[-0.5426764   0.00194282],0
10,[-0.5426764   0.00194282],1,-1.0,[-0.5405905   0.00208583],0
10,[-0.5405905   0.00208583],1,-1.0,[-0.53837734  0.00221321],0
10,[-0.53837734  0.00221321],1,-1.0,[-0.5360533   0.00232401],0
10,[-0.5360533   0.00232401],1,-1.0,[-0.5336359  0.0024174],0
10,[-0.5336359  0.0024174],1,-1.0,[-0.53114325  0.00249267],0
10,[-0.53114325  0.00249267],1,-1.0,[-0.528594    0.00254924],0
10,[-0.528594    0.00254924],1,-1.0,[-0.5260073   0.00258671],0
10,[-0.5260073   0.00258671],1,-1.0,[-0.5234025   0.00260477],0
10,[-0.5234025   0.00260477],1,-1.0,[-0.5207992  0.0026033],0
10,[-0.5207992  0.0026033],1,-1.0,[-0.5182169  0.0025823],0
10,[-0.5182169  0.0025823],1,-1.0,[-0.515675    0.00254194],0
10,[-0.515675    0.00254194],1,-1.0,[-0.5131925   0.00248252],0
10,[-0.5131925   0.00248252],1,-1.0,[-0.51078796  0.00240448],0
10,[-0.51078796  0.00240448],1,-1.0,[-0.50847954  0.00230843],0
10,[-0.50847954  0.00230843],1,-1.0,[-0.5062845   0.00219507],0
10,[-0.5062845   0.00219507],1,-1.0,[-0.50421923  0.00206527],0
10,[-0.50421923  0.00206527],1,-1.0,[-0.5022992   0.00192001],0
10,[-0.5022992   0.00192001],1,-1.0,[-0.5005388   0.00176037],0
10,[-0.5005388   0.00176037],1,-1.0,[-0.4989513   0.00158756],0
10,[-0.4989513   0.00158756],1,-1.0,[-0.4975484   0.00140287],0
10,[-0.4975484   0.00140287],1,-1.0,[-0.49634072  0.00120769],0
10,[-0.49634072  0.00120769],1,-1.0,[-0.49533725  0.00100348],0
10,[-0.49533725  0.00100348],1,-1.0,[-0.49454546  0.00079178],0
10,[-0.49454546  0.00079178],1,-1.0,[-0.49397132  0.00057415],0
10,[-0.49397132  0.00057415],1,-1.0,[-4.9361908e-01  3.5223839e-04],0
10,[-4.9361908e-01  3.5223839e-04],1,-1.0,[-4.9349138e-01  1.2769364e-04],0
10,[-4.9349138e-01  1.2769364e-04],1,-1.0,[-4.935892e-01 -9.780495e-05],0
10,[-4.935892e-01 -9.780495e-05],1,-1.0,[-4.9391174e-01 -3.2257297e-04],0
10,[-4.9391174e-01 -3.2257297e-04],1,-1.0,[-0.49445668 -0.00054493],0
10,[-0.49445668 -0.00054493],1,-1.0,[-0.49521992 -0.00076322],0
10,[-0.49521992 -0.00076322],1,-1.0,[-0.4961957 -0.0009758],0
10,[-0.4961957 -0.0009758],1,-1.0,[-0.4973768  -0.00118109],0
10,[-0.4973768  -0.00118109],1,-1.0,[-0.49875435 -0.00137756],0
10,[-0.49875435 -0.00137756],1,-1.0,[-0.50031805 -0.00156372],0
10,[-0.50031805 -0.00156372],1,-1.0,[-0.50205624 -0.00173818],0
10,[-0.50205624 -0.00173818],1,-1.0,[-0.5039559  -0.00189964],0
10,[-0.5039559  -0.00189964],1,-1.0,[-0.5060028  -0.00204687],0
10,[-0.5060028  -0.00204687],1,-1.0,[-0.5081816  -0.00217878],0
10,[-0.5081816  -0.00217878],1,-1.0,[-0.51047593 -0.00229437],0
10,[-0.51047593 -0.00229437],1,-1.0,[-0.5128687  -0.00239277],0
10,[-0.5128687  -0.00239277],1,-1.0,[-0.51534194 -0.00247323],0
10,[-0.51534194 -0.00247323],1,-1.0,[-0.51787704 -0.00253515],0
10,[-0.51787704 -0.00253515],1,-1.0,[-0.5204551  -0.00257806],0
10,[-0.5204551  -0.00257806],1,-1.0,[-0.52305675 -0.00260164],0
10,[-0.52305675 -0.00260164],1,-1.0,[-0.5256625 -0.0026057],0
10,[-0.5256625 -0.0026057],1,-1.0,[-0.52825266 -0.00259022],0
10,[-0.52825266 -0.00259022],1,-1.0,[-0.53080803 -0.00255532],0
10,[-0.53080803 -0.00255532],1,-1.0,[-0.5333093  -0.00250126],0
10,[-0.5333093  -0.00250126],1,-1.0,[-0.5357377  -0.00242844],0
10,[-0.5357377  -0.00242844],1,-1.0,[-0.5380751  -0.00233742],0
10,[-0.5380751  -0.00233742],1,-1.0,[-0.540304   -0.00222888],0
10,[-0.540304   -0.00222888],1,-1.0,[-0.54240763 -0.00210364],0
10,[-0.54240763 -0.00210364],1,-1.0,[-0.5443703  -0.00196265],0
10,[-0.5443703  -0.00196265],1,-1.0,[-0.54617727 -0.00180696],0
10,[-0.54617727 -0.00180696],1,-1.0,[-0.54781497 -0.00163775],0
10,[-0.54781497 -0.00163775],1,-1.0,[-0.5492713  -0.00145629],0
10,[-0.5492713  -0.00145629],1,-1.0,[-0.5505352  -0.00126394],0
10,[-0.5505352  -0.00126394],1,-1.0,[-0.55159736 -0.00106214],0
10,[-0.55159736 -0.00106214],1,-1.0,[-0.55244976 -0.00085239],0
10,[-0.55244976 -0.00085239],1,-1.0,[-0.55308604 -0.00063628],0
10,[-0.55308604 -0.00063628],1,-1.0,[-5.5350143e-01 -4.1541416e-04],0
10,[-5.5350143e-01 -4.1541416e-04],1,-1.0,[-5.536929e-01 -1.914448e-04],0
10,[-5.536929e-01 -1.914448e-04],1,-1.0,[-5.5365896e-01  3.3954584e-05],0
10,[-5.5365896e-01  3.3954584e-05],1,-1.0,[-5.5339986e-01  2.5910034e-04],0
10,[-5.5339986e-01  2.5910034e-04],1,-1.0,[-5.5291754e-01  4.8231069e-04],0
10,[-5.5291754e-01  4.8231069e-04],1,-1.0,[-0.55221564  0.00070192],0
10,[-0.55221564  0.00070192],1,-1.0,[-0.55129933  0.00091628],0
10,[-0.55129933  0.00091628],1,-1.0,[-0.55017555  0.0011238 ],0
10,[-0.55017555  0.0011238 ],1,-1.0,[-0.5488526   0.00132291],0
10,[-0.5488526   0.00132291],1,-1.0,[-0.5473405   0.00151213],0
10,[-0.5473405   0.00151213],1,-1.0,[-0.5456504   0.00169005],0
10,[-0.5456504   0.00169005],1,-1.0,[-0.5437951   0.00185531],0
10,[-0.5437951   0.00185531],1,-1.0,[-0.54178846  0.00200669],0
10,[-0.54178846  0.00200669],1,-1.0,[-0.5396454   0.00214305],0
10,[-0.5396454   0.00214305],1,-1.0,[-0.53738207  0.00226335],0
10,[-0.53738207  0.00226335],1,-1.0,[-0.53501534  0.0023667 ],0
10,[-0.53501534  0.0023667 ],1,-1.0,[-0.53256303  0.0024523 ],0
10,[-0.53256303  0.0024523 ],1,-1.0,[-0.53004354  0.00251953],0
10,[-0.53004354  0.00251953],1,-1.0,[-0.52747566  0.00256786],0
10,[-0.52747566  0.00256786],1,-1.0,[-0.52487874  0.00259694],0
10,[-0.52487874  0.00259694],1,-1.0,[-0.52227217  0.00260653],0
10,[-0.52227217  0.00260653],1,-1.0,[-0.5196756   0.00259659],0
10,[-0.5196756   0.00259659],1,-1.0,[-0.51710844  0.00256716],0
10,[-0.51710844  0.00256716],1,-1.0,[-0.51458997  0.00251849],0
10,[-0.51458997  0.00251849],1,-1.0,[-0.512139    0.00245093],0
10,[-0.512139    0.00245093],1,-1.0,[-0.509774  0.002365],0
10,[-0.509774  0.002365],1,-1.0,[-0.5075127   0.00226134],0
10,[-0.5075127   0.00226134],1,-1.0,[-0.5053719   0.00214074],0
10,[-0.5053719   0.00214074],1,-1.0,[-0.50336784  0.00200411],0
10,[-0.50336784  0.00200411],1,-1.0,[-0.5015153   0.00185247],0
10,[-0.5015153   0.00185247],1,-1.0,[-0.4998284   0.00168697],0
10,[-0.4998284   0.00168697],1,-1.0,[-0.49831954  0.00150884],0
10,[-0.49831954  0.00150884],1,-1.0,[-0.49700013  0.00131943],0
10,[-0.49700013  0.00131943],1,-1.0,[-0.49587998  0.00112015],0
10,[-0.49587998  0.00112015],1,-1.0,[-0.49496746  0.0009125 ],0
10,[-0.49496746  0.0009125 ],1,-1.0,[-0.49426943  0.00069803],0
10,[-0.49426943  0.00069803],1,-1.0,[-4.9379110e-01  4.7834095e-04],0
10,[-4.9379110e-01  4.7834095e-04],1,-1.0,[-4.9353603e-01  2.5508125e-04],0
10,[-4.9353603e-01  2.5508125e-04],1,-1.0,[-4.9350610e-01  2.9916133e-05],0
10,[-4.9350610e-01  2.9916133e-05],1,-1.0,[-4.9370158e-01 -1.9547243e-04],0
10,[-4.9370158e-01 -1.9547243e-04],1,-1.0,[-4.941210e-01 -4.194009e-04],0
10,[-4.941210e-01 -4.194009e-04],1,-1.0,[-0.49476117 -0.0006402 ],0
10,[-0.49476117 -0.0006402 ],1,-1.0,[-0.4956174  -0.00085621],0
10,[-0.4956174  -0.00085621],1,-1.0,[-0.4966832  -0.00106582],0
10,[-0.4966832  -0.00106582],1,-1.0,[-0.49795067 -0.00126747],0
10,[-0.49795067 -0.00126747],1,-1.0,[-0.49941033 -0.00145964],0
10,[-0.49941033 -0.00145964],1,-1.0,[-0.5010512 -0.0016409],0
10,[-0.5010512 -0.0016409],1,-1.0,[-0.5028611  -0.00180987],0
10,[-0.5028611  -0.00180987],1,-1.0,[-0.50482637 -0.00196531],0
10,[-0.50482637 -0.00196531],1,-1.0,[-0.50693244 -0.00210602],0
10,[-0.50693244 -0.00210602],1,-1.0,[-0.5091634  -0.00223097],0
10,[-0.5091634  -0.00223097],1,-1.0,[-0.51150256 -0.0023392 ],0
10,[-0.51150256 -0.0023392 ],1,-1.0,[-0.51393247 -0.0024299 ],0
10,[-0.51393247 -0.0024299 ],1,-1.0,[-0.5164349  -0.00250239],0
10,[-0.5164349  -0.00250239],1,-1.0,[-0.518991   -0.00255611],0
10,[-0.518991   -0.00255611],1,-1.0,[-0.52158165 -0.00259067],0
10,[-0.52158165 -0.00259067],1,-1.0,[-0.52418745 -0.0026058 ],0
10,[-0.52418745 -0.0026058 ],1,-1.0,[-0.52678883 -0.00260138],0
10,[-0.52678883 -0.00260138],1,-1.0,[-0.5293663  -0.00257746],0
10,[-0.5293663  -0.00257746],1,-1.0,[-0.5319005  -0.00253421],0
10,[-0.5319005  -0.00253421],1,-1.0,[-0.53437245 -0.00247195],0
10,[-0.53437245 -0.00247195],1,-1.0,[-0.5367636  -0.00239116],0
10,[-0.5367636  -0.00239116],1,-1.0,[-0.53905606 -0.00229245],0
10,[-0.53905606 -0.00229245],1,-1.0,[-0.54123265 -0.00217656],0
10,[-0.54123265 -0.00217656],1,-1.0,[-0.543277   -0.00204437],0
10,[-0.543277   -0.00204437],1,-1.0,[-0.5451739  -0.00189687],0
10,[-0.5451739  -0.00189687],1,-1.0,[-0.54690903 -0.00173517],0
10,[-0.54690903 -0.00173517],1,-1.0,[-0.54846954 -0.00156048],0
10,[-0.54846954 -0.00156048],1,-1.0,[-0.54984367 -0.00137413],0
10,[-0.54984367 -0.00137413],1,-1.0,[-0.55102116 -0.00117749],0
10,[-0.55102116 -0.00117749],1,-1.0,[-0.5519932  -0.00097206],0
10,[-0.5519932  -0.00097206],1,-1.0,[-0.55275255 -0.00075936],0
10,[-0.55275255 -0.00075936],1,-1.0,[-5.5329353e-01 -5.4098107e-04],0
10,[-5.5329353e-01 -5.4098107e-04],1,-1.0,[-5.5361211e-01 -3.1856482e-04],0
10,[-5.5361211e-01 -3.1856482e-04],1,-1.0,[-5.5370587e-01 -9.3768926e-05],0
10,[-5.5370587e-01 -9.3768926e-05],1,-1.0,[-5.5357414e-01  1.3172739e-04],0
10,[-5.5357414e-01  1.3172739e-04],1,-1.0,[-5.5321789e-01  3.5623976e-04],0
10,[-5.5321789e-01  3.5623976e-04],1,-1.0,[-0.5526398   0.00057809],0
10,[-0.5526398   0.00057809],1,-1.0,[-0.5518442   0.00079562],0
10,[-0.5518442   0.00079562],1,-1.0,[-0.550837    0.00100721],0
10,[-0.550837    0.00100721],1,-1.0,[-0.5496257   0.00121127],0
10,[-0.5496257   0.00121127],1,-1.0,[-0.54821944  0.00140627],0
10,[-0.54821944  0.00140627],1,-1.0,[-0.54662865  0.00159076],0
10,[-0.54662865  0.00159076],1,-1.0,[-0.5448653   0.00176335],0
10,[-0.5448653   0.00176335],1,-1.0,[-0.5429426   0.00192274],0
10,[-0.5429426   0.00192274],1,-1.0,[-0.54087484  0.00206774],0
10,[-0.54087484  0.00206774],1,-1.0,[-0.53867763  0.00219725],0
10,[-0.53867763  0.00219725],1,-1.0,[-0.5363673  0.0023103],0
10,[-0.5363673  0.0023103],1,-1.0,[-0.53396124  0.00240604],0
10,[-0.53396124  0.00240604],1,-1.0,[-0.5314775   0.00248375],0
10,[-0.5314775   0.00248375],1,-1.0,[-0.52893466  0.00254283],0
10,[-0.52893466  0.00254283],1,-1.0,[-0.5263518   0.00258285],0
10,[-0.5263518   0.00258285],1,-1.0,[-0.52374834  0.0026035 ],0
10,[-0.52374834  0.0026035 ],1,-1.0,[-0.52114373  0.00260462],1
11,"(array([-0.58148265,  0.        ], dtype=float32), {})",1,-1.0,[-5.8105069e-01  4.3195038e-04],0
11,[-5.8105069e-01  4.3195038e-04],1,-1.0,[-0.58018994  0.00086071],0
11,[-0.58018994  0.00086071],1,-1.0,[-0.5789069   0.00128311],0
11,[-0.5789069   0.00128311],1,-1.0,[-0.57721084  0.00169602],0
11,[-0.57721084  0.00169602],1,-1.0,[-0.5751145   0.00209638],0
11,[-0.5751145   0.00209638],1,-1.0,[-0.57263327  0.00248121],0
11,[-0.57263327  0.00248121],1,-1.0,[-0.5697856   0.00284764],0
11,[-0.5697856   0.00284764],1,-1.0,[-0.5665927   0.00319294],0
11,[-0.5665927   0.00319294],1,-1.0,[-0.56307817  0.0035145 ],0
11,[-0.56307817  0.0035145 ],1,-1.0,[-0.5592683  0.0038099],0
11,[-0.5592683  0.0038099],1,-1.0,[-0.5551914   0.00407691],0
11,[-0.5551914   0.00407691],1,-1.0,[-0.55087787  0.0043135 ],0
11,[-0.55087787  0.0043135 ],1,-1.0,[-0.54636     0.00451787],0
11,[-0.54636     0.00451787],1,-1.0,[-0.5416716   0.00468844],0
11,[-0.5416716   0.00468844],1,-1.0,[-0.53684765  0.00482392],0
11,[-0.53684765  0.00482392],1,-1.0,[-0.53192437  0.00492326],0
11,[-0.53192437  0.00492326],1,-1.0,[-0.5269387  0.0049857],0
11,[-0.5269387  0.0049857],1,-1.0,[-0.52192795  0.00501075],0
11,[-0.52192795  0.00501075],1,-1.0,[-0.51692975  0.00499822],0
11,[-0.51692975  0.00499822],1,-1.0,[-0.5119815  0.0049482],0
11,[-0.5119815  0.0049482],1,-1.0,[-0.50712043  0.00486109],0
11,[-0.50712043  0.00486109],1,-1.0,[-0.5023829   0.00473755],0
11,[-0.5023829   0.00473755],1,-1.0,[-0.49780434  0.00457854],0
11,[-0.49780434  0.00457854],1,-1.0,[-0.49341905  0.00438528],0
11,[-0.49341905  0.00438528],1,-1.0,[-0.4892598   0.00415924],0
11,[-0.4892598   0.00415924],1,-1.0,[-0.48535767  0.00390215],0
11,[-0.48535767  0.00390215],1,-1.0,[-0.4817417   0.00361597],0
11,[-0.4817417   0.00361597],1,-1.0,[-0.47843882  0.00330287],0
11,[-0.47843882  0.00330287],1,-1.0,[-0.47547364  0.0029652 ],0
11,[-0.47547364  0.0029652 ],1,-1.0,[-0.4728681   0.00260552],0
11,[-0.4728681   0.00260552],1,-1.0,[-0.4706416  0.0022265],0
11,[-0.4706416  0.0022265],1,-1.0,[-0.46881062  0.00183099],0
11,[-0.46881062  0.00183099],1,-1.0,[-0.4673887   0.00142193],0
11,[-0.4673887   0.00142193],1,-1.0,[-0.46638635  0.00100235],0
11,[-0.46638635  0.00100235],1,-1.0,[-0.46581098  0.00057536],0
11,[-0.46581098  0.00057536],1,-1.0,[-4.6566686e-01  1.4411892e-04],0
11,[-4.6566686e-01  1.4411892e-04],1,-1.0,[-4.6595505e-01 -2.8818645e-04],0
11,[-4.6595505e-01 -2.8818645e-04],1,-1.0,[-0.4666734  -0.00071836],0
11,[-0.4666734  -0.00071836],1,-1.0,[-0.46781665 -0.00114323],0
11,[-0.46781665 -0.00114323],1,-1.0,[-0.4693763  -0.00155965],0
11,[-0.4693763  -0.00155965],1,-1.0,[-0.4713408  -0.00196452],0
11,[-0.4713408  -0.00196452],1,-1.0,[-0.47369567 -0.00235486],0
11,[-0.47369567 -0.00235486],1,-1.0,[-0.4764234  -0.00272773],0
11,[-0.4764234  -0.00272773],1,-1.0,[-0.47950378 -0.00308037],0
11,[-0.47950378 -0.00308037],1,-1.0,[-0.48291388 -0.00341012],0
11,[-0.48291388 -0.00341012],1,-1.0,[-0.48662838 -0.0037145 ],0
11,[-0.48662838 -0.0037145 ],1,-1.0,[-0.4906196  -0.00399121],0
11,[-0.4906196  -0.00399121],1,-1.0,[-0.49485773 -0.00423815],0
11,[-0.49485773 -0.00423815],1,-1.0,[-0.49931118 -0.00445344],0
11,[-0.49931118 -0.00445344],1,-1.0,[-0.5039466  -0.00463543],0
11,[-0.5039466  -0.00463543],1,-1.0,[-0.50872934 -0.00478274],0
11,[-0.50872934 -0.00478274],1,-1.0,[-0.5136236  -0.00489422],0
11,[-0.5136236  -0.00489422],1,-1.0,[-0.5185926  -0.00496903],0
11,[-0.5185926  -0.00496903],1,-1.0,[-0.52359915 -0.00500657],0
11,[-0.52359915 -0.00500657],1,-1.0,[-0.52860576 -0.00500657],0
11,[-0.52860576 -0.00500657],1,-1.0,[-0.53357476 -0.00496902],0
11,[-0.53357476 -0.00496902],1,-1.0,[-0.53846896 -0.00489421],0
11,[-0.53846896 -0.00489421],1,-1.0,[-0.5432517  -0.00478272],0
11,[-0.5432517  -0.00478272],1,-1.0,[-0.5478871  -0.00463541],0
11,[-0.5478871  -0.00463541],1,-1.0,[-0.5523405  -0.00445341],0
11,[-0.5523405  -0.00445341],1,-1.0,[-0.5565786  -0.00423811],0
11,[-0.5565786  -0.00423811],1,-1.0,[-0.56056976 -0.00399117],0
11,[-0.56056976 -0.00399117],1,-1.0,[-0.5642842  -0.00371445],0
11,[-0.5642842  -0.00371445],1,-1.0,[-0.5676943  -0.00341007],0
11,[-0.5676943  -0.00341007],1,-1.0,[-0.5707746  -0.00308031],0
11,[-0.5707746  -0.00308031],1,-1.0,[-0.5735023  -0.00272768],0
11,[-0.5735023  -0.00272768],1,-1.0,[-0.5758571 -0.0023548],0
11,[-0.5758571 -0.0023548],1,-1.0,[-0.57782155 -0.00196446],0
11,[-0.57782155 -0.00196446],1,-1.0,[-0.5793811  -0.00155958],0
11,[-0.5793811  -0.00155958],1,-1.0,[-0.58052427 -0.00114317],0
11,[-0.58052427 -0.00114317],1,-1.0,[-0.58124256 -0.0007183 ],0
11,[-0.58124256 -0.0007183 ],1,-1.0,[-5.8153069e-01 -2.8811954e-04],0
11,[-5.8153069e-01 -2.8811954e-04],1,-1.0,[-5.813865e-01  1.441859e-04],0
11,[-5.813865e-01  1.441859e-04],1,-1.0,[-5.808111e-01  5.754262e-04],0
11,[-5.808111e-01  5.754262e-04],1,-1.0,[-0.57980865  0.00100241],0
11,[-0.57980865  0.00100241],1,-1.0,[-0.57838666  0.00142199],0
11,[-0.57838666  0.00142199],1,-1.0,[-0.5765556   0.00183106],0
11,[-0.5765556   0.00183106],1,-1.0,[-0.5743291   0.00222656],0
11,[-0.5743291   0.00222656],1,-1.0,[-0.57172346  0.00260557],0
11,[-0.57172346  0.00260557],1,-1.0,[-0.56875825  0.00296526],0
11,[-0.56875825  0.00296526],1,-1.0,[-0.5654553   0.00330292],0
11,[-0.5654553   0.00330292],1,-1.0,[-0.5618393   0.00361602],0
11,[-0.5618393   0.00361602],1,-1.0,[-0.5579371   0.00390219],0
11,[-0.5579371   0.00390219],1,-1.0,[-0.5537778   0.00415927],0
11,[-0.5537778   0.00415927],1,-1.0,[-0.5493925   0.00438531],0
11,[-0.5493925   0.00438531],1,-1.0,[-0.54481393  0.00457857],0
11,[-0.54481393  0.00457857],1,-1.0,[-0.5400764   0.00473757],0
11,[-0.5400764   0.00473757],1,-1.0,[-0.53521526  0.00486111],0
11,[-0.53521526  0.00486111],1,-1.0,[-0.53026706  0.00494821],0
11,[-0.53026706  0.00494821],1,-1.0,[-0.52526885  0.00499822],0
11,[-0.52526885  0.00499822],1,-1.0,[-0.52025807  0.00501075],0
11,[-0.52025807  0.00501075],1,-1.0,[-0.5152724   0.00498569],0
11,[-0.5152724   0.00498569],1,-1.0,[-0.51034915  0.00492325],0
11,[-0.51034915  0.00492325],1,-1.0,[-0.50552523  0.0048239 ],0
11,[-0.50552523  0.0048239 ],1,-1.0,[-0.50083685  0.00468842],0
11,[-0.50083685  0.00468842],1,-1.0,[-0.496319    0.00451784],0
11,[-0.496319    0.00451784],1,-1.0,[-0.49200553  0.00431347],0
11,[-0.49200553  0.00431347],1,-1.0,[-0.48792866  0.00407687],0
11,[-0.48792866  0.00407687],1,-1.0,[-0.4841188   0.00380986],0
11,[-0.4841188   0.00380986],1,-1.0,[-0.48060435  0.00351445],0
11,[-0.48060435  0.00351445],1,-1.0,[-0.47741145  0.00319288],0
11,[-0.47741145  0.00319288],1,-1.0,[-0.47456387  0.00284759],0
11,[-0.47456387  0.00284759],1,-1.0,[-0.47208273  0.00248115],0
11,[-0.47208273  0.00248115],1,-1.0,[-0.4699864   0.00209632],0
11,[-0.4699864   0.00209632],1,-1.0,[-0.46829045  0.00169595],0
11,[-0.46829045  0.00169595],1,-1.0,[-0.4670074   0.00128304],0
11,[-0.4670074   0.00128304],1,-1.0,[-0.46614677  0.00086064],0
11,[-0.46614677  0.00086064],1,-1.0,[-4.6571487e-01  4.3188361e-04],0
11,[-4.6571487e-01  4.3188361e-04],1,-1.0,[-4.6571496e-01 -6.7010568e-08],0
11,[-4.6571496e-01 -6.7010568e-08],1,-1.0,[-4.6614698e-01 -4.3201714e-04],0
11,[-4.6614698e-01 -4.3201714e-04],1,-1.0,[-0.46700776 -0.00086078],0
11,[-0.46700776 -0.00086078],1,-1.0,[-0.46829093 -0.00128317],0
11,[-0.46829093 -0.00128317],1,-1.0,[-0.469987   -0.00169608],0
11,[-0.469987   -0.00169608],1,-1.0,[-0.47208345 -0.00209644],0
11,[-0.47208345 -0.00209644],1,-1.0,[-0.4745647  -0.00248127],0
11,[-0.4745647  -0.00248127],1,-1.0,[-0.4774124 -0.0028477],0
11,[-0.4774124 -0.0028477],1,-1.0,[-0.4806054  -0.00319299],0
11,[-0.4806054  -0.00319299],1,-1.0,[-0.48411992 -0.00351454],0
11,[-0.48411992 -0.00351454],1,-1.0,[-0.48792988 -0.00380994],0
11,[-0.48792988 -0.00380994],1,-1.0,[-0.49200684 -0.00407695],0
11,[-0.49200684 -0.00407695],1,-1.0,[-0.49632037 -0.00431354],0
11,[-0.49632037 -0.00431354],1,-1.0,[-0.5008383 -0.0045179],0
11,[-0.5008383 -0.0045179],1,-1.0,[-0.5055267  -0.00468847],0
11,[-0.5055267  -0.00468847],1,-1.0,[-0.51035064 -0.00482394],0
11,[-0.51035064 -0.00482394],1,-1.0,[-0.5152739  -0.00492328],0
11,[-0.5152739  -0.00492328],1,-1.0,[-0.5202596  -0.00498571],0
11,[-0.5202596  -0.00498571],1,-1.0,[-0.5252704  -0.00501075],0
11,[-0.5252704  -0.00501075],1,-1.0,[-0.5302686  -0.00499821],0
11,[-0.5302686  -0.00499821],1,-1.0,[-0.5352168  -0.00494819],0
11,[-0.5352168  -0.00494819],1,-1.0,[-0.54007787 -0.00486107],0
11,[-0.54007787 -0.00486107],1,-1.0,[-0.5448154  -0.00473753],0
11,[-0.5448154  -0.00473753],1,-1.0,[-0.5493939  -0.00457851],0
11,[-0.5493939  -0.00457851],1,-1.0,[-0.5537792  -0.00438524],0
11,[-0.5537792  -0.00438524],1,-1.0,[-0.55793834 -0.0041592 ],0
11,[-0.55793834 -0.0041592 ],1,-1.0,[-0.5618405  -0.00390211],0
11,[-0.5618405  -0.00390211],1,-1.0,[-0.5654564  -0.00361592],0
11,[-0.5654564  -0.00361592],1,-1.0,[-0.5687592  -0.00330282],0
11,[-0.5687592  -0.00330282],1,-1.0,[-0.57172436 -0.00296515],0
11,[-0.57172436 -0.00296515],1,-1.0,[-0.5743298  -0.00260546],0
11,[-0.5743298  -0.00260546],1,-1.0,[-0.57655627 -0.00222644],0
11,[-0.57655627 -0.00222644],1,-1.0,[-0.5783872  -0.00183093],0
11,[-0.5783872  -0.00183093],1,-1.0,[-0.57980907 -0.00142187],0
11,[-0.57980907 -0.00142187],1,-1.0,[-0.5808113  -0.00100228],0
11,[-0.5808113  -0.00100228],1,-1.0,[-5.813866e-01 -5.752931e-04],0
11,[-5.813866e-01 -5.752931e-04],1,-1.0,[-5.8153069e-01 -1.4405194e-04],0
11,[-5.8153069e-01 -1.4405194e-04],1,-1.0,[-5.8124244e-01  2.8825333e-04],0
11,[-5.8124244e-01  2.8825333e-04],1,-1.0,[-0.58052397  0.00071843],0
11,[-0.58052397  0.00071843],1,-1.0,[-0.5793807  0.0011433],0
11,[-0.5793807  0.0011433],1,-1.0,[-0.577821    0.00155971],0
11,[-0.577821    0.00155971],1,-1.0,[-0.5758564   0.00196459],0
11,[-0.5758564   0.00196459],1,-1.0,[-0.57350147  0.00235491],0
11,[-0.57350147  0.00235491],1,-1.0,[-0.5707737   0.00272779],0
11,[-0.5707737   0.00272779],1,-1.0,[-0.5676933   0.00308042],0
11,[-0.5676933   0.00308042],1,-1.0,[-0.56428313  0.00341017],0
11,[-0.56428313  0.00341017],1,-1.0,[-0.5605686   0.00371454],0
11,[-0.5605686   0.00371454],1,-1.0,[-0.5565773   0.00399125],0
11,[-0.5565773   0.00399125],1,-1.0,[-0.55233914  0.00423818],0
11,[-0.55233914  0.00423818],1,-1.0,[-0.54788566  0.00445347],0
11,[-0.54788566  0.00445347],1,-1.0,[-0.5432502   0.00463546],0
11,[-0.5432502   0.00463546],1,-1.0,[-0.53846747  0.00478276],0
11,[-0.53846747  0.00478276],1,-1.0,[-0.5335732   0.00489424],0
11,[-0.5335732   0.00489424],1,-1.0,[-0.5286042   0.00496903],0
11,[-0.5286042   0.00496903],1,-1.0,[-0.5235976   0.00500657],0
11,[-0.5235976   0.00500657],1,-1.0,[-0.51859105  0.00500656],0
11,[-0.51859105  0.00500656],1,-1.0,[-0.51362205  0.00496901],0
11,[-0.51362205  0.00496901],1,-1.0,[-0.50872785  0.00489419],0
11,[-0.50872785  0.00489419],1,-1.0,[-0.5039452  0.0047827],0
11,[-0.5039452  0.0047827],1,-1.0,[-0.49930975  0.00463538],0
11,[-0.49930975  0.00463538],1,-1.0,[-0.4948564   0.00445338],0
11,[-0.4948564   0.00445338],1,-1.0,[-0.49061832  0.00423808],0
11,[-0.49061832  0.00423808],1,-1.0,[-0.4866272   0.00399112],0
11,[-0.4866272   0.00399112],1,-1.0,[-0.48291278  0.00371441],0
11,[-0.48291278  0.00371441],1,-1.0,[-0.47950277  0.00341002],0
11,[-0.47950277  0.00341002],1,-1.0,[-0.4764225   0.00308026],0
11,[-0.4764225   0.00308026],1,-1.0,[-0.4736949   0.00272762],0
11,[-0.4736949   0.00272762],1,-1.0,[-0.47134015  0.00235474],0
11,[-0.47134015  0.00235474],1,-1.0,[-0.46937573  0.0019644 ],0
11,[-0.46937573  0.0019644 ],1,-1.0,[-0.46781623  0.00155952],0
11,[-0.46781623  0.00155952],1,-1.0,[-0.46667314  0.0011431 ],0
11,[-0.46667314  0.0011431 ],1,-1.0,[-0.4659549   0.00071823],0
11,[-0.4659549   0.00071823],1,-1.0,[-4.6566683e-01  2.8805263e-04],0
11,[-4.6566683e-01  2.8805263e-04],1,-1.0,[-4.6581110e-01 -1.4425289e-04],0
11,[-4.6581110e-01 -1.4425289e-04],1,-1.0,[-0.4663866  -0.00057549],0
11,[-0.4663866  -0.00057549],1,-1.0,[-0.46738908 -0.00100248],0
11,[-0.46738908 -0.00100248],1,-1.0,[-0.46881112 -0.00142206],0
11,[-0.46881112 -0.00142206],1,-1.0,[-0.47064224 -0.00183112],0
11,[-0.47064224 -0.00183112],1,-1.0,[-0.47286886 -0.00222662],0
11,[-0.47286886 -0.00222662],1,-1.0,[-0.4754745  -0.00260563],0
11,[-0.4754745  -0.00260563],1,-1.0,[-0.4784398  -0.00296531],0
11,[-0.4784398  -0.00296531],1,-1.0,[-0.48174277 -0.00330297],0
11,[-0.48174277 -0.00330297],1,-1.0,[-0.48535883 -0.00361606],0
11,[-0.48535883 -0.00361606],1,-1.0,[-0.48926106 -0.00390223],0
11,[-0.48926106 -0.00390223],1,-1.0,[-0.4934204  -0.00415931],0
11,[-0.4934204  -0.00415931],1,-1.0,[-0.4978057  -0.00438534],0
11,[-0.4978057  -0.00438534],1,-1.0,[-0.5023843 -0.0045786],0
11,[-0.5023843 -0.0045786],1,-1.0,[-0.5071219 -0.0047376],0
11,[-0.5071219 -0.0047376],1,-1.0,[-0.51198304 -0.00486112],0
11,[-0.51198304 -0.00486112],1,-1.0,[-0.51693124 -0.00494822],0
11,[-0.51693124 -0.00494822],1,-1.0,[-0.5219295  -0.00499823],0
11,[-0.5219295  -0.00499823],1,-1.0,[-0.5269402  -0.00501075],1
12,"(array([-0.45297438,  0.        ], dtype=float32), {})",1,-1.0,[-0.45350012 -0.00052573],0
12,[-0.45350012 -0.00052573],1,-1.0,[-0.45454773 -0.0010476 ],0
12,[-0.45454773 -0.0010476 ],1,-1.0,[-0.4561095  -0.00156179],0
12,[-0.4561095  -0.00156179],1,-1.0,[-0.45817402 -0.00206451],0
12,[-0.45817402 -0.00206451],1,-1.0,[-0.46072605 -0.00255205],0
12,[-0.46072605 -0.00255205],1,-1.0,[-0.46374688 -0.0030208 ],0
12,[-0.46374688 -0.0030208 ],1,-1.0,[-0.46721414 -0.00346728],0
12,[-0.46721414 -0.00346728],1,-1.0,[-0.4711023  -0.00388816],0
12,[-0.4711023  -0.00388816],1,-1.0,[-0.47538257 -0.00428025],0
12,[-0.47538257 -0.00428025],1,-1.0,[-0.48002318 -0.00464062],0
12,[-0.48002318 -0.00464062],1,-1.0,[-0.48498967 -0.0049665 ],0
12,[-0.48498967 -0.0049665 ],1,-1.0,[-0.4902451  -0.00525542],0
12,[-0.4902451  -0.00525542],1,-1.0,[-0.49575025 -0.00550516],0
12,[-0.49575025 -0.00550516],1,-1.0,[-0.501464   -0.00571378],0
12,[-0.501464   -0.00571378],1,-1.0,[-0.5073437  -0.00587967],0
12,[-0.5073437  -0.00587967],1,-1.0,[-0.51334524 -0.00600153],0
12,[-0.51334524 -0.00600153],1,-1.0,[-0.51942366 -0.00607842],0
12,[-0.51942366 -0.00607842],1,-1.0,[-0.5255334  -0.00610973],0
12,[-0.5255334  -0.00610973],1,-1.0,[-0.5316286  -0.00609522],0
12,[-0.5316286  -0.00609522],1,-1.0,[-0.53766364 -0.00603501],0
12,[-0.53766364 -0.00603501],1,-1.0,[-0.54359317 -0.00592955],0
12,[-0.54359317 -0.00592955],1,-1.0,[-0.54937285 -0.00577968],0
12,[-0.54937285 -0.00577968],1,-1.0,[-0.5549594  -0.00558657],0
12,[-0.5549594  -0.00558657],1,-1.0,[-0.56031114 -0.00535171],0
12,[-0.56031114 -0.00535171],1,-1.0,[-0.5653881  -0.00507693],0
12,[-0.5653881  -0.00507693],1,-1.0,[-0.5701524  -0.00476433],0
12,[-0.5701524  -0.00476433],1,-1.0,[-0.5745687  -0.00441631],0
12,[-0.5745687  -0.00441631],1,-1.0,[-0.5786042  -0.00403552],0
12,[-0.5786042  -0.00403552],1,-1.0,[-0.5822291  -0.00362485],0
12,[-0.5822291  -0.00362485],1,-1.0,[-0.5854165  -0.00318739],0
12,[-0.5854165  -0.00318739],1,-1.0,[-0.5881429  -0.00272641],0
12,[-0.5881429  -0.00272641],1,-1.0,[-0.59038824 -0.00224535],0
12,[-0.59038824 -0.00224535],1,-1.0,[-0.59213597 -0.00174777],0
12,[-0.59213597 -0.00174777],1,-1.0,[-0.59337336 -0.00123736],0
12,[-0.59337336 -0.00123736],1,-1.0,[-0.59409124 -0.00071786],0
12,[-0.59409124 -0.00071786],1,-1.0,[-5.9428430e-01 -1.9309823e-04],0
12,[-5.9428430e-01 -1.9309823e-04],1,-1.0,[-5.9395123e-01  3.3307893e-04],0
12,[-5.9395123e-01  3.3307893e-04],1,-1.0,[-0.5930944   0.00085681],0
12,[-0.5930944   0.00085681],1,-1.0,[-0.59172016  0.00137426],0
12,[-0.59172016  0.00137426],1,-1.0,[-0.5898385   0.00188162],0
12,[-0.5898385   0.00188162],1,-1.0,[-0.5874634   0.00237516],0
12,[-0.5874634   0.00237516],1,-1.0,[-0.58461213  0.00285122],0
12,[-0.58461213  0.00285122],1,-1.0,[-0.58130586  0.00330627],0
12,[-0.58130586  0.00330627],1,-1.0,[-0.57756895  0.00373691],0
12,[-0.57756895  0.00373691],1,-1.0,[-0.57342905  0.00413992],0
12,[-0.57342905  0.00413992],1,-1.0,[-0.5689168   0.00451226],0
12,[-0.5689168   0.00451226],1,-1.0,[-0.5640657  0.0048511],0
12,[-0.5640657  0.0048511],1,-1.0,[-0.5589118   0.00515386],0
12,[-0.5589118   0.00515386],1,-1.0,[-0.5534936   0.00541821],0
12,[-0.5534936   0.00541821],1,-1.0,[-0.5478515   0.00564212],0
12,[-0.5478515   0.00564212],1,-1.0,[-0.54202765  0.00582385],0
12,[-0.54202765  0.00582385],1,-1.0,[-0.53606564  0.005962  ],0
12,[-0.53606564  0.005962  ],1,-1.0,[-0.53001016  0.00605548],0
12,[-0.53001016  0.00605548],1,-1.0,[-0.5239066   0.00610356],0
12,[-0.5239066   0.00610356],1,-1.0,[-0.51780075  0.00610587],0
12,[-0.51780075  0.00610587],1,-1.0,[-0.51173836  0.00606239],0
12,[-0.51173836  0.00606239],1,-1.0,[-0.5057649   0.00597345],0
12,[-0.5057649   0.00597345],1,-1.0,[-0.49992514  0.00583976],0
12,[-0.49992514  0.00583976],1,-1.0,[-0.49426275  0.00566236],0
12,[-0.49426275  0.00566236],1,-1.0,[-0.48882014  0.00544262],0
12,[-0.48882014  0.00544262],1,-1.0,[-0.4836379   0.00518226],0
12,[-0.4836379   0.00518226],1,-1.0,[-0.4787546   0.00488327],0
12,[-0.4787546   0.00488327],1,-1.0,[-0.47420666  0.00454795],0
12,[-0.47420666  0.00454795],1,-1.0,[-0.4700278   0.00417886],0
12,[-0.4700278   0.00417886],1,-1.0,[-0.466249    0.00377881],0
12,[-0.466249    0.00377881],1,-1.0,[-0.4628982  0.0033508],0
12,[-0.4628982  0.0033508],1,-1.0,[-0.46000013  0.00289806],0
12,[-0.46000013  0.00289806],1,-1.0,[-0.45757616  0.00242396],0
12,[-0.45757616  0.00242396],1,-1.0,[-0.45564416  0.00193202],0
12,[-0.45564416  0.00193202],1,-1.0,[-0.45421827  0.00142589],0
12,[-0.45421827  0.00142589],1,-1.0,[-0.45330897  0.00090928],0
12,[-0.45330897  0.00090928],1,-1.0,[-4.5292297e-01  3.8600576e-04],0
12,[-4.5292297e-01  3.8600576e-04],1,-1.0,[-4.5306307e-01 -1.4010008e-04],0
12,[-4.5306307e-01 -1.4010008e-04],1,-1.0,[-0.45372826 -0.00066518],0
12,[-0.45372826 -0.00066518],1,-1.0,[-0.45491362 -0.00118538],0
12,[-0.45491362 -0.00118538],1,-1.0,[-0.4566105  -0.00169688],0
12,[-0.4566105  -0.00169688],1,-1.0,[-0.45880643 -0.00219592],0
12,[-0.45880643 -0.00219592],1,-1.0,[-0.46148524 -0.00267881],0
12,[-0.46148524 -0.00267881],1,-1.0,[-0.4646272  -0.00314197],0
12,[-0.4646272  -0.00314197],1,-1.0,[-0.46820915 -0.00358195],0
12,[-0.46820915 -0.00358195],1,-1.0,[-0.4722046  -0.00399546],0
12,[-0.4722046  -0.00399546],1,-1.0,[-0.476584   -0.00437939],0
12,[-0.476584   -0.00437939],1,-1.0,[-0.48131484 -0.00473084],0
12,[-0.48131484 -0.00473084],1,-1.0,[-0.48636195 -0.00504712],0
12,[-0.48636195 -0.00504712],1,-1.0,[-0.49168777 -0.00532581],0
12,[-0.49168777 -0.00532581],1,-1.0,[-0.49725255 -0.00556478],0
12,[-0.49725255 -0.00556478],1,-1.0,[-0.5030147  -0.00576217],0
12,[-0.5030147  -0.00576217],1,-1.0,[-0.50893116 -0.00591645],0
12,[-0.50893116 -0.00591645],1,-1.0,[-0.5149576  -0.00602642],0
12,[-0.5149576  -0.00602642],1,-1.0,[-0.5210488  -0.00609122],0
12,[-0.5210488  -0.00609122],1,-1.0,[-0.52715915 -0.00611035],0
12,[-0.52715915 -0.00611035],1,-1.0,[-0.5332428  -0.00608365],0
12,[-0.5332428  -0.00608365],1,-1.0,[-0.5392541  -0.00601133],0
12,[-0.5392541  -0.00601133],1,-1.0,[-0.5451481  -0.00589396],0
12,[-0.5451481  -0.00589396],1,-1.0,[-0.55088055 -0.00573245],0
12,[-0.55088055 -0.00573245],1,-1.0,[-0.5564086  -0.00552806],0
12,[-0.5564086  -0.00552806],1,-1.0,[-0.561691   -0.00528239],0
12,[-0.561691   -0.00528239],1,-1.0,[-0.5666883  -0.00499732],0
12,[-0.5666883  -0.00499732],1,-1.0,[-0.57136333 -0.00467504],0
12,[-0.57136333 -0.00467504],1,-1.0,[-0.5756814  -0.00431803],0
12,[-0.5756814  -0.00431803],1,-1.0,[-0.5796104 -0.003929 ],0
12,[-0.5796104 -0.003929 ],1,-1.0,[-0.58312124 -0.00351089],0
12,[-0.58312124 -0.00351089],1,-1.0,[-0.58618814 -0.00306684],0
12,[-0.58618814 -0.00306684],1,-1.0,[-0.5887883  -0.00260017],0
12,[-0.5887883  -0.00260017],1,-1.0,[-0.5909026  -0.00211436],0
12,[-0.5909026  -0.00211436],1,-1.0,[-0.59251565 -0.00161301],0
12,[-0.59251565 -0.00161301],1,-1.0,[-0.5936155 -0.0010998],0
12,[-0.5936155 -0.0010998],1,-1.0,[-5.9419399e-01 -5.7853205e-04],0
12,[-5.9419399e-01 -5.7853205e-04],1,-1.0,[-5.9424698e-01 -5.3017146e-05],0
12,[-5.9424698e-01 -5.3017146e-05],1,-1.0,[-5.9377414e-01  4.7288652e-04],0
12,[-5.9377414e-01  4.7288652e-04],1,-1.0,[-0.5927788   0.00099532],0
12,[-0.5927788   0.00099532],1,-1.0,[-0.59126836  0.00151046],0
12,[-0.59126836  0.00151046],1,-1.0,[-0.58925384  0.0020145 ],0
12,[-0.58925384  0.0020145 ],1,-1.0,[-0.5867501   0.00250373],0
12,[-0.5867501   0.00250373],1,-1.0,[-0.5837756   0.00297454],0
12,[-0.5837756   0.00297454],1,-1.0,[-0.5803521   0.00342342],0
12,[-0.5803521   0.00342342],1,-1.0,[-0.5765051   0.00384702],0
12,[-0.5765051   0.00384702],1,-1.0,[-0.572263    0.00424215],0
12,[-0.572263    0.00424215],1,-1.0,[-0.5676572   0.00460584],0
12,[-0.5676572   0.00460584],1,-1.0,[-0.56272185  0.00493531],0
12,[-0.56272185  0.00493531],1,-1.0,[-0.55749375  0.00522806],0
12,[-0.55749375  0.00522806],1,-1.0,[-0.5520119   0.00548184],0
12,[-0.5520119   0.00548184],1,-1.0,[-0.5463173   0.00569468],0
12,[-0.5463173   0.00569468],1,-1.0,[-0.5404523   0.00586493],0
12,[-0.5404523   0.00586493],1,-1.0,[-0.534461    0.00599128],0
12,[-0.534461    0.00599128],1,-1.0,[-0.5283883   0.00607273],0
12,[-0.5283883   0.00607273],1,-1.0,[-0.5222797   0.00610865],0
12,[-0.5222797   0.00610865],1,-1.0,[-0.5161809   0.00609876],0
12,[-0.5161809   0.00609876],1,-1.0,[-0.51013774  0.00604313],0
12,[-0.51013774  0.00604313],1,-1.0,[-0.5041956  0.0059422],0
12,[-0.5041956  0.0059422],1,-1.0,[-0.4983988   0.00579676],0
12,[-0.4983988   0.00579676],1,-1.0,[-0.49279085  0.00560794],0
12,[-0.49279085  0.00560794],1,-1.0,[-0.48741364  0.00537721],0
12,[-0.48741364  0.00537721],1,-1.0,[-0.48230729  0.00510635],0
12,[-0.48230729  0.00510635],1,-1.0,[-0.47750983  0.00479746],0
12,[-0.47750983  0.00479746],1,-1.0,[-0.47305694  0.00445289],0
12,[-0.47305694  0.00445289],1,-1.0,[-0.46898165  0.00407528],0
12,[-0.46898165  0.00407528],1,-1.0,[-0.46531418  0.00366748],0
12,[-0.46531418  0.00366748],1,-1.0,[-0.4620816   0.00323257],0
12,[-0.4620816   0.00323257],1,-1.0,[-0.45930782  0.00277381],0
12,[-0.45930782  0.00277381],1,-1.0,[-0.4570132   0.00229461],0
12,[-0.4570132   0.00229461],1,-1.0,[-0.45521468  0.00179853],0
12,[-0.45521468  0.00179853],1,-1.0,[-0.45392543  0.00128924],0
12,[-0.45392543  0.00128924],1,-1.0,[-0.45315495  0.00077049],0
12,[-0.45315495  0.00077049],1,-1.0,[-4.5290884e-01  2.4608203e-04],0
12,[-4.5290884e-01  2.4608203e-04],1,-1.0,[-4.5318899e-01 -2.8012734e-04],0
12,[-4.5318899e-01 -2.8012734e-04],1,-1.0,[-0.45399326 -0.00080428],0
12,[-0.45399326 -0.00080428],1,-1.0,[-0.4553158  -0.00132254],0
12,[-0.4553158  -0.00132254],1,-1.0,[-0.45714688 -0.00183109],0
12,[-0.45714688 -0.00183109],1,-1.0,[-0.45947307 -0.00232618],0
12,[-0.45947307 -0.00232618],1,-1.0,[-0.46227723 -0.00280416],0
12,[-0.46227723 -0.00280416],1,-1.0,[-0.4655387  -0.00326148],0
12,[-0.4655387  -0.00326148],1,-1.0,[-0.46923345 -0.00369474],0
12,[-0.46923345 -0.00369474],1,-1.0,[-0.47333413 -0.00410067],0
12,[-0.47333413 -0.00410067],1,-1.0,[-0.47781035 -0.00447623],0
12,[-0.47781035 -0.00447623],1,-1.0,[-0.4826289  -0.00481856],0
12,[-0.4826289  -0.00481856],1,-1.0,[-0.487754   -0.00512506],0
12,[-0.487754   -0.00512506],1,-1.0,[-0.49314737 -0.00539338],0
12,[-0.49314737 -0.00539338],1,-1.0,[-0.4987688  -0.00562145],0
12,[-0.4987688  -0.00562145],1,-1.0,[-0.5045763 -0.0058075],0
12,[-0.5045763 -0.0058075],1,-1.0,[-0.5105264  -0.00595009],0
12,[-0.5105264  -0.00595009],1,-1.0,[-0.5165745  -0.00604811],0
12,[-0.5165745  -0.00604811],1,-1.0,[-0.52267534 -0.00610079],0
12,[-0.52267534 -0.00610079],1,-1.0,[-0.528783   -0.00610771],0
12,[-0.528783   -0.00610771],1,-1.0,[-0.53485185 -0.00606884],0
12,[-0.53485185 -0.00606884],1,-1.0,[-0.54083633 -0.00598445],0
12,[-0.54083633 -0.00598445],1,-1.0,[-0.54669154 -0.00585523],0
12,[-0.54669154 -0.00585523],1,-1.0,[-0.5523737  -0.00568217],0
12,[-0.5523737  -0.00568217],1,-1.0,[-0.55784035 -0.00546663],0
12,[-0.55784035 -0.00546663],1,-1.0,[-0.5630506  -0.00521027],0
12,[-0.5630506  -0.00521027],1,-1.0,[-0.5679657  -0.00491507],0
12,[-0.5679657  -0.00491507],1,-1.0,[-0.572549  -0.0045833],0
12,[-0.572549  -0.0045833],1,-1.0,[-0.5767665  -0.00421749],0
12,[-0.5767665  -0.00421749],1,-1.0,[-0.5805869  -0.00382042],0
12,[-0.5805869  -0.00382042],1,-1.0,[-0.583982   -0.00339509],0
12,[-0.583982   -0.00339509],1,-1.0,[-0.58692664 -0.00294469],0
12,[-0.58692664 -0.00294469],1,-1.0,[-0.5893992  -0.00247258],0
12,[-0.5893992  -0.00247258],1,-1.0,[-0.59138155 -0.00198228],0
12,[-0.59138155 -0.00198228],1,-1.0,[-0.5928589 -0.0014774],0
12,[-0.5928589 -0.0014774],1,-1.0,[-0.59382063 -0.00096168],0
12,[-0.59382063 -0.00096168],1,-1.0,[-5.9425950e-01 -4.3890387e-04],0
12,[-5.9425950e-01 -4.3890387e-04],1,-1.0,[-5.9417242e-01  8.7091496e-05],0
12,[-5.9417242e-01  8.7091496e-05],1,-1.0,[-0.59356     0.00061245],0
12,[-0.59356     0.00061245],1,-1.0,[-0.59242666  0.00113331],0
12,[-0.59242666  0.00113331],1,-1.0,[-0.5907808   0.00164586],0
12,[-0.5907808   0.00164586],1,-1.0,[-0.5886345   0.00214632],0
12,[-0.5886345   0.00214632],1,-1.0,[-0.5860035  0.002631 ],0
12,[-0.5860035  0.002631 ],1,-1.0,[-0.58290714  0.00309631],0
12,[-0.58290714  0.00309631],1,-1.0,[-0.5793684   0.00353878],0
12,[-0.5793684   0.00353878],1,-1.0,[-0.5754133  0.0039551],0
12,[-0.5754133  0.0039551],1,-1.0,[-0.57107115  0.00434215],0
12,[-0.57107115  0.00434215],1,-1.0,[-0.5663741   0.00469699],0
12,[-0.5663741   0.00469699],1,-1.0,[-0.5613572   0.00501692],0
12,[-0.5613572   0.00501692],1,-1.0,[-0.5560577   0.00529951],0
12,[-0.5560577   0.00529951],1,-1.0,[-0.5505152   0.00554256],0
12,[-0.5505152   0.00554256],1,-1.0,[-0.54477096  0.00574422],0
12,[-0.54477096  0.00574422],1,-1.0,[-0.538868   0.0059029],0
12,[-0.538868   0.0059029],1,-1.0,[-0.5328507   0.00601738],0
12,[-0.5328507   0.00601738],1,-1.0,[-0.5267639   0.00608676],0
12,[-0.5267639   0.00608676],1,-1.0,[-0.5206534  0.0061105],1
13,"(array([-0.40447065,  0.        ], dtype=float32), {})",1,-1.0,[-0.4053452  -0.00087456],0
13,[-0.4053452  -0.00087456],1,-1.0,[-0.4070882  -0.00174298],0
13,[-0.4070882  -0.00174298],1,-1.0,[-0.4096873  -0.00259912],0
13,[-0.4096873  -0.00259912],1,-1.0,[-0.41312423 -0.00343693],0
13,[-0.41312423 -0.00343693],1,-1.0,[-0.41737464 -0.0042504 ],0
13,[-0.41737464 -0.0042504 ],1,-1.0,[-0.4224083  -0.00503367],0
13,[-0.4224083  -0.00503367],1,-1.0,[-0.4281893  -0.00578099],0
13,[-0.4281893  -0.00578099],1,-1.0,[-0.43467614 -0.00648683],0
13,[-0.43467614 -0.00648683],1,-1.0,[-0.441822   -0.00714587],0
13,[-0.441822   -0.00714587],1,-1.0,[-0.44957507 -0.00775306],0
13,[-0.44957507 -0.00775306],1,-1.0,[-0.45787874 -0.00830369],0
13,[-0.45787874 -0.00830369],1,-1.0,[-0.46667215 -0.0087934 ],0
13,[-0.46667215 -0.0087934 ],1,-1.0,[-0.47589043 -0.00921828],0
13,[-0.47589043 -0.00921828],1,-1.0,[-0.4854653  -0.00957487],0
13,[-0.4854653  -0.00957487],1,-1.0,[-0.49532554 -0.00986025],0
13,[-0.49532554 -0.00986025],1,-1.0,[-0.50539756 -0.01007204],0
13,[-0.50539756 -0.01007204],1,-1.0,[-0.51560605 -0.01020848],0
13,[-0.51560605 -0.01020848],1,-1.0,[-0.5258745  -0.01026842],0
13,[-0.5258745  -0.01026842],1,-1.0,[-0.53612584 -0.01025136],0
13,[-0.53612584 -0.01025136],1,-1.0,[-0.54628325 -0.01015742],0
13,[-0.54628325 -0.01015742],1,-1.0,[-0.5562707  -0.00998742],0
13,[-0.5562707  -0.00998742],1,-1.0,[-0.56601346 -0.00974278],0
13,[-0.56601346 -0.00974278],1,-1.0,[-0.575439   -0.00942552],0
13,[-0.575439   -0.00942552],1,-1.0,[-0.58447725 -0.00903829],0
13,[-0.58447725 -0.00903829],1,-1.0,[-0.5930615  -0.00858423],0
13,[-0.5930615  -0.00858423],1,-1.0,[-0.6011285  -0.00806702],0
13,[-0.6011285  -0.00806702],1,-1.0,[-0.60861933 -0.00749078],0
13,[-0.60861933 -0.00749078],1,-1.0,[-0.61547935 -0.00686002],0
13,[-0.61547935 -0.00686002],1,-1.0,[-0.6216589  -0.00617961],0
13,[-0.6216589  -0.00617961],1,-1.0,[-0.62711364 -0.00545472],0
13,[-0.62711364 -0.00545472],1,-1.0,[-0.6318044  -0.00469077],0
13,[-0.6318044  -0.00469077],1,-1.0,[-0.63569784 -0.00389341],0
13,[-0.63569784 -0.00389341],1,-1.0,[-0.6387662  -0.00306842],0
13,[-0.6387662  -0.00306842],1,-1.0,[-0.640988   -0.00222175],0
13,[-0.640988   -0.00222175],1,-1.0,[-0.6423474  -0.00135942],0
13,[-0.6423474  -0.00135942],1,-1.0,[-6.4283496e-01 -4.8752126e-04],0
13,[-6.4283496e-01 -4.8752126e-04],1,-1.0,[-6.424471e-01  3.878005e-04],0
13,[-6.424471e-01  3.878005e-04],1,-1.0,[-0.6411867  0.0012604],0
13,[-0.6411867  0.0012604],1,-1.0,[-0.63906264  0.00212413],0
13,[-0.63906264  0.00212413],1,-1.0,[-0.63608974  0.00297289],0
13,[-0.63608974  0.00297289],1,-1.0,[-0.63228905  0.00380065],0
13,[-0.63228905  0.00380065],1,-1.0,[-0.62768763  0.00460146],0
13,[-0.62768763  0.00460146],1,-1.0,[-0.6223181  0.0053695],0
13,[-0.6223181  0.0053695],1,-1.0,[-0.616219    0.00609912],0
13,[-0.616219    0.00609912],1,-1.0,[-0.6094341   0.00678487],0
13,[-0.6094341   0.00678487],1,-1.0,[-0.6020126   0.00742154],0
13,[-0.6020126   0.00742154],1,-1.0,[-0.5940083   0.00800424],0
13,[-0.5940083   0.00800424],1,-1.0,[-0.5854799   0.00852839],0
13,[-0.5854799   0.00852839],1,-1.0,[-0.5764901   0.00898984],0
13,[-0.5764901   0.00898984],1,-1.0,[-0.56710523  0.00938486],0
13,[-0.56710523  0.00938486],1,-1.0,[-0.55739504  0.00971023],0
13,[-0.55739504  0.00971023],1,-1.0,[-0.54743177  0.00996327],0
13,[-0.54743177  0.00996327],1,-1.0,[-0.53728986  0.01014187],0
13,[-0.53728986  0.01014187],1,-1.0,[-0.52704537  0.01024452],0
13,[-0.52704537  0.01024452],1,-1.0,[-0.516775    0.01027037],0
13,[-0.516775    0.01027037],1,-1.0,[-0.5065558   0.01021919],0
13,[-0.5065558   0.01021919],1,-1.0,[-0.49646437  0.01009143],0
13,[-0.49646437  0.01009143],1,-1.0,[-0.48657623  0.00988814],0
13,[-0.48657623  0.00988814],1,-1.0,[-0.47696516  0.00961105],0
13,[-0.47696516  0.00961105],1,-1.0,[-0.46770275  0.00926243],0
13,[-0.46770275  0.00926243],1,-1.0,[-0.45885757  0.00884518],0
13,[-0.45885757  0.00884518],1,-1.0,[-0.45049492  0.00836266],0
13,[-0.45049492  0.00836266],1,-1.0,[-0.44267613  0.00781877],0
13,[-0.44267613  0.00781877],1,-1.0,[-0.43545833  0.00721779],0
13,[-0.43545833  0.00721779],1,-1.0,[-0.42889392  0.00656442],0
13,[-0.42889392  0.00656442],1,-1.0,[-0.4230303   0.00586365],0
13,[-0.4230303   0.00586365],1,-1.0,[-0.4179095   0.00512077],0
13,[-0.4179095   0.00512077],1,-1.0,[-0.41356817  0.00434132],0
13,[-0.41356817  0.00434132],1,-1.0,[-0.4100372   0.00353099],0
13,[-0.4100372   0.00353099],1,-1.0,[-0.4073415   0.00269566],0
13,[-0.4073415   0.00269566],1,-1.0,[-0.40550023  0.0018413 ],0
13,[-0.40550023  0.0018413 ],1,-1.0,[-0.40452623  0.00097398],0
13,[-0.40452623  0.00097398],1,-1.0,[-4.0442643e-01  9.9807286e-05],0
13,[-4.0442643e-01  9.9807286e-05],1,-1.0,[-0.4052015  -0.00077507],0
13,[-0.4052015  -0.00077507],1,-1.0,[-0.406846   -0.00164449],0
13,[-0.406846   -0.00164449],1,-1.0,[-0.40934834 -0.00250234],0
13,[-0.40934834 -0.00250234],1,-1.0,[-0.41269088 -0.00334254],0
13,[-0.41269088 -0.00334254],1,-1.0,[-0.41684997 -0.00415909],0
13,[-0.41684997 -0.00415909],1,-1.0,[-0.42179605 -0.00494609],0
13,[-0.42179605 -0.00494609],1,-1.0,[-0.42749384 -0.0056978 ],0
13,[-0.42749384 -0.0056978 ],1,-1.0,[-0.4339025  -0.00640864],0
13,[-0.4339025  -0.00640864],1,-1.0,[-0.44097576 -0.00707327],0
13,[-0.44097576 -0.00707327],1,-1.0,[-0.44866237 -0.00768662],0
13,[-0.44866237 -0.00768662],1,-1.0,[-0.4569063  -0.00824392],0
13,[-0.4569063  -0.00824392],1,-1.0,[-0.46564707 -0.00874078],0
13,[-0.46564707 -0.00874078],1,-1.0,[-0.47482032 -0.00917323],0
13,[-0.47482032 -0.00917323],1,-1.0,[-0.48435807 -0.00953777],0
13,[-0.48435807 -0.00953777],1,-1.0,[-0.49418947 -0.00983139],0
13,[-0.49418947 -0.00983139],1,-1.0,[-0.50424117 -0.01005168],0
13,[-0.50424117 -0.01005168],1,-1.0,[-0.5144379  -0.01019678],0
13,[-0.5144379  -0.01019678],1,-1.0,[-0.5247034  -0.01026548],0
13,[-0.5247034  -0.01026548],1,-1.0,[-0.53496057 -0.01025719],0
13,[-0.53496057 -0.01025719],1,-1.0,[-0.5451326  -0.01017199],0
13,[-0.5451326  -0.01017199],1,-1.0,[-0.5551432 -0.0100106],0
13,[-0.5551432 -0.0100106],1,-1.0,[-0.56491756 -0.00977437],0
13,[-0.56491756 -0.00977437],1,-1.0,[-0.57438284 -0.00946527],0
13,[-0.57438284 -0.00946527],1,-1.0,[-0.5834687  -0.00908587],0
13,[-0.5834687  -0.00908587],1,-1.0,[-0.59210795 -0.00863925],0
13,[-0.59210795 -0.00863925],1,-1.0,[-0.600237   -0.00812904],0
13,[-0.600237   -0.00812904],1,-1.0,[-0.6077963  -0.00755931],0
13,[-0.6077963  -0.00755931],1,-1.0,[-0.61473083 -0.00693452],0
13,[-0.61473083 -0.00693452],1,-1.0,[-0.62099034 -0.00625951],0
13,[-0.62099034 -0.00625951],1,-1.0,[-0.62652975 -0.00553942],0
13,[-0.62652975 -0.00553942],1,-1.0,[-0.6313094  -0.00477965],0
13,[-0.6313094  -0.00477965],1,-1.0,[-0.6352952  -0.00398581],0
13,[-0.6352952  -0.00398581],1,-1.0,[-0.6384589  -0.00316367],0
13,[-0.6384589  -0.00316367],1,-1.0,[-0.64077806 -0.00231917],0
13,[-0.64077806 -0.00231917],1,-1.0,[-0.64223635 -0.00145831],0
13,[-0.64223635 -0.00145831],1,-1.0,[-6.428236e-01 -5.871975e-04],0
13,[-6.428236e-01 -5.871975e-04],1,-1.0,[-6.4253551e-01  2.8804434e-04],0
13,[-6.4253551e-01  2.8804434e-04],1,-1.0,[-0.64137423  0.00116126],0
13,[-0.64137423  0.00116126],1,-1.0,[-0.6393479   0.00202631],0
13,[-0.6393479   0.00202631],1,-1.0,[-0.63647085  0.00287709],0
13,[-0.63647085  0.00287709],1,-1.0,[-0.6327633   0.00370755],0
13,[-0.6327633   0.00370755],1,-1.0,[-0.62825155  0.00451172],0
13,[-0.62825155  0.00451172],1,-1.0,[-0.6229678   0.00528379],0
13,[-0.6229678   0.00528379],1,-1.0,[-0.61694974  0.00601807],0
13,[-0.61694974  0.00601807],1,-1.0,[-0.61024064  0.00670908],0
13,[-0.61024064  0.00670908],1,-1.0,[-0.60288906  0.0073516 ],0
13,[-0.60288906  0.0073516 ],1,-1.0,[-0.59494835  0.00794069],0
13,[-0.59494835  0.00794069],1,-1.0,[-0.5864766   0.00847173],0
13,[-0.5864766   0.00847173],1,-1.0,[-0.5775361   0.00894053],0
13,[-0.5775361   0.00894053],1,-1.0,[-0.5681928   0.00934329],0
13,[-0.5681928   0.00934329],1,-1.0,[-0.558516    0.00967675],0
13,[-0.558516    0.00967675],1,-1.0,[-0.5485779   0.00993815],0
13,[-0.5485779   0.00993815],1,-1.0,[-0.53845257  0.01012532],0
13,[-0.53845257  0.01012532],1,-1.0,[-0.5282159   0.01023669],0
13,[-0.5282159   0.01023669],1,-1.0,[-0.5179446   0.01027131],0
13,[-0.5179446   0.01027131],1,-1.0,[-0.50771564  0.01022891],0
13,[-0.50771564  0.01022891],1,-1.0,[-0.49760583  0.01010983],0
13,[-0.49760583  0.01010983],1,-1.0,[-0.48769075  0.00991508],0
13,[-0.48769075  0.00991508],1,-1.0,[-0.47804445  0.00964629],0
13,[-0.47804445  0.00964629],1,-1.0,[-0.46873876  0.0093057 ],0
13,[-0.46873876  0.0093057 ],1,-1.0,[-0.45984265  0.0088961 ],0
13,[-0.45984265  0.0088961 ],1,-1.0,[-0.45142183  0.00842084],0
13,[-0.45142183  0.00842084],1,-1.0,[-0.44353807  0.00788373],0
13,[-0.44353807  0.00788373],1,-1.0,[-0.43624905  0.00728904],0
13,[-0.43624905  0.00728904],1,-1.0,[-0.42960766  0.00664138],0
13,[-0.42960766  0.00664138],1,-1.0,[-0.42366192  0.00594576],0
13,[-0.42366192  0.00594576],1,-1.0,[-0.4184545   0.00520741],0
13,[-0.4184545   0.00520741],1,-1.0,[-0.41402265  0.00443184],0
13,[-0.41402265  0.00443184],1,-1.0,[-0.41039792  0.00362474],0
13,[-0.41039792  0.00362474],1,-1.0,[-0.40760598  0.00279196],0
13,[-0.40760598  0.00279196],1,-1.0,[-0.4056665   0.00193946],0
13,[-0.4056665   0.00193946],1,-1.0,[-0.4045932   0.00107331],0
13,[-0.4045932   0.00107331],1,-1.0,[-4.0439358e-01  1.9960546e-04],0
13,[-4.0439358e-01  1.9960546e-04],1,-1.0,[-0.40506908 -0.0006755 ],0
13,[-0.40506908 -0.0006755 ],1,-1.0,[-0.40661493 -0.00154586],0
13,[-0.40661493 -0.00154586],1,-1.0,[-0.40902027 -0.00240533],0
13,[-0.40902027 -0.00240533],1,-1.0,[-0.41226813 -0.00324785],0
13,[-0.41226813 -0.00324785],1,-1.0,[-0.41633552 -0.00406739],0
13,[-0.41633552 -0.00406739],1,-1.0,[-0.42119357 -0.00485805],0
13,[-0.42119357 -0.00485805],1,-1.0,[-0.42680764 -0.00561407],0
13,[-0.42680764 -0.00561407],1,-1.0,[-0.43313748 -0.00632984],0
13,[-0.43313748 -0.00632984],1,-1.0,[-0.4401375  -0.00700001],0
13,[-0.4401375  -0.00700001],1,-1.0,[-0.44775695 -0.00761945],0
13,[-0.44775695 -0.00761945],1,-1.0,[-0.4559403  -0.00818336],0
13,[-0.4559403  -0.00818336],1,-1.0,[-0.46462762 -0.00868733],0
13,[-0.46462762 -0.00868733],1,-1.0,[-0.47375494 -0.00912731],0
13,[-0.47375494 -0.00912731],1,-1.0,[-0.48325467 -0.00949974],0
13,[-0.48325467 -0.00949974],1,-1.0,[-0.49305627 -0.00980159],0
13,[-0.49305627 -0.00980159],1,-1.0,[-0.5030866  -0.01003033],0
13,[-0.5030866  -0.01003033],1,-1.0,[-0.5132707  -0.01018408],0
13,[-0.5132707  -0.01018408],1,-1.0,[-0.5235322  -0.01026153],0
13,[-0.5235322  -0.01026153],1,-1.0,[-0.5337942  -0.01026203],0
13,[-0.5337942  -0.01026203],1,-1.0,[-0.5439798  -0.01018557],0
13,[-0.5439798  -0.01018557],1,-1.0,[-0.5540126  -0.01003281],0
13,[-0.5540126  -0.01003281],1,-1.0,[-0.5638176  -0.00980502],0
13,[-0.5638176  -0.00980502],1,-1.0,[-0.57332176 -0.00950411],0
13,[-0.57332176 -0.00950411],1,-1.0,[-0.5824543  -0.00913257],0
13,[-0.5824543  -0.00913257],1,-1.0,[-0.5911478  -0.00869344],0
13,[-0.5911478  -0.00869344],1,-1.0,[-0.59933805 -0.00819029],0
13,[-0.59933805 -0.00819029],1,-1.0,[-0.6069652  -0.00762712],0
13,[-0.6069652  -0.00762712],1,-1.0,[-0.61397356 -0.00700837],0
13,[-0.61397356 -0.00700837],1,-1.0,[-0.6203124  -0.00633883],0
13,[-0.6203124  -0.00633883],1,-1.0,[-0.625936   -0.00562361],0
13,[-0.625936   -0.00562361],1,-1.0,[-0.63080406 -0.00486809],0
13,[-0.63080406 -0.00486809],1,-1.0,[-0.6348819  -0.00407784],0
13,[-0.6348819  -0.00407784],1,-1.0,[-0.63814056 -0.00325863],0
13,[-0.63814056 -0.00325863],1,-1.0,[-0.64055693 -0.00241637],0
13,[-0.64055693 -0.00241637],1,-1.0,[-0.642114   -0.00155707],0
13,[-0.642114   -0.00155707],1,-1.0,[-0.6428008  -0.00068682],0
13,[-0.6428008  -0.00068682],1,-1.0,[-6.4261252e-01  1.8826185e-04],0
13,[-6.4261252e-01  1.8826185e-04],1,-1.0,[-0.64155054  0.00106202],0
13,[-0.64155054  0.00106202],1,-1.0,[-0.6396222   0.00192831],0
13,[-0.6396222   0.00192831],1,-1.0,[-0.6368412   0.00278102],0
13,[-0.6368412   0.00278102],1,-1.0,[-0.6332271  0.0036141],0
13,[-0.6332271  0.0036141],1,-1.0,[-0.6288055   0.00442157],0
13,[-0.6288055   0.00442157],1,-1.0,[-0.62360793  0.00519758],0
13,[-0.62360793  0.00519758],1,-1.0,[-0.6176715   0.00593645],0
13,[-0.6176715   0.00593645],1,-1.0,[-0.6110388   0.00663267],0
13,[-0.6110388   0.00663267],1,-1.0,[-0.60375786  0.00728097],0
13,[-0.60375786  0.00728097],1,-1.0,[-0.59588146  0.00787639],0
13,[-0.59588146  0.00787639],1,-1.0,[-0.5874672   0.00841427],0
13,[-0.5874672   0.00841427],1,-1.0,[-0.5785768   0.00889036],0
13,[-0.5785768   0.00889036],1,-1.0,[-0.56927603  0.00930082],0
13,[-0.56927603  0.00930082],1,-1.0,[-0.5596337   0.00964233],0
13,[-0.5596337   0.00964233],1,-1.0,[-0.5497216   0.00991207],0
13,[-0.5497216   0.00991207],1,-1.0,[-0.53961384  0.01010779],0
13,[-0.53961384  0.01010779],1,-1.0,[-0.529386    0.01022786],1
14,"(array([-0.5611931,  0.       ], dtype=float32), {})",1,-1.0,[-5.6091177e-01  2.8136032e-04],0
14,[-5.6091177e-01  2.8136032e-04],1,-1.0,[-0.56035113  0.00056062],0
14,[-0.56035113  0.00056062],1,-1.0,[-0.5595154   0.00083571],0
14,[-0.5595154   0.00083571],1,-1.0,[-0.5584109   0.00110456],0
14,[-0.5584109   0.00110456],1,-1.0,[-0.5570457   0.00136518],0
14,[-0.5570457   0.00136518],1,-1.0,[-0.5554301   0.00161561],0
14,[-0.5554301   0.00161561],1,-1.0,[-0.5535761   0.00185398],0
14,[-0.5535761   0.00185398],1,-1.0,[-0.5514976   0.00207851],0
14,[-0.5514976   0.00207851],1,-1.0,[-0.5492101   0.00228751],0
14,[-0.5492101   0.00228751],1,-1.0,[-0.5467307  0.0024794],0
14,[-0.5467307  0.0024794],1,-1.0,[-0.54407793  0.00265275],0
14,[-0.54407793  0.00265275],1,-1.0,[-0.5412717   0.00280625],0
14,[-0.5412717   0.00280625],1,-1.0,[-0.53833294  0.00293873],0
14,[-0.53833294  0.00293873],1,-1.0,[-0.53528374  0.0030492 ],0
14,[-0.53528374  0.0030492 ],1,-1.0,[-0.53214693  0.00313682],0
14,[-0.53214693  0.00313682],1,-1.0,[-0.528946    0.00320093],0
14,[-0.528946    0.00320093],1,-1.0,[-0.525705    0.00324103],0
14,[-0.525705    0.00324103],1,-1.0,[-0.5224481   0.00325683],0
14,[-0.5224481   0.00325683],1,-1.0,[-0.51919997  0.0032482 ],0
14,[-0.51919997  0.0032482 ],1,-1.0,[-0.5159847   0.00321521],0
14,[-0.5159847   0.00321521],1,-1.0,[-0.5128266   0.00315811],0
14,[-0.5128266   0.00315811],1,-1.0,[-0.5097493   0.00307733],0
14,[-0.5097493   0.00307733],1,-1.0,[-0.5067758   0.00297349],0
14,[-0.5067758   0.00297349],1,-1.0,[-0.5039284   0.00284737],0
14,[-0.5039284   0.00284737],1,-1.0,[-0.5012285   0.00269993],0
14,[-0.5012285   0.00269993],1,-1.0,[-0.49869624  0.00253228],0
14,[-0.49869624  0.00253228],1,-1.0,[-0.49635056  0.00234568],0
14,[-0.49635056  0.00234568],1,-1.0,[-0.49420902  0.00214155],0
14,[-0.49420902  0.00214155],1,-1.0,[-0.4922876   0.00192141],0
14,[-0.4922876   0.00192141],1,-1.0,[-0.49060068  0.00168692],0
14,[-0.49060068  0.00168692],1,-1.0,[-0.48916084  0.00143984],0
14,[-0.48916084  0.00143984],1,-1.0,[-0.48797882  0.00118201],0
14,[-0.48797882  0.00118201],1,-1.0,[-0.48706347  0.00091537],0
14,[-0.48706347  0.00091537],1,-1.0,[-0.48642156  0.00064191],0
14,[-0.48642156  0.00064191],1,-1.0,[-4.8605791e-01  3.6365425e-04],0
14,[-4.8605791e-01  3.6365425e-04],1,-1.0,[-4.8597521e-01  8.2692466e-05],0
14,[-4.8597521e-01  8.2692466e-05],1,-1.0,[-4.8617408e-01 -1.9888557e-04],0
14,[-4.8617408e-01 -1.9888557e-04],1,-1.0,[-4.8665306e-01 -4.7898141e-04],0
14,[-4.8665306e-01 -4.7898141e-04],1,-1.0,[-0.48740858 -0.00075551],0
14,[-0.48740858 -0.00075551],1,-1.0,[-0.48843497 -0.0010264 ],0
14,[-0.48843497 -0.0010264 ],1,-1.0,[-0.4897246  -0.00128964],0
14,[-0.4897246  -0.00128964],1,-1.0,[-0.4912679  -0.00154326],0
14,[-0.4912679  -0.00154326],1,-1.0,[-0.49305323 -0.00178536],0
14,[-0.49305323 -0.00178536],1,-1.0,[-0.49506736 -0.00201413],0
14,[-0.49506736 -0.00201413],1,-1.0,[-0.49729523 -0.00222786],0
14,[-0.49729523 -0.00222786],1,-1.0,[-0.49972016 -0.00242493],0
14,[-0.49972016 -0.00242493],1,-1.0,[-0.50232404 -0.00260386],0
14,[-0.50232404 -0.00260386],1,-1.0,[-0.5050873  -0.00276332],0
14,[-0.5050873  -0.00276332],1,-1.0,[-0.5079894  -0.00290208],0
14,[-0.5079894  -0.00290208],1,-1.0,[-0.5110085  -0.00301911],0
14,[-0.5110085  -0.00301911],1,-1.0,[-0.51412207 -0.00311351],0
14,[-0.51412207 -0.00311351],1,-1.0,[-0.5173066  -0.00318458],0
14,[-0.5173066  -0.00318458],1,-1.0,[-0.5205384  -0.00323177],0
14,[-0.5205384  -0.00323177],1,-1.0,[-0.5237931  -0.00325472],0
14,[-0.5237931  -0.00325472],1,-1.0,[-0.5270464  -0.00325326],0
14,[-0.5270464  -0.00325326],1,-1.0,[-0.5302738  -0.00322741],0
14,[-0.5302738  -0.00322741],1,-1.0,[-0.53345114 -0.00317735],0
14,[-0.53345114 -0.00317735],1,-1.0,[-0.5365546  -0.00310347],0
14,[-0.5365546  -0.00310347],1,-1.0,[-0.5395609  -0.00300632],0
14,[-0.5395609  -0.00300632],1,-1.0,[-0.54244757 -0.00288665],0
14,[-0.54244757 -0.00288665],1,-1.0,[-0.5451929  -0.00274536],0
14,[-0.5451929  -0.00274536],1,-1.0,[-0.54777646 -0.00258352],0
14,[-0.54777646 -0.00258352],1,-1.0,[-0.55017877 -0.00240234],0
14,[-0.55017877 -0.00240234],1,-1.0,[-0.552382  -0.0022032],0
14,[-0.552382  -0.0022032],1,-1.0,[-0.55436957 -0.0019876 ],0
14,[-0.55436957 -0.0019876 ],1,-1.0,[-0.5561267  -0.00175715],0
14,[-0.5561267  -0.00175715],1,-1.0,[-0.5576403  -0.00151357],0
14,[-0.5576403  -0.00151357],1,-1.0,[-0.558899  -0.0012587],0
14,[-0.558899  -0.0012587],1,-1.0,[-0.5598935  -0.00099445],0
14,[-0.5598935  -0.00099445],1,-1.0,[-0.56061625 -0.00072278],0
14,[-0.56061625 -0.00072278],1,-1.0,[-5.6106198e-01 -4.4571448e-04],0
14,[-5.6106198e-01 -4.4571448e-04],1,-1.0,[-5.6122726e-01 -1.6533180e-04],0
14,[-5.6122726e-01 -1.6533180e-04],1,-1.0,[-5.6111097e-01  1.1628301e-04],0
14,[-5.6111097e-01  1.1628301e-04],1,-1.0,[-5.6071395e-01  3.9703122e-04],0
14,[-5.6071395e-01  3.9703122e-04],1,-1.0,[-0.56003916  0.00067482],0
14,[-0.56003916  0.00067482],1,-1.0,[-0.55909157  0.00094758],0
14,[-0.55909157  0.00094758],1,-1.0,[-0.5578783   0.00121327],0
14,[-0.5578783   0.00121327],1,-1.0,[-0.5564084   0.00146992],0
14,[-0.5564084   0.00146992],1,-1.0,[-0.5546928   0.00171559],0
14,[-0.5546928   0.00171559],1,-1.0,[-0.5527443   0.00194846],0
14,[-0.5527443   0.00194846],1,-1.0,[-0.5505776   0.00216677],0
14,[-0.5505776   0.00216677],1,-1.0,[-0.54820865  0.00236889],0
14,[-0.54820865  0.00236889],1,-1.0,[-0.54565537  0.0025533 ],0
14,[-0.54565537  0.0025533 ],1,-1.0,[-0.54293674  0.0027186 ],0
14,[-0.54293674  0.0027186 ],1,-1.0,[-0.5400732   0.00286355],0
14,[-0.5400732   0.00286355],1,-1.0,[-0.5370861   0.00298706],0
14,[-0.5370861   0.00298706],1,-1.0,[-0.53399795  0.00308819],0
14,[-0.53399795  0.00308819],1,-1.0,[-0.5308318   0.00316617],0
14,[-0.5308318   0.00316617],1,-1.0,[-0.5276114   0.00322042],0
14,[-0.5276114   0.00322042],1,-1.0,[-0.5243609   0.00325051],0
14,[-0.5243609   0.00325051],1,-1.0,[-0.52110463  0.00325622],0
14,[-0.52110463  0.00325622],1,-1.0,[-0.51786715  0.00323752],0
14,[-0.51786715  0.00323752],1,-1.0,[-0.5146726   0.00319453],0
14,[-0.5146726   0.00319453],1,-1.0,[-0.511545   0.0031276],0
14,[-0.511545   0.0031276],1,-1.0,[-0.5085078   0.00303721],0
14,[-0.5085078   0.00303721],1,-1.0,[-0.5055837   0.00292407],0
14,[-0.5055837   0.00292407],1,-1.0,[-0.5027947   0.00278902],0
14,[-0.5027947   0.00278902],1,-1.0,[-0.5001616   0.00263309],0
14,[-0.5001616   0.00263309],1,-1.0,[-0.49770415  0.00245746],0
14,[-0.49770415  0.00245746],1,-1.0,[-0.4954407   0.00226344],0
14,[-0.4954407   0.00226344],1,-1.0,[-0.4933882   0.00205251],0
14,[-0.4933882   0.00205251],1,-1.0,[-0.49156195  0.00182624],0
14,[-0.49156195  0.00182624],1,-1.0,[-0.48997563  0.00158633],0
14,[-0.48997563  0.00158633],1,-1.0,[-0.48864102  0.00133459],0
14,[-0.48864102  0.00133459],1,-1.0,[-0.48756814  0.00107288],0
14,[-0.48756814  0.00107288],1,-1.0,[-0.48676497  0.00080318],0
14,[-0.48676497  0.00080318],1,-1.0,[-0.4862375   0.00052749],0
14,[-0.4862375   0.00052749],1,-1.0,[-4.8598963e-01  2.4786487e-04],0
14,[-4.8598963e-01  2.4786487e-04],1,-1.0,[-4.8602322e-01 -3.3605727e-05],0
14,[-4.8602322e-01 -3.3605727e-05],1,-1.0,[-4.8633805e-01 -3.1482588e-04],0
14,[-4.8633805e-01 -3.1482588e-04],1,-1.0,[-0.48693174 -0.0005937 ],0
14,[-0.48693174 -0.0005937 ],1,-1.0,[-0.48779988 -0.00086815],0
14,[-0.48779988 -0.00086815],1,-1.0,[-0.488936   -0.00113612],0
14,[-0.488936   -0.00113612],1,-1.0,[-0.49033165 -0.00139563],0
14,[-0.49033165 -0.00139563],1,-1.0,[-0.49197635 -0.00164472],0
14,[-0.49197635 -0.00164472],1,-1.0,[-0.4938579  -0.00188153],0
14,[-0.4938579  -0.00188153],1,-1.0,[-0.49596217 -0.00210429],0
14,[-0.49596217 -0.00210429],1,-1.0,[-0.4982735  -0.00231133],0
14,[-0.4982735  -0.00231133],1,-1.0,[-0.50077456 -0.00250108],0
14,[-0.50077456 -0.00250108],1,-1.0,[-0.5034467  -0.00267213],0
14,[-0.5034467  -0.00267213],1,-1.0,[-0.5062699  -0.00282318],0
14,[-0.5062699  -0.00282318],1,-1.0,[-0.509223   -0.00295309],0
14,[-0.509223   -0.00295309],1,-1.0,[-0.51228386 -0.00306087],0
14,[-0.51228386 -0.00306087],1,-1.0,[-0.51542956 -0.00314572],0
14,[-0.51542956 -0.00314572],1,-1.0,[-0.5186366  -0.00320698],0
14,[-0.5186366  -0.00320698],1,-1.0,[-0.52188075 -0.0032442 ],0
14,[-0.52188075 -0.0032442 ],1,-1.0,[-0.52513784 -0.00325708],0
14,[-0.52513784 -0.00325708],1,-1.0,[-0.5283834  -0.00324554],0
14,[-0.5283834  -0.00324554],1,-1.0,[-0.531593   -0.00320965],0
14,[-0.531593   -0.00320965],1,-1.0,[-0.5347427 -0.0031497],0
14,[-0.5347427 -0.0031497],1,-1.0,[-0.5378089  -0.00306614],0
14,[-0.5378089  -0.00306614],1,-1.0,[-0.54076844 -0.0029596 ],0
14,[-0.54076844 -0.0029596 ],1,-1.0,[-0.54359937 -0.00283088],0
14,[-0.54359937 -0.00283088],1,-1.0,[-0.5462803  -0.00268097],0
14,[-0.5462803  -0.00268097],1,-1.0,[-0.5487913  -0.00251099],0
14,[-0.5487913  -0.00251099],1,-1.0,[-0.55111355 -0.00232222],0
14,[-0.55111355 -0.00232222],1,-1.0,[-0.55322963 -0.0021161 ],0
14,[-0.55322963 -0.0021161 ],1,-1.0,[-0.55512375 -0.00189416],0
14,[-0.55512375 -0.00189416],1,-1.0,[-0.5567818  -0.00165807],0
14,[-0.5567818  -0.00165807],1,-1.0,[-0.5581915  -0.00140961],0
14,[-0.5581915  -0.00140961],1,-1.0,[-0.5593421  -0.00115063],0
14,[-0.5593421  -0.00115063],1,-1.0,[-0.5602251  -0.00088307],0
14,[-0.5602251  -0.00088307],1,-1.0,[-0.56083405 -0.00060892],0
14,[-0.56083405 -0.00060892],1,-1.0,[-5.6116432e-01 -3.3023866e-04],0
14,[-5.6116432e-01 -3.3023866e-04],1,-1.0,[-5.6121343e-01 -4.9093149e-05],0
14,[-5.6121343e-01 -4.9093149e-05],1,-1.0,[-5.6098098e-01  2.3241823e-04],0
14,[-5.6098098e-01  2.3241823e-04],1,-1.0,[-5.604688e-01  5.121975e-04],0
14,[-5.604688e-01  5.121975e-04],1,-1.0,[-0.55968064  0.00078816],0
14,[-0.55968064  0.00078816],1,-1.0,[-0.55862236  0.00105824],0
14,[-0.55862236  0.00105824],1,-1.0,[-0.55730194  0.00132044],0
14,[-0.55730194  0.00132044],1,-1.0,[-0.55572915  0.00157278],0
14,[-0.55572915  0.00157278],1,-1.0,[-0.5539158   0.00181339],0
14,[-0.5539158   0.00181339],1,-1.0,[-0.55187535  0.00204045],0
14,[-0.55187535  0.00204045],1,-1.0,[-0.5496231   0.00225227],0
14,[-0.5496231   0.00225227],1,-1.0,[-0.5471758   0.00244725],0
14,[-0.5471758   0.00244725],1,-1.0,[-0.54455185  0.00262394],0
14,[-0.54455185  0.00262394],1,-1.0,[-0.5417709   0.00278098],0
14,[-0.5417709   0.00278098],1,-1.0,[-0.5388537  0.0029172],0
14,[-0.5388537  0.0029172],1,-1.0,[-0.5358221   0.00303158],0
14,[-0.5358221   0.00303158],1,-1.0,[-0.53269887  0.00312323],0
14,[-0.53269887  0.00312323],1,-1.0,[-0.5295074   0.00319147],0
14,[-0.5295074   0.00319147],1,-1.0,[-0.52627164  0.00323578],0
14,[-0.52627164  0.00323578],1,-1.0,[-0.5230158   0.00325583],0
14,[-0.5230158   0.00325583],1,-1.0,[-0.5197643   0.00325146],0
14,[-0.5197643   0.00325146],1,-1.0,[-0.51654166  0.0032227 ],0
14,[-0.51654166  0.0032227 ],1,-1.0,[-0.5133719   0.00316978],0
14,[-0.5133719   0.00316978],1,-1.0,[-0.51027876  0.00309309],0
14,[-0.51027876  0.00309309],1,-1.0,[-0.50728554  0.00299321],0
14,[-0.50728554  0.00299321],1,-1.0,[-0.5044146   0.00287091],0
14,[-0.5044146   0.00287091],1,-1.0,[-0.5016875   0.00272711],0
14,[-0.5016875   0.00272711],1,-1.0,[-0.49912465  0.00256289],0
14,[-0.49912465  0.00256289],1,-1.0,[-0.49674514  0.0023795 ],0
14,[-0.49674514  0.0023795 ],1,-1.0,[-0.49456683  0.00217832],0
14,[-0.49456683  0.00217832],1,-1.0,[-0.49260595  0.00196085],0
14,[-0.49260595  0.00196085],1,-1.0,[-0.4908772   0.00172874],0
14,[-0.4908772   0.00172874],1,-1.0,[-0.4893935   0.00148373],0
14,[-0.4893935   0.00148373],1,-1.0,[-0.48816586  0.00122764],0
14,[-0.48816586  0.00122764],1,-1.0,[-0.48720348  0.00096239],0
14,[-0.48720348  0.00096239],1,-1.0,[-0.4865135   0.00068997],0
14,[-0.4865135   0.00068997],1,-1.0,[-4.8610109e-01  4.1240023e-04],0
14,[-4.8610109e-01  4.1240023e-04],1,-1.0,[-4.8596933e-01  1.3176048e-04],0
14,[-4.8596933e-01  1.3176048e-04],1,-1.0,[-4.8611921e-01 -1.4986121e-04],0
14,[-4.8611921e-01 -1.4986121e-04],1,-1.0,[-4.8654956e-01 -4.3036608e-04],0
14,[-4.8654956e-01 -4.3036608e-04],1,-1.0,[-0.48725724 -0.00070766],0
14,[-0.48725724 -0.00070766],1,-1.0,[-0.48823693 -0.00097969],0
14,[-0.48823693 -0.00097969],1,-1.0,[-0.48948133 -0.0012444 ],0
14,[-0.48948133 -0.0012444 ],1,-1.0,[-0.49098116 -0.00149984],0
14,[-0.49098116 -0.00149984],1,-1.0,[-0.49272522 -0.00174408],0
14,[-0.49272522 -0.00174408],1,-1.0,[-0.49470052 -0.0019753 ],0
14,[-0.49470052 -0.0019753 ],1,-1.0,[-0.4968923  -0.00219176],0
14,[-0.4968923  -0.00219176],1,-1.0,[-0.49928415 -0.00239185],0
14,[-0.49928415 -0.00239185],1,-1.0,[-0.5018582  -0.00257405],0
14,[-0.5018582  -0.00257405],1,-1.0,[-0.50459516 -0.00273699],0
14,[-0.50459516 -0.00273699],1,-1.0,[-0.5074746  -0.00287944],0
14,[-0.5074746  -0.00287944],1,-1.0,[-0.5104749  -0.00300032],0
14,[-0.5104749  -0.00300032],1,-1.0,[-0.51357365 -0.00309872],0
14,[-0.51357365 -0.00309872],1,-1.0,[-0.51674753 -0.0031739 ],0
14,[-0.51674753 -0.0031739 ],1,-1.0,[-0.51997286 -0.00322528],0
14,[-0.51997286 -0.00322528],1,-1.0,[-0.5232253  -0.00325247],0
14,[-0.5232253  -0.00325247],1,-1.0,[-0.5264806  -0.00325528],1
15,"(array([-0.49492723,  0.        ], dtype=float32), {})",1,-1.0,[-4.9514198e-01 -2.1477163e-04],0
15,[-4.9514198e-01 -2.1477163e-04],1,-1.0,[-4.955699e-01 -4.279384e-04],0
15,[-4.955699e-01 -4.279384e-04],1,-1.0,[-0.49620783 -0.00063791],0
15,[-0.49620783 -0.00063791],1,-1.0,[-0.49705094 -0.00084311],0
15,[-0.49705094 -0.00084311],1,-1.0,[-0.49809295 -0.00104201],0
15,[-0.49809295 -0.00104201],1,-1.0,[-0.49932605 -0.00123311],0
15,[-0.49932605 -0.00123311],1,-1.0,[-0.50074106 -0.001415  ],0
15,[-0.50074106 -0.001415  ],1,-1.0,[-0.5023274 -0.0015863],0
15,[-0.5023274 -0.0015863],1,-1.0,[-0.5040731  -0.00174572],0
15,[-0.5040731  -0.00174572],1,-1.0,[-0.5059652  -0.00189208],0
15,[-0.5059652  -0.00189208],1,-1.0,[-0.50798947 -0.00202427],0
15,[-0.50798947 -0.00202427],1,-1.0,[-0.51013076 -0.0021413 ],0
15,[-0.51013076 -0.0021413 ],1,-1.0,[-0.51237303 -0.00224228],0
15,[-0.51237303 -0.00224228],1,-1.0,[-0.51469946 -0.00232646],0
15,[-0.51469946 -0.00232646],1,-1.0,[-0.5170927 -0.0023932],0
15,[-0.5170927 -0.0023932],1,-1.0,[-0.51953465 -0.00244199],0
15,[-0.51953465 -0.00244199],1,-1.0,[-0.52200717 -0.00247247],0
15,[-0.52200717 -0.00247247],1,-1.0,[-0.52449155 -0.00248441],0
15,[-0.52449155 -0.00248441],1,-1.0,[-0.52696925 -0.00247771],0
15,[-0.52696925 -0.00247771],1,-1.0,[-0.5294217  -0.00245243],0
15,[-0.5294217  -0.00245243],1,-1.0,[-0.53183043 -0.00240876],0
15,[-0.53183043 -0.00240876],1,-1.0,[-0.5341775  -0.00234703],0
15,[-0.5341775  -0.00234703],1,-1.0,[-0.5364452  -0.00226771],0
15,[-0.5364452  -0.00226771],1,-1.0,[-0.5386166  -0.00217138],0
15,[-0.5386166  -0.00217138],1,-1.0,[-0.54067534 -0.00205879],0
15,[-0.54067534 -0.00205879],1,-1.0,[-0.5426061  -0.00193077],0
15,[-0.5426061  -0.00193077],1,-1.0,[-0.54439443 -0.00178829],0
15,[-0.54439443 -0.00178829],1,-1.0,[-0.5460268  -0.00163242],0
15,[-0.5460268  -0.00163242],1,-1.0,[-0.5474912  -0.00146434],0
15,[-0.5474912  -0.00146434],1,-1.0,[-0.5487765 -0.0012853],0
15,[-0.5487765 -0.0012853],1,-1.0,[-0.5498731  -0.00109665],0
15,[-0.5498731  -0.00109665],1,-1.0,[-0.5507729  -0.00089979],0
15,[-0.5507729  -0.00089979],1,-1.0,[-0.55146915 -0.00069621],0
15,[-0.55146915 -0.00069621],1,-1.0,[-5.5195653e-01 -4.8742857e-04],0
15,[-5.5195653e-01 -4.8742857e-04],1,-1.0,[-5.5223155e-01 -2.7500163e-04],0
15,[-5.5223155e-01 -2.7500163e-04],1,-1.0,[-5.5229211e-01 -6.0519727e-05],0
15,[-5.5229211e-01 -6.0519727e-05],1,-1.0,[-5.521377e-01  1.544144e-04],0
15,[-5.521377e-01  1.544144e-04],1,-1.0,[-5.5176950e-01  3.6819468e-04],0
15,[-5.5176950e-01  3.6819468e-04],1,-1.0,[-0.55119026  0.00057922],0
15,[-0.55119026  0.00057922],1,-1.0,[-0.5504043   0.00078592],0
15,[-0.5504043   0.00078592],1,-1.0,[-0.54941756  0.00098675],0
15,[-0.54941756  0.00098675],1,-1.0,[-0.5482374  0.0011802],0
15,[-0.5482374  0.0011802],1,-1.0,[-0.54687256  0.00136482],0
15,[-0.54687256  0.00136482],1,-1.0,[-0.5453333   0.00153923],0
15,[-0.5453333   0.00153923],1,-1.0,[-0.5436312   0.00170212],0
15,[-0.5436312   0.00170212],1,-1.0,[-0.5417789   0.00185228],0
15,[-0.5417789   0.00185228],1,-1.0,[-0.5397904   0.00198856],0
15,[-0.5397904   0.00198856],1,-1.0,[-0.53768045  0.00210995],0
15,[-0.53768045  0.00210995],1,-1.0,[-0.5354649   0.00221553],0
15,[-0.5354649   0.00221553],1,-1.0,[-0.5331604   0.00230451],0
15,[-0.5331604   0.00230451],1,-1.0,[-0.5307842   0.00237621],0
15,[-0.5307842   0.00237621],1,-1.0,[-0.5283541  0.0024301],0
15,[-0.5283541  0.0024301],1,-1.0,[-0.5258883   0.00246576],0
15,[-0.5258883   0.00246576],1,-1.0,[-0.5234054   0.00248293],0
15,[-0.5234054   0.00248293],1,-1.0,[-0.5209239   0.00248148],0
15,[-0.5209239   0.00248148],1,-1.0,[-0.5184625   0.00246142],0
15,[-0.5184625   0.00246142],1,-1.0,[-0.5160396  0.0024229],0
15,[-0.5160396  0.0024229],1,-1.0,[-0.5136734   0.00236621],0
15,[-0.5136734   0.00236621],1,-1.0,[-0.5113816   0.00229178],0
15,[-0.5113816   0.00229178],1,-1.0,[-0.50918144  0.00220017],0
15,[-0.50918144  0.00220017],1,-1.0,[-0.5070894   0.00209208],0
15,[-0.5070894   0.00209208],1,-1.0,[-0.50512105  0.00196831],0
15,[-0.50512105  0.00196831],1,-1.0,[-0.50329125  0.00182979],0
15,[-0.50329125  0.00182979],1,-1.0,[-0.5016137   0.00167758],0
15,[-0.5016137   0.00167758],1,-1.0,[-0.50010085  0.00151281],0
15,[-0.50010085  0.00151281],1,-1.0,[-0.49876416  0.00133672],0
15,[-0.49876416  0.00133672],1,-1.0,[-0.49761352  0.00115064],0
15,[-0.49761352  0.00115064],1,-1.0,[-0.49665758  0.00095595],0
15,[-0.49665758  0.00095595],1,-1.0,[-0.49590346  0.00075411],0
15,[-0.49590346  0.00075411],1,-1.0,[-0.49535683  0.00054663],0
15,[-0.49535683  0.00054663],1,-1.0,[-4.9502176e-01  3.3506876e-04],0
15,[-4.9502176e-01  3.3506876e-04],1,-1.0,[-4.94900763e-01  1.21003606e-04],0
15,[-4.94900763e-01  1.21003606e-04],1,-1.0,[-4.9499473e-01 -9.3965718e-05],0
15,[-4.9499473e-01 -9.3965718e-05],1,-1.0,[-4.9530295e-01 -3.0823291e-04],0
15,[-4.9530295e-01 -3.0823291e-04],1,-1.0,[-0.49582314 -0.0005202 ],0
15,[-0.49582314 -0.0005202 ],1,-1.0,[-0.49655142 -0.00072827],0
15,[-0.49655142 -0.00072827],1,-1.0,[-0.49748233 -0.00093091],0
15,[-0.49748233 -0.00093091],1,-1.0,[-0.49860892 -0.00112658],0
15,[-0.49860892 -0.00112658],1,-1.0,[-0.49992275 -0.00131383],0
15,[-0.49992275 -0.00131383],1,-1.0,[-0.501414   -0.00149125],0
15,[-0.501414   -0.00149125],1,-1.0,[-0.5030715  -0.00165751],0
15,[-0.5030715  -0.00165751],1,-1.0,[-0.5048829  -0.00181137],0
15,[-0.5048829  -0.00181137],1,-1.0,[-0.5068345  -0.00195166],0
15,[-0.5068345  -0.00195166],1,-1.0,[-0.50891185 -0.00207734],0
15,[-0.50891185 -0.00207734],1,-1.0,[-0.51109934 -0.00218746],0
15,[-0.51109934 -0.00218746],1,-1.0,[-0.5133805  -0.00228118],0
15,[-0.5133805  -0.00228118],1,-1.0,[-0.5157383  -0.00235781],0
15,[-0.5157383  -0.00235781],1,-1.0,[-0.5181551  -0.00241676],0
15,[-0.5181551  -0.00241676],1,-1.0,[-0.52061266 -0.00245758],0
15,[-0.52061266 -0.00245758],1,-1.0,[-0.5230926  -0.00247998],0
15,[-0.5230926  -0.00247998],1,-1.0,[-0.5255764  -0.00248377],0
15,[-0.5255764  -0.00248377],1,-1.0,[-0.52804536 -0.00246894],0
15,[-0.52804536 -0.00246894],1,-1.0,[-0.5304809  -0.00243559],0
15,[-0.5304809  -0.00243559],1,-1.0,[-0.5328649  -0.00238398],0
15,[-0.5328649  -0.00238398],1,-1.0,[-0.53517944 -0.00231449],0
15,[-0.53517944 -0.00231449],1,-1.0,[-0.5374071  -0.00222766],0
15,[-0.5374071  -0.00222766],1,-1.0,[-0.5395312  -0.00212412],0
15,[-0.5395312  -0.00212412],1,-1.0,[-0.54153585 -0.00200468],0
15,[-0.54153585 -0.00200468],1,-1.0,[-0.54340607 -0.00187021],0
15,[-0.54340607 -0.00187021],1,-1.0,[-0.5451278  -0.00172174],0
15,[-0.5451278  -0.00172174],1,-1.0,[-0.5466882  -0.00156039],0
15,[-0.5466882  -0.00156039],1,-1.0,[-0.54807556 -0.00138736],0
15,[-0.54807556 -0.00138736],1,-1.0,[-0.5492795  -0.00120395],0
15,[-0.5492795  -0.00120395],1,-1.0,[-0.55029106 -0.00101153],0
15,[-0.55029106 -0.00101153],1,-1.0,[-0.5511026  -0.00081155],0
15,[-0.5511026  -0.00081155],1,-1.0,[-0.5517081  -0.00060551],0
15,[-0.5517081  -0.00060551],1,-1.0,[-5.5210304e-01 -3.9493741e-04],0
15,[-5.5210304e-01 -3.9493741e-04],1,-1.0,[-5.5228448e-01 -1.8141582e-04],0
15,[-5.5228448e-01 -1.8141582e-04],1,-1.0,[-5.5225098e-01  3.3461383e-05],0
15,[-5.5225098e-01  3.3461383e-05],1,-1.0,[-5.5200291e-01  2.4808856e-04],0
15,[-5.5200291e-01  2.4808856e-04],1,-1.0,[-5.5154204e-01  4.6086186e-04],0
15,[-5.5154204e-01  4.6086186e-04],1,-1.0,[-0.55087185  0.00067019],0
15,[-0.55087185  0.00067019],1,-1.0,[-0.5499973   0.00087451],0
15,[-0.5499973   0.00087451],1,-1.0,[-0.54892504  0.00107229],0
15,[-0.54892504  0.00107229],1,-1.0,[-0.547663    0.00126206],0
15,[-0.547663    0.00126206],1,-1.0,[-0.5462206   0.00144238],0
15,[-0.5462206   0.00144238],1,-1.0,[-0.5446087   0.00161192],0
15,[-0.5446087   0.00161192],1,-1.0,[-0.5428393   0.00176939],0
15,[-0.5428393   0.00176939],1,-1.0,[-0.5409257   0.00191361],0
15,[-0.5409257   0.00191361],1,-1.0,[-0.5388822  0.0020435],0
15,[-0.5388822  0.0020435],1,-1.0,[-0.5367241   0.00215809],0
15,[-0.5367241   0.00215809],1,-1.0,[-0.5344676  0.0022565],0
15,[-0.5344676  0.0022565],1,-1.0,[-0.5321296   0.00233801],0
15,[-0.5321296   0.00233801],1,-1.0,[-0.52972764  0.00240198],0
15,[-0.52972764  0.00240198],1,-1.0,[-0.5272797   0.00244794],0
15,[-0.5272797   0.00244794],1,-1.0,[-0.5248041   0.00247555],0
15,[-0.5248041   0.00247555],1,-1.0,[-0.52231956  0.00248459],0
15,[-0.52231956  0.00248459],1,-1.0,[-0.51984453  0.002475  ],0
15,[-0.51984453  0.002475  ],1,-1.0,[-0.5173977   0.00244684],0
15,[-0.5173977   0.00244684],1,-1.0,[-0.51499736  0.00240033],0
15,[-0.51499736  0.00240033],1,-1.0,[-0.5126615   0.00233583],0
15,[-0.5126615   0.00233583],1,-1.0,[-0.51040775  0.00225382],0
15,[-0.51040775  0.00225382],1,-1.0,[-0.5082528   0.00215491],0
15,[-0.5082528   0.00215491],1,-1.0,[-0.50621295  0.00203985],0
15,[-0.50621295  0.00203985],1,-1.0,[-0.50430346  0.00190952],0
15,[-0.50430346  0.00190952],1,-1.0,[-0.50253856  0.00176489],0
15,[-0.50253856  0.00176489],1,-1.0,[-0.5009315   0.00160704],0
15,[-0.5009315   0.00160704],1,-1.0,[-0.49949434  0.00143717],0
15,[-0.49949434  0.00143717],1,-1.0,[-0.49823782  0.00125654],0
15,[-0.49823782  0.00125654],1,-1.0,[-0.49717128  0.00106652],0
15,[-0.49717128  0.00106652],1,-1.0,[-0.49630278  0.00086852],0
15,[-0.49630278  0.00086852],1,-1.0,[-0.49563876  0.00066403],0
15,[-0.49563876  0.00066403],1,-1.0,[-4.9518418e-01  4.5457212e-04],0
15,[-4.9518418e-01  4.5457212e-04],1,-1.0,[-4.9494246e-01  2.4172057e-04],0
15,[-4.9494246e-01  2.4172057e-04],1,-1.0,[-4.9491540e-01  2.7062775e-05],0
15,[-4.9491540e-01  2.7062775e-05],1,-1.0,[-4.9510318e-01 -1.8779724e-04],0
15,[-4.9510318e-01 -1.8779724e-04],1,-1.0,[-4.9550444e-01 -4.0125396e-04],0
15,[-4.9550444e-01 -4.0125396e-04],1,-1.0,[-0.49611616 -0.00061171],0
15,[-0.49611616 -0.00061171],1,-1.0,[-0.49693376 -0.0008176 ],0
15,[-0.49693376 -0.0008176 ],1,-1.0,[-0.49795112 -0.00101737],0
15,[-0.49795112 -0.00101737],1,-1.0,[-0.49916068 -0.00120954],0
15,[-0.49916068 -0.00120954],1,-1.0,[-0.5005533  -0.00139266],0
15,[-0.5005533  -0.00139266],1,-1.0,[-0.5021187  -0.00156537],0
15,[-0.5021187  -0.00156537],1,-1.0,[-0.50384504 -0.00172635],0
15,[-0.50384504 -0.00172635],1,-1.0,[-0.5057195  -0.00187442],0
15,[-0.5057195  -0.00187442],1,-1.0,[-0.5077279  -0.00200845],0
15,[-0.5077279  -0.00200845],1,-1.0,[-0.50985533 -0.00212744],0
15,[-0.50985533 -0.00212744],1,-1.0,[-0.51208586 -0.00223048],0
15,[-0.51208586 -0.00223048],1,-1.0,[-0.5144026  -0.00231681],0
15,[-0.5144026  -0.00231681],1,-1.0,[-0.5167884  -0.00238578],0
15,[-0.5167884  -0.00238578],1,-1.0,[-0.5192253  -0.00243685],0
15,[-0.5192253  -0.00243685],1,-1.0,[-0.52169496 -0.00246965],0
15,[-0.52169496 -0.00246965],1,-1.0,[-0.52417886 -0.00248393],0
15,[-0.52417886 -0.00248393],1,-1.0,[-0.5266584  -0.00247958],0
15,[-0.5266584  -0.00247958],1,-1.0,[-0.5291151  -0.00245663],0
15,[-0.5291151  -0.00245663],1,-1.0,[-0.5315303  -0.00241526],0
15,[-0.5315303  -0.00241526],1,-1.0,[-0.53388613 -0.00235578],0
15,[-0.53388613 -0.00235578],1,-1.0,[-0.53616476 -0.00227864],0
15,[-0.53616476 -0.00227864],1,-1.0,[-0.53834915 -0.00218442],0
15,[-0.53834915 -0.00218442],1,-1.0,[-0.540423   -0.00207382],0
15,[-0.540423   -0.00207382],1,-1.0,[-0.5423707 -0.0019477],0
15,[-0.5423707 -0.0019477],1,-1.0,[-0.54417765 -0.00180698],0
15,[-0.54417765 -0.00180698],1,-1.0,[-0.5458304  -0.00165274],0
15,[-0.5458304  -0.00165274],1,-1.0,[-0.54731655 -0.00148612],0
15,[-0.54731655 -0.00148612],1,-1.0,[-0.54862493 -0.00130839],0
15,[-0.54862493 -0.00130839],1,-1.0,[-0.5497458  -0.00112087],0
15,[-0.5497458  -0.00112087],1,-1.0,[-0.55067074 -0.00092497],0
15,[-0.55067074 -0.00092497],1,-1.0,[-0.5513929  -0.00072215],0
15,[-0.5513929  -0.00072215],1,-1.0,[-5.5190682e-01 -5.1393756e-04],0
15,[-5.5190682e-01 -5.1393756e-04],1,-1.0,[-5.5220872e-01 -3.0188216e-04],0
15,[-5.5220872e-01 -3.0188216e-04],1,-1.0,[-5.522963e-01 -8.757091e-05],0
15,[-5.522963e-01 -8.757091e-05],1,-1.0,[-5.521689e-01  1.273947e-04],0
15,[-5.521689e-01  1.273947e-04],1,-1.0,[-5.5182749e-01  3.4140836e-04],0
15,[-5.5182749e-01  3.4140836e-04],1,-1.0,[-0.5512746   0.00055287],0
15,[-0.5512746   0.00055287],1,-1.0,[-0.5505144  0.0007602],0
15,[-0.5505144  0.0007602],1,-1.0,[-0.54955256  0.00096185],0
15,[-0.54955256  0.00096185],1,-1.0,[-0.5483963   0.00115631],0
15,[-0.5483963   0.00115631],1,-1.0,[-0.5470542   0.00134212],0
15,[-0.5470542   0.00134212],1,-1.0,[-0.5455363   0.00151789],0
15,[-0.5455363   0.00151789],1,-1.0,[-0.54385394  0.0016823 ],0
15,[-0.54385394  0.0016823 ],1,-1.0,[-0.54201984  0.00183412],0
15,[-0.54201984  0.00183412],1,-1.0,[-0.54004765  0.00197221],0
15,[-0.54004765  0.00197221],1,-1.0,[-0.5379521   0.00209552],0
15,[-0.5379521   0.00209552],1,-1.0,[-0.53574896  0.00220314],0
15,[-0.53574896  0.00220314],1,-1.0,[-0.5334547   0.00229425],0
15,[-0.5334547   0.00229425],1,-1.0,[-0.53108656  0.00236815],0
15,[-0.53108656  0.00236815],1,-1.0,[-0.52866226  0.00242431],0
15,[-0.52866226  0.00242431],1,-1.0,[-0.5262      0.00246228],0
15,[-0.5262      0.00246228],1,-1.0,[-0.5237182   0.00248179],0
15,[-0.5237182   0.00248179],1,-1.0,[-0.5212355   0.00248269],1
16,"(array([-0.5578208,  0.       ], dtype=float32), {})",1,-1.0,[-5.5756462e-01  2.5621464e-04],0
16,[-5.5756462e-01  2.5621464e-04],1,-1.0,[-5.570541e-01  5.105177e-04],0
16,[-5.570541e-01  5.105177e-04],1,-1.0,[-0.5562931   0.00076101],0
16,[-0.5562931   0.00076101],1,-1.0,[-0.55528724  0.00100583],0
16,[-0.55528724  0.00100583],1,-1.0,[-0.5540441   0.00124313],0
16,[-0.5540441   0.00124313],1,-1.0,[-0.55257297  0.00147115],0
16,[-0.55257297  0.00147115],1,-1.0,[-0.5508848   0.00168819],0
16,[-0.5508848   0.00168819],1,-1.0,[-0.54899216  0.0018926 ],0
16,[-0.54899216  0.0018926 ],1,-1.0,[-0.5469093   0.00208287],0
16,[-0.5469093   0.00208287],1,-1.0,[-0.54465175  0.00225756],0
16,[-0.54465175  0.00225756],1,-1.0,[-0.5422364   0.00241535],0
16,[-0.5422364   0.00241535],1,-1.0,[-0.5396813   0.00255506],0
16,[-0.5396813   0.00255506],1,-1.0,[-0.5370057   0.00267563],0
16,[-0.5370057   0.00267563],1,-1.0,[-0.5342296   0.00277616],0
16,[-0.5342296   0.00277616],1,-1.0,[-0.5313737   0.00285587],0
16,[-0.5313737   0.00285587],1,-1.0,[-0.5284595   0.00291418],0
16,[-0.5284595   0.00291418],1,-1.0,[-0.5255089   0.00295063],0
16,[-0.5255089   0.00295063],1,-1.0,[-0.5225439   0.00296496],0
16,[-0.5225439   0.00296496],1,-1.0,[-0.51958686  0.00295705],0
16,[-0.51958686  0.00295705],1,-1.0,[-0.5166599   0.00292696],0
16,[-0.5166599   0.00292696],1,-1.0,[-0.513785    0.00287492],0
16,[-0.513785    0.00287492],1,-1.0,[-0.51098365  0.00280133],0
16,[-0.51098365  0.00280133],1,-1.0,[-0.50827694  0.00270674],0
16,[-0.50827694  0.00270674],1,-1.0,[-0.50568503  0.00259186],0
16,[-0.50568503  0.00259186],1,-1.0,[-0.5032275   0.00245758],0
16,[-0.5032275   0.00245758],1,-1.0,[-0.5009226   0.00230489],0
16,[-0.5009226   0.00230489],1,-1.0,[-0.49878764  0.00213495],0
16,[-0.49878764  0.00213495],1,-1.0,[-0.4968386   0.00194903],0
16,[-0.4968386   0.00194903],1,-1.0,[-0.49509007  0.00174855],0
16,[-0.49509007  0.00174855],1,-1.0,[-0.49355507  0.00153499],0
16,[-0.49355507  0.00153499],1,-1.0,[-0.4922451   0.00130997],0
16,[-0.4922451   0.00130997],1,-1.0,[-0.49116993  0.00107516],0
16,[-0.49116993  0.00107516],1,-1.0,[-0.4903376   0.00083233],0
16,[-0.4903376   0.00083233],1,-1.0,[-0.48975432  0.00058329],0
16,[-0.48975432  0.00058329],1,-1.0,[-4.8942444e-01  3.2988918e-04],0
16,[-4.8942444e-01  3.2988918e-04],1,-1.0,[-4.893504e-01  7.403035e-05],0
16,[-4.893504e-01  7.403035e-05],1,-1.0,[-4.8953277e-01 -1.8238077e-04],0
16,[-4.8953277e-01 -1.8238077e-04],1,-1.0,[-4.899702e-01 -4.374312e-04],0
16,[-4.899702e-01 -4.374312e-04],1,-1.0,[-0.49065942 -0.00068922],0
16,[-0.49065942 -0.00068922],1,-1.0,[-0.4915953  -0.00093586],0
16,[-0.4915953  -0.00093586],1,-1.0,[-0.49277082 -0.00117552],0
16,[-0.49277082 -0.00117552],1,-1.0,[-0.49417722 -0.0014064 ],0
16,[-0.49417722 -0.0014064 ],1,-1.0,[-0.49580398 -0.00162677],0
16,[-0.49580398 -0.00162677],1,-1.0,[-0.49763897 -0.00183499],0
16,[-0.49763897 -0.00183499],1,-1.0,[-0.49966848 -0.0020295 ],0
16,[-0.49966848 -0.0020295 ],1,-1.0,[-0.5018773  -0.00220882],0
16,[-0.5018773  -0.00220882],1,-1.0,[-0.5042489  -0.00237161],0
16,[-0.5042489  -0.00237161],1,-1.0,[-0.50676554 -0.00251666],0
16,[-0.50676554 -0.00251666],1,-1.0,[-0.5094084  -0.00264285],0
16,[-0.5094084  -0.00264285],1,-1.0,[-0.5121577  -0.00274925],0
16,[-0.5121577  -0.00274925],1,-1.0,[-0.5149927  -0.00283504],0
16,[-0.5149927  -0.00283504],1,-1.0,[-0.5178923  -0.00289958],0
16,[-0.5178923  -0.00289958],1,-1.0,[-0.5208346  -0.00294237],0
16,[-0.5208346  -0.00294237],1,-1.0,[-0.52379775 -0.00296311],0
16,[-0.52379775 -0.00296311],1,-1.0,[-0.5267594  -0.00296161],0
16,[-0.5267594  -0.00296161],1,-1.0,[-0.5296973  -0.00293791],0
16,[-0.5296973  -0.00293791],1,-1.0,[-0.53258944 -0.00289217],0
16,[-0.53258944 -0.00289217],1,-1.0,[-0.5354142  -0.00282475],0
16,[-0.5354142  -0.00282475],1,-1.0,[-0.53815037 -0.00273615],0
16,[-0.53815037 -0.00273615],1,-1.0,[-0.5407774  -0.00262705],0
16,[-0.5407774  -0.00262705],1,-1.0,[-0.54327565 -0.00249827],0
16,[-0.54327565 -0.00249827],1,-1.0,[-0.54562646 -0.00235078],0
16,[-0.54562646 -0.00235078],1,-1.0,[-0.54781216 -0.00218569],0
16,[-0.54781216 -0.00218569],1,-1.0,[-0.54981637 -0.00200425],0
16,[-0.54981637 -0.00200425],1,-1.0,[-0.55162424 -0.00180782],0
16,[-0.55162424 -0.00180782],1,-1.0,[-0.5532221  -0.00159788],0
16,[-0.5532221  -0.00159788],1,-1.0,[-0.5545981  -0.00137599],0
16,[-0.5545981  -0.00137599],1,-1.0,[-0.5557419  -0.00114383],0
16,[-0.5557419  -0.00114383],1,-1.0,[-0.55664504 -0.00090313],0
16,[-0.55664504 -0.00090313],1,-1.0,[-0.55730075 -0.00065569],0
16,[-0.55730075 -0.00065569],1,-1.0,[-5.577041e-01 -4.033586e-04],0
16,[-5.577041e-01 -4.033586e-04],1,-1.0,[-5.5785215e-01 -1.4801467e-04],0
16,[-5.5785215e-01 -1.4801467e-04],1,-1.0,[-5.57743669e-01  1.08433516e-04],0
16,[-5.57743669e-01  1.08433516e-04],1,-1.0,[-5.5737960e-01  3.6407274e-04],0
16,[-5.5737960e-01  3.6407274e-04],1,-1.0,[-0.55676264  0.000617  ],0
16,[-0.55676264  0.000617  ],1,-1.0,[-0.5558973   0.00086531],0
16,[-0.5558973   0.00086531],1,-1.0,[-0.55479014  0.00110717],0
16,[-0.55479014  0.00110717],1,-1.0,[-0.55344933  0.00134077],0
16,[-0.55344933  0.00134077],1,-1.0,[-0.551885    0.00156435],0
16,[-0.551885    0.00156435],1,-1.0,[-0.5501088   0.00177624],0
16,[-0.5501088   0.00177624],1,-1.0,[-0.5481339   0.00197486],0
16,[-0.5481339   0.00197486],1,-1.0,[-0.5459752  0.0021587],0
16,[-0.5459752  0.0021587],1,-1.0,[-0.54364884  0.0023264 ],0
16,[-0.54364884  0.0023264 ],1,-1.0,[-0.54117215  0.00247669],0
16,[-0.54117215  0.00247669],1,-1.0,[-0.5385637   0.00260842],0
16,[-0.5385637   0.00260842],1,-1.0,[-0.5358431   0.00272062],0
16,[-0.5358431   0.00272062],1,-1.0,[-0.5330306   0.00281244],0
16,[-0.5330306   0.00281244],1,-1.0,[-0.5301475   0.00288316],0
16,[-0.5301475   0.00288316],1,-1.0,[-0.5272152   0.00293228],0
16,[-0.5272152   0.00293228],1,-1.0,[-0.5242558  0.0029594],0
16,[-0.5242558  0.0029594],1,-1.0,[-0.5212915   0.00296433],0
16,[-0.5212915   0.00296433],1,-1.0,[-0.51834446  0.00294702],0
16,[-0.51834446  0.00294702],1,-1.0,[-0.5154368   0.00290762],0
16,[-0.5154368   0.00290762],1,-1.0,[-0.5125904   0.00284641],0
16,[-0.5125904   0.00284641],1,-1.0,[-0.50982654  0.00276386],0
16,[-0.50982654  0.00276386],1,-1.0,[-0.50716597  0.0026606 ],0
16,[-0.50716597  0.0026606 ],1,-1.0,[-0.50462854  0.0025374 ],0
16,[-0.50462854  0.0025374 ],1,-1.0,[-0.5022334  0.0023952],0
16,[-0.5022334  0.0023952],1,-1.0,[-0.4999983   0.00223507],0
16,[-0.4999983   0.00223507],1,-1.0,[-0.49794006  0.00205822],0
16,[-0.49794006  0.00205822],1,-1.0,[-0.4960741   0.00186597],0
16,[-0.4960741   0.00186597],1,-1.0,[-0.49441433  0.00165977],0
16,[-0.49441433  0.00165977],1,-1.0,[-0.49297318  0.00144116],0
16,[-0.49297318  0.00144116],1,-1.0,[-0.4917614   0.00121179],0
16,[-0.4917614   0.00121179],1,-1.0,[-0.490788    0.00097337],0
16,[-0.490788    0.00097337],1,-1.0,[-0.49006033  0.00072769],0
16,[-0.49006033  0.00072769],1,-1.0,[-4.8958373e-01  4.7657717e-04],0
16,[-4.8958373e-01  4.7657717e-04],1,-1.0,[-4.8936182e-01  2.2190697e-04],0
16,[-4.8936182e-01  2.2190697e-04],1,-1.0,[-4.8939624e-01 -3.4418834e-05],0
16,[-4.8939624e-01 -3.4418834e-05],1,-1.0,[-4.8968676e-01 -2.9048786e-04],0
16,[-4.8968676e-01 -2.9048786e-04],1,-1.0,[-0.49023113 -0.00054439],0
16,[-0.49023113 -0.00054439],1,-1.0,[-0.49102536 -0.00079423],0
16,[-0.49102536 -0.00079423],1,-1.0,[-0.4920635  -0.00103814],0
16,[-0.4920635  -0.00103814],1,-1.0,[-0.4933378 -0.0012743],0
16,[-0.4933378 -0.0012743],1,-1.0,[-0.49483874 -0.00150095],0
16,[-0.49483874 -0.00150095],1,-1.0,[-0.49655515 -0.00171638],0
16,[-0.49655515 -0.00171638],1,-1.0,[-0.49847412 -0.00191899],0
16,[-0.49847412 -0.00191899],1,-1.0,[-0.5005814  -0.00210724],0
16,[-0.5005814  -0.00210724],1,-1.0,[-0.5028611  -0.00227974],0
16,[-0.5028611  -0.00227974],1,-1.0,[-0.5052963  -0.00243517],0
16,[-0.5052963  -0.00243517],1,-1.0,[-0.50786865 -0.00257237],0
16,[-0.50786865 -0.00257237],1,-1.0,[-0.51055896 -0.0026903 ],0
16,[-0.51055896 -0.0026903 ],1,-1.0,[-0.513347   -0.00278807],0
16,[-0.513347   -0.00278807],1,-1.0,[-0.516212   -0.00286495],0
16,[-0.516212   -0.00286495],1,-1.0,[-0.5191323  -0.00292035],0
16,[-0.5191323  -0.00292035],1,-1.0,[-0.52208614 -0.00295384],0
16,[-0.52208614 -0.00295384],1,-1.0,[-0.52505136 -0.00296519],0
16,[-0.52505136 -0.00296519],1,-1.0,[-0.52800566 -0.00295429],0
16,[-0.52800566 -0.00295429],1,-1.0,[-0.5309269  -0.00292124],0
16,[-0.5309269  -0.00292124],1,-1.0,[-0.53379315 -0.00286629],0
16,[-0.53379315 -0.00286629],1,-1.0,[-0.536583   -0.00278984],0
16,[-0.536583   -0.00278984],1,-1.0,[-0.53927547 -0.00269248],0
16,[-0.53927547 -0.00269248],1,-1.0,[-0.54185045 -0.00257495],0
16,[-0.54185045 -0.00257495],1,-1.0,[-0.5442886  -0.00243813],0
16,[-0.5442886  -0.00243813],1,-1.0,[-0.5465717  -0.00228306],0
16,[-0.5465717  -0.00228306],1,-1.0,[-0.5486826 -0.0021109],0
16,[-0.5486826 -0.0021109],1,-1.0,[-0.5506055  -0.00192295],0
16,[-0.5506055  -0.00192295],1,-1.0,[-0.5523261  -0.00172062],0
16,[-0.5523261  -0.00172062],1,-1.0,[-0.5538315  -0.00150543],0
16,[-0.5538315  -0.00150543],1,-1.0,[-0.5551105 -0.001279 ],0
16,[-0.5551105 -0.001279 ],1,-1.0,[-0.55615354 -0.00104301],0
16,[-0.55615354 -0.00104301],1,-1.0,[-0.5569528  -0.00079924],0
16,[-0.5569528  -0.00079924],1,-1.0,[-5.5750227e-01 -5.4949941e-04],0
16,[-5.5750227e-01 -5.4949941e-04],1,-1.0,[-5.5779797e-01 -2.9566127e-04],0
16,[-5.5779797e-01 -2.9566127e-04],1,-1.0,[-5.5783755e-01 -3.9617247e-05],0
16,[-5.5783755e-01 -3.9617247e-05],1,-1.0,[-5.5762082e-01  2.1672236e-04],0
16,[-5.5762082e-01  2.1672236e-04],1,-1.0,[-5.5714941e-01  4.7144506e-04],0
16,[-5.5714941e-01  4.7144506e-04],1,-1.0,[-0.55642676  0.00072265],0
16,[-0.55642676  0.00072265],1,-1.0,[-0.5554583   0.00096846],0
16,[-0.5554583   0.00096846],1,-1.0,[-0.55425125  0.00120704],0
16,[-0.55425125  0.00120704],1,-1.0,[-0.5528146   0.00143661],0
16,[-0.5528146   0.00143661],1,-1.0,[-0.55115914  0.00165545],0
16,[-0.55115914  0.00165545],1,-1.0,[-0.5492973   0.00186192],0
16,[-0.5492973   0.00186192],1,-1.0,[-0.54724276  0.00205447],0
16,[-0.54724276  0.00205447],1,-1.0,[-0.54501116  0.00223165],0
16,[-0.54501116  0.00223165],1,-1.0,[-0.542619    0.00239213],0
16,[-0.542619    0.00239213],1,-1.0,[-0.5400843   0.00253471],0
16,[-0.5400843   0.00253471],1,-1.0,[-0.537426   0.0026583],0
16,[-0.537426   0.0026583],1,-1.0,[-0.53466403  0.00276197],0
16,[-0.53466403  0.00276197],1,-1.0,[-0.5318191   0.00284495],0
16,[-0.5318191   0.00284495],1,-1.0,[-0.5289125   0.00290659],0
16,[-0.5289125   0.00290659],1,-1.0,[-0.52596605  0.00294644],0
16,[-0.52596605  0.00294644],1,-1.0,[-0.52300185  0.0029642 ],0
16,[-0.52300185  0.0029642 ],1,-1.0,[-0.5200421   0.00295972],0
16,[-0.5200421   0.00295972],1,-1.0,[-0.5171091   0.00293305],0
16,[-0.5171091   0.00293305],1,-1.0,[-0.5142247   0.00288438],0
16,[-0.5142247   0.00288438],1,-1.0,[-0.51141065  0.00281408],0
16,[-0.51141065  0.00281408],1,-1.0,[-0.5086879   0.00272269],0
16,[-0.5086879   0.00272269],1,-1.0,[-0.50607705  0.0026109 ],0
16,[-0.50607705  0.0026109 ],1,-1.0,[-0.5035975   0.00247954],0
16,[-0.5035975   0.00247954],1,-1.0,[-0.50126785  0.00232962],0
16,[-0.50126785  0.00232962],1,-1.0,[-0.4991056   0.00216227],0
16,[-0.4991056   0.00216227],1,-1.0,[-0.49712688  0.00197873],0
16,[-0.49712688  0.00197873],1,-1.0,[-0.4953465  0.0017804],0
16,[-0.4953465  0.0017804],1,-1.0,[-0.49377772  0.00156876],0
16,[-0.49377772  0.00156876],1,-1.0,[-0.4924323  0.0013454],0
16,[-0.4924323  0.0013454],1,-1.0,[-0.4913203  0.001112 ],0
16,[-0.4913203  0.001112 ],1,-1.0,[-0.49045002  0.00087029],0
16,[-0.49045002  0.00087029],1,-1.0,[-0.48982793  0.00062208],0
16,[-0.48982793  0.00062208],1,-1.0,[-4.8945871e-01  3.6923174e-04],0
16,[-4.8945871e-01  3.6923174e-04],1,-1.0,[-4.89345074e-01  1.13628696e-04],0
16,[-4.89345074e-01  1.13628696e-04],1,-1.0,[-4.8948792e-01 -1.4282210e-04],0
16,[-4.8948792e-01 -1.4282210e-04],1,-1.0,[-4.8988611e-01 -3.9820737e-04],0
16,[-4.8988611e-01 -3.9820737e-04],1,-1.0,[-0.49053672 -0.00065062],0
16,[-0.49053672 -0.00065062],1,-1.0,[-0.4914349  -0.00089818],0
16,[-0.4914349  -0.00089818],1,-1.0,[-0.49257395 -0.00113904],0
16,[-0.49257395 -0.00113904],1,-1.0,[-0.49394533 -0.00137139],0
16,[-0.49394533 -0.00137139],1,-1.0,[-0.49553883 -0.00159349],0
16,[-0.49553883 -0.00159349],1,-1.0,[-0.49734253 -0.00180369],0
16,[-0.49734253 -0.00180369],1,-1.0,[-0.49934295 -0.00200041],0
16,[-0.49934295 -0.00200041],1,-1.0,[-0.5015251  -0.00218217],0
16,[-0.5015251  -0.00218217],1,-1.0,[-0.5038727 -0.0023476],0
16,[-0.5038727 -0.0023476],1,-1.0,[-0.50636816 -0.00249546],0
16,[-0.50636816 -0.00249546],1,-1.0,[-0.5089928  -0.00262463],0
16,[-0.5089928  -0.00262463],1,-1.0,[-0.511727   -0.00273414],0
16,[-0.511727   -0.00273414],1,-1.0,[-0.5145501  -0.00282316],0
16,[-0.5145501  -0.00282316],1,-1.0,[-0.51744115 -0.00289102],0
16,[-0.51744115 -0.00289102],1,-1.0,[-0.52037835 -0.0029372 ],0
16,[-0.52037835 -0.0029372 ],1,-1.0,[-0.5233397  -0.00296135],0
16,[-0.5233397  -0.00296135],1,-1.0,[-0.526303  -0.0029633],1
17,"(array([-0.500813,  0.      ], dtype=float32), {})",1,-1.0,[-5.0098377e-01 -1.7076015e-04],0
17,[-5.0098377e-01 -1.7076015e-04],1,-1.0,[-5.0132400e-01 -3.4024255e-04],0
17,[-5.0132400e-01 -3.4024255e-04],1,-1.0,[-0.5018312  -0.00050718],0
17,[-0.5018312  -0.00050718],1,-1.0,[-0.5025015  -0.00067032],0
17,[-0.5025015  -0.00067032],1,-1.0,[-0.50332993 -0.00082844],0
17,[-0.50332993 -0.00082844],1,-1.0,[-0.5043103  -0.00098037],0
17,[-0.5043103  -0.00098037],1,-1.0,[-0.5054353  -0.00112495],0
17,[-0.5054353  -0.00112495],1,-1.0,[-0.5066964  -0.00126111],0
17,[-0.5066964  -0.00126111],1,-1.0,[-0.5080842  -0.00138782],0
17,[-0.5080842  -0.00138782],1,-1.0,[-0.50958836 -0.00150414],0
17,[-0.50958836 -0.00150414],1,-1.0,[-0.5111975  -0.00160919],0
17,[-0.5111975  -0.00160919],1,-1.0,[-0.5128997  -0.00170217],0
17,[-0.5128997  -0.00170217],1,-1.0,[-0.5146821 -0.0017824],0
17,[-0.5146821 -0.0017824],1,-1.0,[-0.51653135 -0.00184927],0
17,[-0.51653135 -0.00184927],1,-1.0,[-0.51843363 -0.00190227],0
17,[-0.51843363 -0.00190227],1,-1.0,[-0.52037466 -0.00194101],0
17,[-0.52037466 -0.00194101],1,-1.0,[-0.5223398  -0.00196519],0
17,[-0.5223398  -0.00196519],1,-1.0,[-0.52431446 -0.00197463],0
17,[-0.52431446 -0.00197463],1,-1.0,[-0.52628374 -0.00196926],0
17,[-0.52628374 -0.00196926],1,-1.0,[-0.5282329  -0.00194913],0
17,[-0.5282329  -0.00194913],1,-1.0,[-0.53014725 -0.00191437],0
17,[-0.53014725 -0.00191437],1,-1.0,[-0.5320125  -0.00186526],0
17,[-0.5320125  -0.00186526],1,-1.0,[-0.53381467 -0.00180217],0
17,[-0.53381467 -0.00180217],1,-1.0,[-0.5355402  -0.00172556],0
17,[-0.5355402  -0.00172556],1,-1.0,[-0.53717625 -0.00163602],0
17,[-0.53717625 -0.00163602],1,-1.0,[-0.5387105  -0.00153421],0
17,[-0.5387105  -0.00153421],1,-1.0,[-0.5401314  -0.00142091],0
17,[-0.5401314  -0.00142091],1,-1.0,[-0.5414283  -0.00129697],0
17,[-0.5414283  -0.00129697],1,-1.0,[-0.54259163 -0.00116331],0
17,[-0.54259163 -0.00116331],1,-1.0,[-0.5436126  -0.00102094],0
17,[-0.5436126  -0.00102094],1,-1.0,[-0.54448354 -0.00087093],0
17,[-0.54448354 -0.00087093],1,-1.0,[-0.5451979 -0.0007144],0
17,[-0.5451979 -0.0007144],1,-1.0,[-0.54575044 -0.00055252],0
17,[-0.54575044 -0.00055252],1,-1.0,[-5.4613692e-01 -3.8650172e-04],0
17,[-5.4613692e-01 -3.8650172e-04],1,-1.0,[-5.4635453e-01 -2.1759425e-04],0
17,[-5.4635453e-01 -2.1759425e-04],1,-1.0,[-5.4640162e-01 -4.7058595e-05],0
17,[-5.4640162e-01 -4.7058595e-05],1,-1.0,[-5.4627776e-01  1.2382917e-04],0
17,[-5.4627776e-01  1.2382917e-04],1,-1.0,[-5.4598397e-01  2.9379039e-04],0
17,[-5.4598397e-01  2.9379039e-04],1,-1.0,[-5.455224e-01  4.615532e-04],0
17,[-5.455224e-01  4.615532e-04],1,-1.0,[-0.54489654  0.00062586],0
17,[-0.54489654  0.00062586],1,-1.0,[-0.5441111   0.00078549],0
17,[-0.5441111   0.00078549],1,-1.0,[-0.5431718   0.00093923],0
17,[-0.5431718   0.00093923],1,-1.0,[-0.5420859   0.00108595],0
17,[-0.5420859   0.00108595],1,-1.0,[-0.54086137  0.00122453],0
17,[-0.54086137  0.00122453],1,-1.0,[-0.53950745  0.00135394],0
17,[-0.53950745  0.00135394],1,-1.0,[-0.5380342   0.00147321],0
17,[-0.5380342   0.00147321],1,-1.0,[-0.5364528   0.00158144],0
17,[-0.5364528   0.00158144],1,-1.0,[-0.53477496  0.00167782],0
17,[-0.53477496  0.00167782],1,-1.0,[-0.53301334  0.00176163],0
17,[-0.53301334  0.00176163],1,-1.0,[-0.5311811   0.00183223],0
17,[-0.5311811   0.00183223],1,-1.0,[-0.529292    0.00188909],0
17,[-0.529292    0.00188909],1,-1.0,[-0.5273602   0.00193179],0
17,[-0.5273602   0.00193179],1,-1.0,[-0.5254002  0.00196  ],0
17,[-0.5254002  0.00196  ],1,-1.0,[-0.5234267   0.00197351],0
17,[-0.5234267   0.00197351],1,-1.0,[-0.5214545   0.00197222],0
17,[-0.5214545   0.00197222],1,-1.0,[-0.51949835  0.00195614],0
17,[-0.51949835  0.00195614],1,-1.0,[-0.517573    0.00192538],0
17,[-0.517573    0.00192538],1,-1.0,[-0.5156928   0.00188019],0
17,[-0.5156928   0.00188019],1,-1.0,[-0.5138719  0.0018209],0
17,[-0.5138719  0.0018209],1,-1.0,[-0.51212394  0.00174796],0
17,[-0.51212394  0.00174796],1,-1.0,[-0.510462    0.00166192],0
17,[-0.510462    0.00166192],1,-1.0,[-0.5088986   0.00156342],0
17,[-0.5088986   0.00156342],1,-1.0,[-0.5074454  0.0014532],0
17,[-0.5074454  0.0014532],1,-1.0,[-0.5061133  0.0013321],0
17,[-0.5061133  0.0013321],1,-1.0,[-0.50491226  0.00120102],0
17,[-0.50491226  0.00120102],1,-1.0,[-0.50385135  0.00106094],0
17,[-0.50385135  0.00106094],1,-1.0,[-0.5029384   0.00091292],0
17,[-0.5029384   0.00091292],1,-1.0,[-0.50218034  0.00075807],0
17,[-0.50218034  0.00075807],1,-1.0,[-0.5015828   0.00059754],0
17,[-0.5015828   0.00059754],1,-1.0,[-5.0115025e-01  4.3254159e-04],0
17,[-5.0115025e-01  4.3254159e-04],1,-1.0,[-5.0088596e-01  2.6430492e-04],0
17,[-5.0088596e-01  2.6430492e-04],1,-1.0,[-5.0079185e-01  9.4090494e-05],0
17,[-5.0079185e-01  9.4090494e-05],1,-1.0,[-5.008687e-01 -7.682795e-05],0
17,[-5.008687e-01 -7.682795e-05],1,-1.0,[-5.0111586e-01 -2.4717153e-04],0
17,[-5.0111586e-01 -2.4717153e-04],1,-1.0,[-5.0153154e-01 -4.1566559e-04],0
17,[-5.0153154e-01 -4.1566559e-04],1,-1.0,[-0.50211257 -0.00058105],0
17,[-0.50211257 -0.00058105],1,-1.0,[-0.50285465 -0.00074208],0
17,[-0.50285465 -0.00074208],1,-1.0,[-0.50375223 -0.00089756],0
17,[-0.50375223 -0.00089756],1,-1.0,[-0.50479853 -0.00104633],0
17,[-0.50479853 -0.00104633],1,-1.0,[-0.5059858  -0.00118725],0
17,[-0.5059858  -0.00118725],1,-1.0,[-0.5073051  -0.00131929],0
17,[-0.5073051  -0.00131929],1,-1.0,[-0.5087465  -0.00144144],0
17,[-0.5087465  -0.00144144],1,-1.0,[-0.5102993 -0.0015528],0
17,[-0.5102993 -0.0015528],1,-1.0,[-0.51195186 -0.00165252],0
17,[-0.51195186 -0.00165252],1,-1.0,[-0.5136917  -0.00173985],0
17,[-0.5136917  -0.00173985],1,-1.0,[-0.51550585 -0.00181414],0
17,[-0.51550585 -0.00181414],1,-1.0,[-0.51738065 -0.00187483],0
17,[-0.51738065 -0.00187483],1,-1.0,[-0.5193021  -0.00192147],0
17,[-0.5193021  -0.00192147],1,-1.0,[-0.52125585 -0.00195369],0
17,[-0.52125585 -0.00195369],1,-1.0,[-0.5232271  -0.00197126],0
17,[-0.5232271  -0.00197126],1,-1.0,[-0.52520114 -0.00197405],0
17,[-0.52520114 -0.00197405],1,-1.0,[-0.5271632  -0.00196203],0
17,[-0.5271632  -0.00196203],1,-1.0,[-0.5290985 -0.0019353],0
17,[-0.5290985 -0.0019353],1,-1.0,[-0.5309925  -0.00189405],0
17,[-0.5309925  -0.00189405],1,-1.0,[-0.53283113 -0.00183861],0
17,[-0.53283113 -0.00183861],1,-1.0,[-0.5346005  -0.00176937],0
17,[-0.5346005  -0.00176937],1,-1.0,[-0.53628737 -0.00168687],0
17,[-0.53628737 -0.00168687],1,-1.0,[-0.5378791  -0.00159173],0
17,[-0.5378791  -0.00159173],1,-1.0,[-0.5393638  -0.00148466],0
17,[-0.5393638  -0.00148466],1,-1.0,[-0.54073024 -0.00136647],0
17,[-0.54073024 -0.00136647],1,-1.0,[-0.5419683  -0.00123804],0
17,[-0.5419683  -0.00123804],1,-1.0,[-0.54306865 -0.00110034],0
17,[-0.54306865 -0.00110034],1,-1.0,[-0.54402304 -0.0009544 ],0
17,[-0.54402304 -0.0009544 ],1,-1.0,[-0.54482436 -0.00080131],0
17,[-0.54482436 -0.00080131],1,-1.0,[-0.54546654 -0.00064223],0
17,[-0.54546654 -0.00064223],1,-1.0,[-5.4594493e-01 -4.7833606e-04],0
17,[-5.4594493e-01 -4.7833606e-04],1,-1.0,[-5.4625577e-01 -3.1086564e-04],0
17,[-5.4625577e-01 -3.1086564e-04],1,-1.0,[-5.4639685e-01 -1.4106902e-04],0
17,[-5.4639685e-01 -1.4106902e-04],1,-1.0,[-5.4636705e-01  2.9783150e-05],0
17,[-5.4636705e-01  2.9783150e-05],1,-1.0,[-5.4616666e-01  2.0041247e-04],0
17,[-5.4616666e-01  2.0041247e-04],1,-1.0,[-5.4579711e-01  3.6954216e-04],0
17,[-5.4579711e-01  3.6954216e-04],1,-1.0,[-5.452612e-01  5.359065e-04],0
17,[-5.452612e-01  5.359065e-04],1,-1.0,[-0.54456294  0.00069826],0
17,[-0.54456294  0.00069826],1,-1.0,[-0.54370755  0.00085539],0
17,[-0.54370755  0.00085539],1,-1.0,[-0.5427014   0.00100611],0
17,[-0.5427014   0.00100611],1,-1.0,[-0.5415521  0.0011493],0
17,[-0.5415521  0.0011493],1,-1.0,[-0.54026824  0.00128389],0
17,[-0.54026824  0.00128389],1,-1.0,[-0.53885937  0.00140886],0
17,[-0.53885937  0.00140886],1,-1.0,[-0.5373361   0.00152327],0
17,[-0.5373361   0.00152327],1,-1.0,[-0.53570986  0.00162627],0
17,[-0.53570986  0.00162627],1,-1.0,[-0.53399277  0.00171709],0
17,[-0.53399277  0.00171709],1,-1.0,[-0.5321977   0.00179503],0
17,[-0.5321977   0.00179503],1,-1.0,[-0.5303382   0.00185951],0
17,[-0.5303382   0.00185951],1,-1.0,[-0.52842814  0.00191006],0
17,[-0.52842814  0.00191006],1,-1.0,[-0.52648187  0.00194627],0
17,[-0.52648187  0.00194627],1,-1.0,[-0.52451396  0.0019679 ],0
17,[-0.52451396  0.0019679 ],1,-1.0,[-0.5225392   0.00197476],0
17,[-0.5225392   0.00197476],1,-1.0,[-0.5205724   0.00196681],0
17,[-0.5205724   0.00196681],1,-1.0,[-0.5186283   0.00194412],0
17,[-0.5186283   0.00194412],1,-1.0,[-0.5167214   0.00190684],0
17,[-0.5167214   0.00190684],1,-1.0,[-0.5148662   0.00185526],0
17,[-0.5148662   0.00185526],1,-1.0,[-0.5130764   0.00178978],0
17,[-0.5130764   0.00178978],1,-1.0,[-0.51136553  0.00171087],0
17,[-0.51136553  0.00171087],1,-1.0,[-0.5097464   0.00161914],0
17,[-0.5097464   0.00161914],1,-1.0,[-0.5082311   0.00151528],0
17,[-0.5082311   0.00151528],1,-1.0,[-0.50683105  0.00140006],0
17,[-0.50683105  0.00140006],1,-1.0,[-0.5055567   0.00127436],0
17,[-0.5055567   0.00127436],1,-1.0,[-0.5044176   0.00113911],0
17,[-0.5044176   0.00113911],1,-1.0,[-0.50342226  0.00099533],0
17,[-0.50342226  0.00099533],1,-1.0,[-0.50257814  0.0008441 ],0
17,[-0.50257814  0.0008441 ],1,-1.0,[-0.5018916   0.00068655],0
17,[-0.5018916   0.00068655],1,-1.0,[-0.50136775  0.00052386],0
17,[-0.50136775  0.00052386],1,-1.0,[-5.0101048e-01  3.5724998e-04],0
17,[-5.0101048e-01  3.5724998e-04],1,-1.0,[-5.0082254e-01  1.8796753e-04],0
17,[-5.0082254e-01  1.8796753e-04],1,-1.0,[-5.0080526e-01  1.7278548e-05],0
17,[-5.0080526e-01  1.7278548e-05],1,-1.0,[-5.0095880e-01 -1.5353972e-04],0
17,[-5.0095880e-01 -1.5353972e-04],1,-1.0,[-5.012820e-01 -3.232091e-04],0
17,[-5.012820e-01 -3.232091e-04],1,-1.0,[-5.0177246e-01 -4.9045990e-04],0
17,[-5.0177246e-01 -4.9045990e-04],1,-1.0,[-0.5024265  -0.00065404],0
17,[-0.5024265  -0.00065404],1,-1.0,[-0.5032392  -0.00081273],0
17,[-0.5032392  -0.00081273],1,-1.0,[-0.5042046  -0.00096533],0
17,[-0.5042046  -0.00096533],1,-1.0,[-0.50531524 -0.0011107 ],0
17,[-0.50531524 -0.0011107 ],1,-1.0,[-0.506563   -0.00124776],0
17,[-0.506563   -0.00124776],1,-1.0,[-0.5079385  -0.00137547],0
17,[-0.5079385  -0.00137547],1,-1.0,[-0.50943136 -0.00149288],0
17,[-0.50943136 -0.00149288],1,-1.0,[-0.5110305 -0.0015991],0
17,[-0.5110305 -0.0015991],1,-1.0,[-0.5127238  -0.00169334],0
17,[-0.5127238  -0.00169334],1,-1.0,[-0.5144987  -0.00177489],0
17,[-0.5144987  -0.00177489],1,-1.0,[-0.51634187 -0.00184313],0
17,[-0.51634187 -0.00184313],1,-1.0,[-0.5182394  -0.00189756],0
17,[-0.5182394  -0.00189756],1,-1.0,[-0.5201771  -0.00193775],0
17,[-0.5201771  -0.00193775],1,-1.0,[-0.52214056 -0.00196341],0
17,[-0.52214056 -0.00196341],1,-1.0,[-0.5241149  -0.00197435],0
17,[-0.5241149  -0.00197435],1,-1.0,[-0.5260854  -0.00197048],0
17,[-0.5260854  -0.00197048],1,-1.0,[-0.5280372  -0.00195183],0
17,[-0.5280372  -0.00195183],1,-1.0,[-0.52995574 -0.00191854],0
17,[-0.52995574 -0.00191854],1,-1.0,[-0.5318266  -0.00187087],0
17,[-0.5318266  -0.00187087],1,-1.0,[-0.5336358  -0.00180916],0
17,[-0.5336358  -0.00180916],1,-1.0,[-0.5353697 -0.0017339],0
17,[-0.5353697 -0.0017339],1,-1.0,[-0.5370153  -0.00164563],0
17,[-0.5370153  -0.00164563],1,-1.0,[-0.5385604  -0.00154504],0
17,[-0.5385604  -0.00154504],1,-1.0,[-0.5399932  -0.00143286],0
17,[-0.5399932  -0.00143286],1,-1.0,[-0.54130316 -0.00130995],0
17,[-0.54130316 -0.00130995],1,-1.0,[-0.5424804  -0.00117723],0
17,[-0.5424804  -0.00117723],1,-1.0,[-0.5435161 -0.0010357],0
17,[-0.5435161 -0.0010357],1,-1.0,[-0.54440254 -0.00088641],0
17,[-0.54440254 -0.00088641],1,-1.0,[-0.545133   -0.00073048],0
17,[-0.545133   -0.00073048],1,-1.0,[-0.5457021  -0.00056909],0
17,[-0.5457021  -0.00056909],1,-1.0,[-5.4610550e-01 -4.0343168e-04],0
17,[-5.4610550e-01 -4.0343168e-04],1,-1.0,[-5.4634029e-01 -2.3475938e-04],0
17,[-5.4634029e-01 -2.3475938e-04],1,-1.0,[-5.4640460e-01 -6.4330445e-05],0
17,[-5.4640460e-01 -6.4330445e-05],1,-1.0,[-5.4629803e-01  1.0657986e-04],0
17,[-5.4629803e-01  1.0657986e-04],1,-1.0,[-5.4602134e-01  2.7669265e-04],0
17,[-5.4602134e-01  2.7669265e-04],1,-1.0,[-5.4557657e-01  4.4473502e-04],0
17,[-5.4557657e-01  4.4473502e-04],1,-1.0,[-0.5449672   0.00060945],0
17,[-0.5449672   0.00060945],1,-1.0,[-0.54419756  0.0007696 ],0
17,[-0.54419756  0.0007696 ],1,-1.0,[-0.54327357  0.00092399],0
17,[-0.54327357  0.00092399],1,-1.0,[-0.54220206  0.00107147],0
17,[-0.54220206  0.00107147],1,-1.0,[-0.5409911   0.00121092],0
17,[-0.5409911   0.00121092],1,-1.0,[-0.53964984  0.00134131],0
17,[-0.53964984  0.00134131],1,-1.0,[-0.5381882   0.00146164],0
17,[-0.5381882   0.00146164],1,-1.0,[-0.53661716  0.00157103],0
17,[-0.53661716  0.00157103],1,-1.0,[-0.5349485   0.00166864],0
17,[-0.5349485   0.00166864],1,-1.0,[-0.5331948   0.00175375],0
17,[-0.5331948   0.00175375],1,-1.0,[-0.5313691   0.00182571],0
17,[-0.5313691   0.00182571],1,-1.0,[-0.5294851   0.00188398],0
17,[-0.5294851   0.00188398],1,-1.0,[-0.52755696  0.00192813],0
17,[-0.52755696  0.00192813],1,-1.0,[-0.5255992   0.00195781],0
17,[-0.5255992   0.00195781],1,-1.0,[-0.5236263   0.00197281],0
17,[-0.5236263   0.00197281],1,-1.0,[-0.52165335  0.00197302],1
18,"(array([-0.5973178,  0.       ], dtype=float32), {})",1,-1.0,[-5.9676945e-01  5.4839684e-04],0
18,[-5.9676945e-01  5.4839684e-04],1,-1.0,[-0.59567666  0.00109278],0
18,[-0.59567666  0.00109278],1,-1.0,[-0.5940475   0.00162916],0
18,[-0.5940475   0.00162916],1,-1.0,[-0.5918939  0.0021536],0
18,[-0.5918939  0.0021536],1,-1.0,[-0.58923167  0.00266224],0
18,[-0.58923167  0.00266224],1,-1.0,[-0.5860803   0.00315131],0
18,[-0.5860803   0.00315131],1,-1.0,[-0.58246315  0.00361718],0
18,[-0.58246315  0.00361718],1,-1.0,[-0.57840675  0.00405638],0
18,[-0.57840675  0.00405638],1,-1.0,[-0.5739412   0.00446559],0
18,[-0.5739412   0.00446559],1,-1.0,[-0.5690995   0.00484172],0
18,[-0.5690995   0.00484172],1,-1.0,[-0.5639176   0.00518192],0
18,[-0.5639176   0.00518192],1,-1.0,[-0.558434    0.00548357],0
18,[-0.558434    0.00548357],1,-1.0,[-0.5526896   0.00574436],0
18,[-0.5526896   0.00574436],1,-1.0,[-0.54672736  0.00596226],0
18,[-0.54672736  0.00596226],1,-1.0,[-0.5405918   0.00613559],0
18,[-0.5405918   0.00613559],1,-1.0,[-0.5343288   0.00626298],0
18,[-0.5343288   0.00626298],1,-1.0,[-0.52798533  0.00634344],0
18,[-0.52798533  0.00634344],1,-1.0,[-0.521609    0.00637634],0
18,[-0.521609    0.00637634],1,-1.0,[-0.5152476   0.00636142],0
18,[-0.5152476   0.00636142],1,-1.0,[-0.5089488   0.00629879],0
18,[-0.5089488   0.00629879],1,-1.0,[-0.5027599   0.00618895],0
18,[-0.5027599   0.00618895],1,-1.0,[-0.49672708  0.00603276],0
18,[-0.49672708  0.00603276],1,-1.0,[-0.49089563  0.00583144],0
18,[-0.49089563  0.00583144],1,-1.0,[-0.4853091   0.00558656],0
18,[-0.4853091   0.00558656],1,-1.0,[-0.48000905  0.00530002],0
18,[-0.48000905  0.00530002],1,-1.0,[-0.47503504  0.00497403],0
18,[-0.47503504  0.00497403],1,-1.0,[-0.47042394  0.00461109],0
18,[-0.47042394  0.00461109],1,-1.0,[-0.46620998  0.00421397],0
18,[-0.46620998  0.00421397],1,-1.0,[-0.4624243   0.00378567],0
18,[-0.4624243   0.00378567],1,-1.0,[-0.45909488  0.00332943],0
18,[-0.45909488  0.00332943],1,-1.0,[-0.4562462   0.00284867],0
18,[-0.4562462   0.00284867],1,-1.0,[-0.45389926  0.00234696],0
18,[-0.45389926  0.00234696],1,-1.0,[-0.45207125  0.00182801],0
18,[-0.45207125  0.00182801],1,-1.0,[-0.4507756   0.00129566],0
18,[-0.4507756   0.00129566],1,-1.0,[-0.45002174  0.00075382],0
18,[-0.45002174  0.00075382],1,-1.0,[-4.4981530e-01  2.0646377e-04],0
18,[-4.4981530e-01  2.0646377e-04],1,-1.0,[-4.5015770e-01 -3.4240453e-04],0
18,[-4.5015770e-01 -3.4240453e-04],1,-1.0,[-0.45104647 -0.00088877],0
18,[-0.45104647 -0.00088877],1,-1.0,[-0.4524751  -0.00142862],0
18,[-0.4524751  -0.00142862],1,-1.0,[-0.4544331  -0.00195801],0
18,[-0.4544331  -0.00195801],1,-1.0,[-0.45690614 -0.00247304],0
18,[-0.45690614 -0.00247304],1,-1.0,[-0.45987606 -0.0029699 ],0
18,[-0.45987606 -0.0029699 ],1,-1.0,[-0.46332097 -0.00344492],0
18,[-0.46332097 -0.00344492],1,-1.0,[-0.4672155  -0.00389454],0
18,[-0.4672155  -0.00389454],1,-1.0,[-0.4715309 -0.0043154],0
18,[-0.4715309 -0.0043154],1,-1.0,[-0.47623524 -0.00470433],0
18,[-0.47623524 -0.00470433],1,-1.0,[-0.4812936  -0.00505836],0
18,[-0.4812936  -0.00505836],1,-1.0,[-0.4866684 -0.0053748],0
18,[-0.4866684 -0.0053748],1,-1.0,[-0.4923196  -0.00565121],0
18,[-0.4923196  -0.00565121],1,-1.0,[-0.49820507 -0.00588546],0
18,[-0.49820507 -0.00588546],1,-1.0,[-0.5042808  -0.00607573],0
18,[-0.5042808  -0.00607573],1,-1.0,[-0.5105013  -0.00622053],0
18,[-0.5105013  -0.00622053],1,-1.0,[-0.5168201  -0.00631874],0
18,[-0.5168201  -0.00631874],1,-1.0,[-0.5231896  -0.00636957],0
18,[-0.5231896  -0.00636957],1,-1.0,[-0.5295623  -0.00637264],0
18,[-0.5295623  -0.00637264],1,-1.0,[-0.5358902  -0.00632792],0
18,[-0.5358902  -0.00632792],1,-1.0,[-0.54212594 -0.00623575],0
18,[-0.54212594 -0.00623575],1,-1.0,[-0.54822284 -0.00609687],0
18,[-0.54822284 -0.00609687],1,-1.0,[-0.5541352  -0.00591236],0
18,[-0.5541352  -0.00591236],1,-1.0,[-0.5598188  -0.00568366],0
18,[-0.5598188  -0.00568366],1,-1.0,[-0.5652314  -0.00541254],0
18,[-0.5652314  -0.00541254],1,-1.0,[-0.57033247 -0.00510111],0
18,[-0.57033247 -0.00510111],1,-1.0,[-0.5750842  -0.00475175],0
18,[-0.5750842  -0.00475175],1,-1.0,[-0.5794514  -0.00436714],0
18,[-0.5794514  -0.00436714],1,-1.0,[-0.58340156 -0.00395021],0
18,[-0.58340156 -0.00395021],1,-1.0,[-0.58690566 -0.00350409],0
18,[-0.58690566 -0.00350409],1,-1.0,[-0.5899378  -0.00303214],0
18,[-0.5899378  -0.00303214],1,-1.0,[-0.59247565 -0.00253787],0
18,[-0.59247565 -0.00253787],1,-1.0,[-0.59450066 -0.00202496],0
18,[-0.59450066 -0.00202496],1,-1.0,[-0.5959978 -0.0014972],0
18,[-0.5959978 -0.0014972],1,-1.0,[-0.5969563  -0.00095846],0
18,[-0.5969563  -0.00095846],1,-1.0,[-5.9736902e-01 -4.1271377e-04],0
18,[-5.9736902e-01 -4.1271377e-04],1,-1.0,[-5.9723294e-01  1.3605761e-04],0
18,[-5.9723294e-01  1.3605761e-04],1,-1.0,[-0.5965491   0.00068383],0
18,[-0.5965491   0.00068383],1,-1.0,[-0.5953225  0.0012266],0
18,[-0.5953225  0.0012266],1,-1.0,[-0.5935621   0.00176039],0
18,[-0.5935621   0.00176039],1,-1.0,[-0.5912809   0.00228127],0
18,[-0.5912809   0.00228127],1,-1.0,[-0.58849543  0.00278541],0
18,[-0.58849543  0.00278541],1,-1.0,[-0.58522636  0.00326906],0
18,[-0.58522636  0.00326906],1,-1.0,[-0.5814977   0.00372864],0
18,[-0.5814977   0.00372864],1,-1.0,[-0.577337   0.0041607],0
18,[-0.577337   0.0041607],1,-1.0,[-0.57277507  0.004562  ],0
18,[-0.57277507  0.004562  ],1,-1.0,[-0.5678456   0.00492948],0
18,[-0.5678456   0.00492948],1,-1.0,[-0.5625852   0.00526036],0
18,[-0.5625852   0.00526036],1,-1.0,[-0.5570331   0.00555209],0
18,[-0.5570331   0.00555209],1,-1.0,[-0.55123067  0.00580243],0
18,[-0.55123067  0.00580243],1,-1.0,[-0.54522127  0.00600943],0
18,[-0.54522127  0.00600943],1,-1.0,[-0.53904974  0.00617148],0
18,[-0.53904974  0.00617148],1,-1.0,[-0.53276247  0.00628733],0
18,[-0.53276247  0.00628733],1,-1.0,[-0.5264064   0.00635605],0
18,[-0.5264064   0.00635605],1,-1.0,[-0.5200293  0.0063771],0
18,[-0.5200293  0.0063771],1,-1.0,[-0.51367897  0.00635033],0
18,[-0.51367897  0.00635033],1,-1.0,[-0.507403    0.00627594],0
18,[-0.507403    0.00627594],1,-1.0,[-0.5012485   0.00615452],0
18,[-0.5012485   0.00615452],1,-1.0,[-0.4952615   0.00598702],0
18,[-0.4952615   0.00598702],1,-1.0,[-0.48948672  0.00577475],0
18,[-0.48948672  0.00577475],1,-1.0,[-0.48396736  0.00551935],0
18,[-0.48396736  0.00551935],1,-1.0,[-0.47874457  0.00522282],0
18,[-0.47874457  0.00522282],1,-1.0,[-0.47385713  0.00488743],0
18,[-0.47385713  0.00488743],1,-1.0,[-0.4693414   0.00451575],0
18,[-0.4693414   0.00451575],1,-1.0,[-0.46523076  0.00411061],0
18,[-0.46523076  0.00411061],1,-1.0,[-0.4615557   0.00367508],0
18,[-0.4615557   0.00367508],1,-1.0,[-0.45834324  0.00321244],0
18,[-0.45834324  0.00321244],1,-1.0,[-0.4556171   0.00272615],0
18,[-0.4556171   0.00272615],1,-1.0,[-0.45339727  0.00221981],0
18,[-0.45339727  0.00221981],1,-1.0,[-0.4517001   0.00169718],0
18,[-0.4517001   0.00169718],1,-1.0,[-0.45053798  0.00116212],0
18,[-0.45053798  0.00116212],1,-1.0,[-0.44991946  0.00061854],0
18,[-0.44991946  0.00061854],1,-1.0,[-4.498490e-01  7.043019e-05],0
18,[-4.498490e-01  7.043019e-05],1,-1.0,[-0.45032722 -0.00047819],0
18,[-0.45032722 -0.00047819],1,-1.0,[-0.45135054 -0.00102331],0
18,[-0.45135054 -0.00102331],1,-1.0,[-0.45291147 -0.00156094],0
18,[-0.45291147 -0.00156094],1,-1.0,[-0.4549986  -0.00208713],0
18,[-0.4549986  -0.00208713],1,-1.0,[-0.4575966  -0.00259801],0
18,[-0.4575966  -0.00259801],1,-1.0,[-0.46068642 -0.0030898 ],0
18,[-0.46068642 -0.0030898 ],1,-1.0,[-0.46424526 -0.00355884],0
18,[-0.46424526 -0.00355884],1,-1.0,[-0.4682469  -0.00400165],0
18,[-0.4682469  -0.00400165],1,-1.0,[-0.4726618  -0.00441488],0
18,[-0.4726618  -0.00441488],1,-1.0,[-0.4774572  -0.00479542],0
18,[-0.4774572  -0.00479542],1,-1.0,[-0.4825976  -0.00514038],0
18,[-0.4825976  -0.00514038],1,-1.0,[-0.4880447  -0.00544711],0
18,[-0.4880447  -0.00544711],1,-1.0,[-0.49375796 -0.00571327],0
18,[-0.49375796 -0.00571327],1,-1.0,[-0.49969473 -0.00593677],0
18,[-0.49969473 -0.00593677],1,-1.0,[-0.5058106 -0.0061159],0
18,[-0.5058106 -0.0061159],1,-1.0,[-0.51205987 -0.00624925],0
18,[-0.51205987 -0.00624925],1,-1.0,[-0.51839566 -0.00633577],0
18,[-0.51839566 -0.00633577],1,-1.0,[-0.52477044 -0.00637479],0
18,[-0.52477044 -0.00637479],1,-1.0,[-0.53113645 -0.00636601],0
18,[-0.53113645 -0.00636601],1,-1.0,[-0.5374459  -0.00630948],0
18,[-0.5374459  -0.00630948],1,-1.0,[-0.5436516  -0.00620565],0
18,[-0.5436516  -0.00620565],1,-1.0,[-0.54970694 -0.00605535],0
18,[-0.54970694 -0.00605535],1,-1.0,[-0.55556667 -0.00585974],0
18,[-0.55556667 -0.00585974],1,-1.0,[-0.561187   -0.00562035],0
18,[-0.561187   -0.00562035],1,-1.0,[-0.56652606 -0.00533903],0
18,[-0.56652606 -0.00533903],1,-1.0,[-0.571544   -0.00501797],0
18,[-0.571544   -0.00501797],1,-1.0,[-0.57620364 -0.00465961],0
18,[-0.57620364 -0.00465961],1,-1.0,[-0.5804703  -0.00426671],0
18,[-0.5804703  -0.00426671],1,-1.0,[-0.58431256 -0.00384224],0
18,[-0.58431256 -0.00384224],1,-1.0,[-0.587702  -0.0033894],0
18,[-0.587702  -0.0033894],1,-1.0,[-0.5906136  -0.00291159],0
18,[-0.5906136  -0.00291159],1,-1.0,[-0.5930259  -0.00241236],0
18,[-0.5930259  -0.00241236],1,-1.0,[-0.59492135 -0.00189541],0
18,[-0.59492135 -0.00189541],1,-1.0,[-0.5962859  -0.00136456],0
18,[-0.5962859  -0.00136456],1,-1.0,[-0.5971096  -0.00082372],0
18,[-0.5971096  -0.00082372],1,-1.0,[-5.9738648e-01 -2.7684506e-04],0
18,[-5.9738648e-01 -2.7684506e-04],1,-1.0,[-5.9711438e-01  2.7205405e-04],0
18,[-5.9711438e-01  2.7205405e-04],1,-1.0,[-0.5962955   0.00081896],0
18,[-0.5962955   0.00081896],1,-1.0,[-0.5949356   0.00135988],0
18,[-0.5949356   0.00135988],1,-1.0,[-0.59304476  0.00189083],0
18,[-0.59304476  0.00189083],1,-1.0,[-0.59063685  0.00240791],0
18,[-0.59063685  0.00240791],1,-1.0,[-0.5877295   0.00290732],0
18,[-0.5877295   0.00290732],1,-1.0,[-0.5843442   0.00338533],0
18,[-0.5843442   0.00338533],1,-1.0,[-0.5805058   0.00383841],0
18,[-0.5805058   0.00383841],1,-1.0,[-0.5762426   0.00426314],0
18,[-0.5762426   0.00426314],1,-1.0,[-0.5715863   0.00465633],0
18,[-0.5715863   0.00465633],1,-1.0,[-0.5665713   0.00501499],0
18,[-0.5665713   0.00501499],1,-1.0,[-0.56123495  0.0053364 ],0
18,[-0.56123495  0.0053364 ],1,-1.0,[-0.55561686  0.00561807],0
18,[-0.55561686  0.00561807],1,-1.0,[-0.54975903  0.00585783],0
18,[-0.54975903  0.00585783],1,-1.0,[-0.54370517  0.00605383],0
18,[-0.54370517  0.00605383],1,-1.0,[-0.5375006   0.00620454],0
18,[-0.5375006   0.00620454],1,-1.0,[-0.5311919   0.00630877],0
18,[-0.5311919   0.00630877],1,-1.0,[-0.52482617  0.00636572],0
18,[-0.52482617  0.00636572],1,-1.0,[-0.5184512   0.00637492],0
18,[-0.5184512   0.00637492],1,-1.0,[-0.51211494  0.00633632],0
18,[-0.51211494  0.00633632],1,-1.0,[-0.5058647   0.00625021],0
18,[-0.5058647   0.00625021],1,-1.0,[-0.49974746  0.00611726],0
18,[-0.49974746  0.00611726],1,-1.0,[-0.49380893  0.00593853],0
18,[-0.49380893  0.00593853],1,-1.0,[-0.4880935  0.0057154],0
18,[-0.4880935  0.0057154],1,-1.0,[-0.4826439   0.00544962],0
18,[-0.4826439   0.00544962],1,-1.0,[-0.47750065  0.00514323],0
18,[-0.47750065  0.00514323],1,-1.0,[-0.47270206  0.00479859],0
18,[-0.47270206  0.00479859],1,-1.0,[-0.4682837   0.00441835],0
18,[-0.4682837   0.00441835],1,-1.0,[-0.46427834  0.00400539],0
18,[-0.46427834  0.00400539],1,-1.0,[-0.4607155   0.00356283],0
18,[-0.4607155   0.00356283],1,-1.0,[-0.45762148  0.003094  ],0
18,[-0.45762148  0.003094  ],1,-1.0,[-0.45501912  0.00260239],0
18,[-0.45501912  0.00260239],1,-1.0,[-0.45292744  0.00209167],0
18,[-0.45292744  0.00209167],1,-1.0,[-0.45136184  0.00156559],0
18,[-0.45136184  0.00156559],1,-1.0,[-0.4503338   0.00102805],0
18,[-0.4503338   0.00102805],1,-1.0,[-0.44985083  0.00048297],0
18,[-0.44985083  0.00048297],1,-1.0,[-4.4991645e-01 -6.5635053e-05],0
18,[-4.4991645e-01 -6.5635053e-05],1,-1.0,[-0.45053023 -0.00061376],0
18,[-0.45053023 -0.00061376],1,-1.0,[-0.45168763 -0.0011574 ],0
18,[-0.45168763 -0.0011574 ],1,-1.0,[-0.45338017 -0.00169256],0
18,[-0.45338017 -0.00169256],1,-1.0,[-0.4555955  -0.00221531],0
18,[-0.4555955  -0.00221531],1,-1.0,[-0.4583173  -0.00272181],0
18,[-0.4583173  -0.00272181],1,-1.0,[-0.4615256  -0.00320829],0
18,[-0.4615256  -0.00320829],1,-1.0,[-0.46519676 -0.00367116],0
18,[-0.46519676 -0.00367116],1,-1.0,[-0.46930367 -0.00410693],0
18,[-0.46930367 -0.00410693],1,-1.0,[-0.47381604 -0.00451235],0
18,[-0.47381604 -0.00451235],1,-1.0,[-0.47870037 -0.00488433],0
18,[-0.47870037 -0.00488433],1,-1.0,[-0.48392043 -0.00522005],0
18,[-0.48392043 -0.00522005],1,-1.0,[-0.48943734 -0.00551694],0
18,[-0.48943734 -0.00551694],1,-1.0,[-0.49521005 -0.0057727 ],0
18,[-0.49521005 -0.0057727 ],1,-1.0,[-0.50119543 -0.00598536],0
18,[-0.50119543 -0.00598536],1,-1.0,[-0.50734866 -0.00615326],0
18,[-0.50734866 -0.00615326],1,-1.0,[-0.5136238  -0.00627509],0
18,[-0.5136238  -0.00627509],1,-1.0,[-0.51997364 -0.00634989],0
18,[-0.51997364 -0.00634989],1,-1.0,[-0.52635074 -0.00637707],1
19,"(array([-0.5009308,  0.       ], dtype=float32), {})",1,-1.0,[-5.0110066e-01 -1.6987880e-04],0
19,[-5.0110066e-01 -1.6987880e-04],1,-1.0,[-5.0143915e-01 -3.3848642e-04],0
19,[-5.0143915e-01 -3.3848642e-04],1,-1.0,[-0.5019437  -0.00050456],0
19,[-0.5019437  -0.00050456],1,-1.0,[-0.50261056 -0.00066686],0
19,[-0.50261056 -0.00066686],1,-1.0,[-0.5034348  -0.00082417],0
19,[-0.5034348  -0.00082417],1,-1.0,[-0.5044101  -0.00097531],0
19,[-0.5044101  -0.00097531],1,-1.0,[-0.5055292  -0.00111914],0
19,[-0.5055292  -0.00111914],1,-1.0,[-0.5067838 -0.0012546],0
19,[-0.5067838 -0.0012546],1,-1.0,[-0.50816447 -0.00138066],0
19,[-0.50816447 -0.00138066],1,-1.0,[-0.50966084 -0.00149637],0
19,[-0.50966084 -0.00149637],1,-1.0,[-0.5112617  -0.00160088],0
19,[-0.5112617  -0.00160088],1,-1.0,[-0.51295507 -0.00169338],0
19,[-0.51295507 -0.00169338],1,-1.0,[-0.5147283 -0.0017732],0
19,[-0.5147283 -0.0017732],1,-1.0,[-0.516568   -0.00183972],0
19,[-0.516568   -0.00183972],1,-1.0,[-0.51846045 -0.00189244],0
19,[-0.51846045 -0.00189244],1,-1.0,[-0.5203914  -0.00193098],0
19,[-0.5203914  -0.00193098],1,-1.0,[-0.52234644 -0.00195504],0
19,[-0.52234644 -0.00195504],1,-1.0,[-0.5243109  -0.00196443],0
19,[-0.5243109  -0.00196443],1,-1.0,[-0.52627    -0.00195909],0
19,[-0.52627    -0.00195909],1,-1.0,[-0.52820903 -0.00193905],0
19,[-0.52820903 -0.00193905],1,-1.0,[-0.5301135  -0.00190448],0
19,[-0.5301135  -0.00190448],1,-1.0,[-0.53196913 -0.00185562],0
19,[-0.53196913 -0.00185562],1,-1.0,[-0.533762   -0.00179285],0
19,[-0.533762   -0.00179285],1,-1.0,[-0.5354786  -0.00171664],0
19,[-0.5354786  -0.00171664],1,-1.0,[-0.53710616 -0.00162756],0
19,[-0.53710616 -0.00162756],1,-1.0,[-0.53863245 -0.00152628],0
19,[-0.53863245 -0.00152628],1,-1.0,[-0.54004604 -0.00141357],0
19,[-0.54004604 -0.00141357],1,-1.0,[-0.5413363  -0.00129026],0
19,[-0.5413363  -0.00129026],1,-1.0,[-0.5424936  -0.00115729],0
19,[-0.5424936  -0.00115729],1,-1.0,[-0.54350924 -0.00101566],0
19,[-0.54350924 -0.00101566],1,-1.0,[-0.54437566 -0.00086642],0
19,[-0.54437566 -0.00086642],1,-1.0,[-0.5450863  -0.00071069],0
19,[-0.5450863  -0.00071069],1,-1.0,[-0.545636   -0.00054965],0
19,[-0.545636   -0.00054965],1,-1.0,[-5.4602045e-01 -3.8448855e-04],0
19,[-5.4602045e-01 -3.8448855e-04],1,-1.0,[-5.4623693e-01 -2.1645265e-04],0
19,[-5.4623693e-01 -2.1645265e-04],1,-1.0,[-5.4628372e-01 -4.6797086e-05],0
19,[-5.4628372e-01 -4.6797086e-05],1,-1.0,[-5.4616052e-01  1.2320865e-04],0
19,[-5.4616052e-01  1.2320865e-04],1,-1.0,[-5.4586822e-01  2.9229245e-04],0
19,[-5.4586822e-01  2.9229245e-04],1,-1.0,[-5.45409e-01  4.59189e-04],0
19,[-5.45409e-01  4.59189e-04],1,-1.0,[-0.5447864   0.00062265],0
19,[-0.5447864   0.00062265],1,-1.0,[-0.5440049   0.00078145],0
19,[-0.5440049   0.00078145],1,-1.0,[-0.54307055  0.0009344 ],0
19,[-0.54307055  0.0009344 ],1,-1.0,[-0.54199016  0.00108035],0
19,[-0.54199016  0.00108035],1,-1.0,[-0.54077196  0.00121822],0
19,[-0.54077196  0.00121822],1,-1.0,[-0.539425    0.00134696],0
19,[-0.539425    0.00134696],1,-1.0,[-0.5379594   0.00146561],0
19,[-0.5379594   0.00146561],1,-1.0,[-0.5363861   0.00157329],0
19,[-0.5363861   0.00157329],1,-1.0,[-0.5347169   0.00166917],0
19,[-0.5347169   0.00166917],1,-1.0,[-0.5329644   0.00175254],0
19,[-0.5329644   0.00175254],1,-1.0,[-0.53114164  0.00182277],0
19,[-0.53114164  0.00182277],1,-1.0,[-0.5292623   0.00187934],0
19,[-0.5292623   0.00187934],1,-1.0,[-0.5273405   0.00192181],0
19,[-0.5273405   0.00192181],1,-1.0,[-0.52539057  0.00194987],0
19,[-0.52539057  0.00194987],1,-1.0,[-0.5234273   0.00196331],0
19,[-0.5234273   0.00196331],1,-1.0,[-0.52146524  0.00196203],0
19,[-0.52146524  0.00196203],1,-1.0,[-0.5195192   0.00194602],0
19,[-0.5195192   0.00194602],1,-1.0,[-0.5176038   0.00191543],0
19,[-0.5176038   0.00191543],1,-1.0,[-0.51573336  0.00187047],0
19,[-0.51573336  0.00187047],1,-1.0,[-0.51392186  0.00181148],0
19,[-0.51392186  0.00181148],1,-1.0,[-0.51218295  0.00173892],0
19,[-0.51218295  0.00173892],1,-1.0,[-0.51052964  0.00165331],0
19,[-0.51052964  0.00165331],1,-1.0,[-0.5089743   0.00155532],0
19,[-0.5089743   0.00155532],1,-1.0,[-0.5075286   0.00144567],0
19,[-0.5075286   0.00144567],1,-1.0,[-0.5062034   0.00132519],0
19,[-0.5062034   0.00132519],1,-1.0,[-0.50500864  0.00119479],0
19,[-0.50500864  0.00119479],1,-1.0,[-0.5039532   0.00105543],0
19,[-0.5039532   0.00105543],1,-1.0,[-0.503045    0.00090818],0
19,[-0.503045    0.00090818],1,-1.0,[-0.5022909   0.00075412],0
19,[-0.5022909   0.00075412],1,-1.0,[-0.50169647  0.00059442],0
19,[-0.50169647  0.00059442],1,-1.0,[-5.0126624e-01  4.3027269e-04],0
19,[-5.0126624e-01  4.3027269e-04],1,-1.0,[-5.010033e-01  2.629038e-04],0
19,[-5.010033e-01  2.629038e-04],1,-1.0,[-5.0090975e-01  9.3567643e-05],0
19,[-5.0090975e-01  9.3567643e-05],1,-1.0,[-5.0098622e-01 -7.6468656e-05],0
19,[-5.0098622e-01 -7.6468656e-05],1,-1.0,[-5.0123215e-01 -2.4593278e-04],0
19,[-5.0123215e-01 -2.4593278e-04],1,-1.0,[-5.0164568e-01 -4.1355658e-04],0
19,[-5.0164568e-01 -4.1355658e-04],1,-1.0,[-0.5022238  -0.00057809],0
19,[-0.5022238  -0.00057809],1,-1.0,[-0.5029621  -0.00073829],0
19,[-0.5029621  -0.00073829],1,-1.0,[-0.50385505 -0.00089296],0
19,[-0.50385505 -0.00089296],1,-1.0,[-0.504896   -0.00104096],0
19,[-0.504896   -0.00104096],1,-1.0,[-0.5060772  -0.00118115],0
19,[-0.5060772  -0.00118115],1,-1.0,[-0.50738966 -0.0013125 ],0
19,[-0.50738966 -0.0013125 ],1,-1.0,[-0.5088237  -0.00143403],0
19,[-0.5088237  -0.00143403],1,-1.0,[-0.51036847 -0.0015448 ],0
19,[-0.51036847 -0.0015448 ],1,-1.0,[-0.5120125 -0.001644 ],0
19,[-0.5120125 -0.001644 ],1,-1.0,[-0.5137434  -0.00173088],0
19,[-0.5137434  -0.00173088],1,-1.0,[-0.51554817 -0.00180479],0
19,[-0.51554817 -0.00180479],1,-1.0,[-0.5174133  -0.00186516],0
19,[-0.5174133  -0.00186516],1,-1.0,[-0.5193249  -0.00191155],0
19,[-0.5193249  -0.00191155],1,-1.0,[-0.5212685 -0.0019436],0
19,[-0.5212685 -0.0019436],1,-1.0,[-0.52322954 -0.00196108],0
19,[-0.52322954 -0.00196108],1,-1.0,[-0.5251934  -0.00196385],0
19,[-0.5251934  -0.00196385],1,-1.0,[-0.52714527 -0.00195189],0
19,[-0.52714527 -0.00195189],1,-1.0,[-0.52907056 -0.00192529],0
19,[-0.52907056 -0.00192529],1,-1.0,[-0.53095484 -0.00188425],0
19,[-0.53095484 -0.00188425],1,-1.0,[-0.5327839  -0.00182909],0
19,[-0.5327839  -0.00182909],1,-1.0,[-0.5345441  -0.00176021],0
19,[-0.5345441  -0.00176021],1,-1.0,[-0.5362223  -0.00167813],0
19,[-0.5362223  -0.00167813],1,-1.0,[-0.53780574 -0.00158348],0
19,[-0.53780574 -0.00158348],1,-1.0,[-0.5392827  -0.00147696],0
19,[-0.5392827  -0.00147696],1,-1.0,[-0.5406421  -0.00135937],0
19,[-0.5406421  -0.00135937],1,-1.0,[-0.5418737 -0.0012316],0
19,[-0.5418737 -0.0012316],1,-1.0,[-0.5429683  -0.00109461],0
19,[-0.5429683  -0.00109461],1,-1.0,[-0.5439177  -0.00094942],0
19,[-0.5439177  -0.00094942],1,-1.0,[-0.54471487 -0.00079712],0
19,[-0.54471487 -0.00079712],1,-1.0,[-0.5453537  -0.00063886],0
19,[-0.5453537  -0.00063886],1,-1.0,[-5.4582953e-01 -4.7581291e-04],0
19,[-5.4582953e-01 -4.7581291e-04],1,-1.0,[-5.4613870e-01 -3.0920593e-04],0
19,[-5.4613870e-01 -3.0920593e-04],1,-1.0,[-5.4627901e-01 -1.4028516e-04],0
19,[-5.4627901e-01 -1.4028516e-04],1,-1.0,[-5.4624933e-01  2.9685323e-05],0
19,[-5.4624933e-01  2.9685323e-05],1,-1.0,[-5.4604989e-01  1.9943369e-04],0
19,[-5.4604989e-01  1.9943369e-04],1,-1.0,[-5.4568219e-01  3.6768973e-04],0
19,[-5.4568219e-01  3.6768973e-04],1,-1.0,[-5.451490e-01  5.331942e-04],0
19,[-5.451490e-01  5.331942e-04],1,-1.0,[-0.5444543   0.00069471],0
19,[-0.5444543   0.00069471],1,-1.0,[-0.54360324  0.00085102],0
19,[-0.54360324  0.00085102],1,-1.0,[-0.5426023   0.00100097],0
19,[-0.5426023   0.00100097],1,-1.0,[-0.5414589   0.00114342],0
19,[-0.5414589   0.00114342],1,-1.0,[-0.5401816  0.0012773],0
19,[-0.5401816  0.0012773],1,-1.0,[-0.53878     0.00140162],0
19,[-0.53878     0.00140162],1,-1.0,[-0.5372645   0.00151544],0
19,[-0.5372645   0.00151544],1,-1.0,[-0.5356466   0.00161791],0
19,[-0.5356466   0.00161791],1,-1.0,[-0.53393835  0.00170825],0
19,[-0.53393835  0.00170825],1,-1.0,[-0.5321526   0.00178578],0
19,[-0.5321526   0.00178578],1,-1.0,[-0.53030264  0.00184993],0
19,[-0.53030264  0.00184993],1,-1.0,[-0.52840245  0.0019002 ],0
19,[-0.52840245  0.0019002 ],1,-1.0,[-0.52646625  0.00193623],0
19,[-0.52646625  0.00193623],1,-1.0,[-0.5245085   0.00195773],0
19,[-0.5245085   0.00195773],1,-1.0,[-0.52254397  0.00196456],0
19,[-0.52254397  0.00196456],1,-1.0,[-0.5205873   0.00195665],0
19,[-0.5205873   0.00195665],1,-1.0,[-0.5186532   0.00193406],0
19,[-0.5186532   0.00193406],1,-1.0,[-0.5167563   0.00189697],0
19,[-0.5167563   0.00189697],1,-1.0,[-0.51491064  0.00184565],0
19,[-0.51491064  0.00184565],1,-1.0,[-0.5131301  0.0017805],0
19,[-0.5131301  0.0017805],1,-1.0,[-0.5114281  0.001702 ],0
19,[-0.5114281  0.001702 ],1,-1.0,[-0.50981736  0.00161074],0
19,[-0.50981736  0.00161074],1,-1.0,[-0.50830996  0.00150741],0
19,[-0.50830996  0.00150741],1,-1.0,[-0.5069172   0.00139278],0
19,[-0.5069172   0.00139278],1,-1.0,[-0.50564945  0.00126772],0
19,[-0.50564945  0.00126772],1,-1.0,[-0.5045163   0.00113317],0
19,[-0.5045163   0.00113317],1,-1.0,[-0.50352615  0.00099013],0
19,[-0.50352615  0.00099013],1,-1.0,[-0.5026865   0.00083967],0
19,[-0.5026865   0.00083967],1,-1.0,[-0.50200355  0.00068293],0
19,[-0.50200355  0.00068293],1,-1.0,[-0.5014825   0.00052108],0
19,[-0.5014825   0.00052108],1,-1.0,[-5.011271e-01  3.553328e-04],0
19,[-5.011271e-01  3.553328e-04],1,-1.0,[-5.0094020e-01  1.8692316e-04],0
19,[-5.0094020e-01  1.8692316e-04],1,-1.0,[-5.009231e-01  1.711484e-05],0
19,[-5.009231e-01  1.711484e-05],1,-1.0,[-5.0107592e-01 -1.5282155e-04],0
19,[-5.0107592e-01 -1.5282155e-04],1,-1.0,[-5.0139755e-01 -3.2161441e-04],0
19,[-5.0139755e-01 -3.2161441e-04],1,-1.0,[-5.0188553e-01 -4.8800060e-04],0
19,[-5.0188553e-01 -4.8800060e-04],1,-1.0,[-0.5025363  -0.00065073],0
19,[-0.5025363  -0.00065073],1,-1.0,[-0.5033449 -0.0008086],0
19,[-0.5033449 -0.0008086],1,-1.0,[-0.5043053  -0.00096041],0
19,[-0.5043053  -0.00096041],1,-1.0,[-0.5054103  -0.00110503],0
19,[-0.5054103  -0.00110503],1,-1.0,[-0.5066517  -0.00124138],0
19,[-0.5066517  -0.00124138],1,-1.0,[-0.5080201  -0.00136842],0
19,[-0.5080201  -0.00136842],1,-1.0,[-0.50950533 -0.00148522],0
19,[-0.50950533 -0.00148522],1,-1.0,[-0.51109624 -0.00159089],0
19,[-0.51109624 -0.00159089],1,-1.0,[-0.51278085 -0.00168464],0
19,[-0.51278085 -0.00168464],1,-1.0,[-0.51454663 -0.00176576],0
19,[-0.51454663 -0.00176576],1,-1.0,[-0.51638025 -0.00183364],0
19,[-0.51638025 -0.00183364],1,-1.0,[-0.51826805 -0.00188778],0
19,[-0.51826805 -0.00188778],1,-1.0,[-0.5201958  -0.00192775],0
19,[-0.5201958  -0.00192775],1,-1.0,[-0.5221491  -0.00195328],0
19,[-0.5221491  -0.00195328],1,-1.0,[-0.52411324 -0.00196415],0
19,[-0.52411324 -0.00196415],1,-1.0,[-0.5260735  -0.00196029],0
19,[-0.5260735  -0.00196029],1,-1.0,[-0.52801526 -0.00194173],0
19,[-0.52801526 -0.00194173],1,-1.0,[-0.52992386 -0.00190861],0
19,[-0.52992386 -0.00190861],1,-1.0,[-0.531785   -0.00186117],0
19,[-0.531785   -0.00186117],1,-1.0,[-0.5335848  -0.00179978],0
19,[-0.5335848  -0.00179978],1,-1.0,[-0.5353097 -0.0017249],0
19,[-0.5353097 -0.0017249],1,-1.0,[-0.5369468  -0.00163708],0
19,[-0.5369468  -0.00163708],1,-1.0,[-0.5384838 -0.001537 ],0
19,[-0.5384838 -0.001537 ],1,-1.0,[-0.5399092 -0.0014254],0
19,[-0.5399092 -0.0014254],1,-1.0,[-0.5412123  -0.00130312],0
19,[-0.5412123  -0.00130312],1,-1.0,[-0.5423834  -0.00117108],0
19,[-0.5423834  -0.00117108],1,-1.0,[-0.54341364 -0.00103027],0
19,[-0.54341364 -0.00103027],1,-1.0,[-0.54429543 -0.00088175],0
19,[-0.54429543 -0.00088175],1,-1.0,[-0.545022   -0.00072662],0
19,[-0.545022   -0.00072662],1,-1.0,[-0.5455881  -0.00056606],0
19,[-0.5455881  -0.00056606],1,-1.0,[-5.4598933e-01 -4.0125821e-04],0
19,[-5.4598933e-01 -4.0125821e-04],1,-1.0,[-5.4622281e-01 -2.3345521e-04],0
19,[-5.4622281e-01 -2.3345521e-04],1,-1.0,[-5.462867e-01 -6.390530e-05],0
19,[-5.462867e-01 -6.390530e-05],1,-1.0,[-5.4618061e-01  1.0612279e-04],0
19,[-5.4618061e-01  1.0612279e-04],1,-1.0,[-5.4590523e-01  2.7535681e-04],0
19,[-5.4590523e-01  2.7535681e-04],1,-1.0,[-5.4546267e-01  4.4253032e-04],0
19,[-5.4546267e-01  4.4253032e-04],1,-1.0,[-0.5448563   0.00060639],0
19,[-0.5448563   0.00060639],1,-1.0,[-0.54409057  0.00076572],0
19,[-0.54409057  0.00076572],1,-1.0,[-0.5431713   0.00091931],0
19,[-0.5431713   0.00091931],1,-1.0,[-0.54210526  0.00106602],0
19,[-0.54210526  0.00106602],1,-1.0,[-0.5409005   0.00120474],0
19,[-0.5409005   0.00120474],1,-1.0,[-0.53956604  0.00133445],0
19,[-0.53956604  0.00133445],1,-1.0,[-0.5381119   0.00145416],0
19,[-0.5381119   0.00145416],1,-1.0,[-0.5365489   0.00156297],0
19,[-0.5365489   0.00156297],1,-1.0,[-0.53488886  0.00166007],0
19,[-0.53488886  0.00166007],1,-1.0,[-0.5331441   0.00174473],0
19,[-0.5331441   0.00174473],1,-1.0,[-0.53132784  0.00181631],0
19,[-0.53132784  0.00181631],1,-1.0,[-0.5294535   0.00187428],0
19,[-0.5294535   0.00187428],1,-1.0,[-0.5275354   0.00191818],0
19,[-0.5275354   0.00191818],1,-1.0,[-0.5255877   0.00194771],0
19,[-0.5255877   0.00194771],1,-1.0,[-0.523625    0.00196262],0
19,[-0.523625    0.00196262],1,-1.0,[-0.5216622   0.00196282],1
20,"(array([-0.44120046,  0.        ], dtype=float32), {})",1,-1.0,[-0.4418122  -0.00061171],0
20,[-0.4418122  -0.00061171],1,-1.0,[-0.44303116 -0.00121898],0
20,[-0.44303116 -0.00121898],1,-1.0,[-0.44484854 -0.00181737],0
20,[-0.44484854 -0.00181737],1,-1.0,[-0.44725105 -0.00240251],0
20,[-0.44725105 -0.00240251],1,-1.0,[-0.45022118 -0.00297013],0
20,[-0.45022118 -0.00297013],1,-1.0,[-0.4537372  -0.00351603],0
20,[-0.4537372  -0.00351603],1,-1.0,[-0.45777336 -0.00403616],0
20,[-0.45777336 -0.00403616],1,-1.0,[-0.4623     -0.00452665],0
20,[-0.4623     -0.00452665],1,-1.0,[-0.46728382 -0.0049838 ],0
20,[-0.46728382 -0.0049838 ],1,-1.0,[-0.472688   -0.00540416],0
20,[-0.472688   -0.00540416],1,-1.0,[-0.4784725  -0.00578451],0
20,[-0.4784725  -0.00578451],1,-1.0,[-0.4845944  -0.00612192],0
20,[-0.4845944  -0.00612192],1,-1.0,[-0.4910082  -0.00641379],0
20,[-0.4910082  -0.00641379],1,-1.0,[-0.49766603 -0.00665783],0
20,[-0.49766603 -0.00665783],1,-1.0,[-0.50451815 -0.00685213],0
20,[-0.50451815 -0.00685213],1,-1.0,[-0.5115133  -0.00699515],0
20,[-0.5115133  -0.00699515],1,-1.0,[-0.5185991  -0.00708577],0
20,[-0.5185991  -0.00708577],1,-1.0,[-0.5257223  -0.00712327],0
20,[-0.5257223  -0.00712327],1,-1.0,[-0.5328297  -0.00710734],0
20,[-0.5328297  -0.00710734],1,-1.0,[-0.5398678  -0.00703812],0
20,[-0.5398678  -0.00703812],1,-1.0,[-0.546784   -0.00691615],0
20,[-0.546784   -0.00691615],1,-1.0,[-0.55352634 -0.0067424 ],0
20,[-0.55352634 -0.0067424 ],1,-1.0,[-0.56004465 -0.00651825],0
20,[-0.56004465 -0.00651825],1,-1.0,[-0.5662901  -0.00624545],0
20,[-0.5662901  -0.00624545],1,-1.0,[-0.5722162  -0.00592614],0
20,[-0.5722162  -0.00592614],1,-1.0,[-0.577779  -0.0055628],0
20,[-0.577779  -0.0055628],1,-1.0,[-0.58293724 -0.00515823],0
20,[-0.58293724 -0.00515823],1,-1.0,[-0.5876528  -0.00471554],0
20,[-0.5876528  -0.00471554],1,-1.0,[-0.5918909  -0.00423809],0
20,[-0.5918909  -0.00423809],1,-1.0,[-0.59562033 -0.00372947],0
20,[-0.59562033 -0.00372947],1,-1.0,[-0.59881383 -0.0031935 ],0
20,[-0.59881383 -0.0031935 ],1,-1.0,[-0.601448   -0.00263417],0
20,[-0.601448   -0.00263417],1,-1.0,[-0.6035036  -0.00205559],0
20,[-0.6035036  -0.00205559],1,-1.0,[-0.6049656  -0.00146203],0
20,[-0.6049656  -0.00146203],1,-1.0,[-0.60582346 -0.00085782],0
20,[-0.60582346 -0.00085782],1,-1.0,[-6.0607082e-01 -2.4736824e-04],0
20,[-6.0607082e-01 -2.4736824e-04],1,-1.0,[-6.0570592e-01  3.6488072e-04],0
20,[-6.0570592e-01  3.6488072e-04],1,-1.0,[-0.60473144  0.00097448],0
20,[-0.60473144  0.00097448],1,-1.0,[-0.6031545   0.00157698],0
20,[-0.6031545   0.00157698],1,-1.0,[-0.6009865  0.002168 ],0
20,[-0.6009865  0.002168 ],1,-1.0,[-0.5982433   0.00274321],0
20,[-0.5982433   0.00274321],1,-1.0,[-0.5949449   0.00329837],0
20,[-0.5949449   0.00329837],1,-1.0,[-0.5911155   0.00382939],0
20,[-0.5911155   0.00382939],1,-1.0,[-0.5867832   0.00433231],0
20,[-0.5867832   0.00433231],1,-1.0,[-0.5819798   0.00480336],0
20,[-0.5819798   0.00480336],1,-1.0,[-0.57674086  0.00523899],0
20,[-0.57674086  0.00523899],1,-1.0,[-0.57110494  0.00563587],0
20,[-0.57110494  0.00563587],1,-1.0,[-0.565114    0.00599096],0
20,[-0.565114    0.00599096],1,-1.0,[-0.5588125   0.00630152],0
20,[-0.5588125   0.00630152],1,-1.0,[-0.55224735  0.00656513],0
20,[-0.55224735  0.00656513],1,-1.0,[-0.5454676   0.00677973],0
20,[-0.5454676   0.00677973],1,-1.0,[-0.53852403  0.00694363],0
20,[-0.53852403  0.00694363],1,-1.0,[-0.53146845  0.00705553],0
20,[-0.53146845  0.00705553],1,-1.0,[-0.5243539   0.00711455],0
20,[-0.5243539   0.00711455],1,-1.0,[-0.5172337   0.00712021],0
20,[-0.5172337   0.00712021],1,-1.0,[-0.5101612   0.00707248],0
20,[-0.5101612   0.00707248],1,-1.0,[-0.5031895   0.00697172],0
20,[-0.5031895   0.00697172],1,-1.0,[-0.49637076  0.00681875],0
20,[-0.49637076  0.00681875],1,-1.0,[-0.48975602  0.00661477],0
20,[-0.48975602  0.00661477],1,-1.0,[-0.48339462  0.00636138],0
20,[-0.48339462  0.00636138],1,-1.0,[-0.47733405  0.00606058],0
20,[-0.47733405  0.00606058],1,-1.0,[-0.47161934  0.00571471],0
20,[-0.47161934  0.00571471],1,-1.0,[-0.4662929   0.00532644],0
20,[-0.4662929   0.00532644],1,-1.0,[-0.46139413  0.00489876],0
20,[-0.46139413  0.00489876],1,-1.0,[-0.45695922  0.00443493],0
20,[-0.45695922  0.00443493],1,-1.0,[-0.45302075  0.00393845],0
20,[-0.45302075  0.00393845],1,-1.0,[-0.4496077   0.00341306],0
20,[-0.4496077   0.00341306],1,-1.0,[-0.446745    0.00286268],0
20,[-0.446745    0.00286268],1,-1.0,[-0.44445366  0.00229137],0
20,[-0.44445366  0.00229137],1,-1.0,[-0.4427503   0.00170334],0
20,[-0.4427503   0.00170334],1,-1.0,[-0.4416474  0.0011029],0
20,[-0.4416474  0.0011029],1,-1.0,[-0.44115296  0.00049444],0
20,[-0.44115296  0.00049444],1,-1.0,[-4.41270560e-01 -1.17615484e-04],0
20,[-4.41270560e-01 -1.17615484e-04],1,-1.0,[-0.4419994  -0.00072882],0
20,[-0.4419994  -0.00072882],1,-1.0,[-0.4433341  -0.00133472],0
20,[-0.4433341  -0.00133472],1,-1.0,[-0.44526502 -0.0019309 ],0
20,[-0.44526502 -0.0019309 ],1,-1.0,[-0.44777805 -0.00251301],0
20,[-0.44777805 -0.00251301],1,-1.0,[-0.4508548  -0.00307678],0
20,[-0.4508548  -0.00307678],1,-1.0,[-0.45447284 -0.00361804],0
20,[-0.45447284 -0.00361804],1,-1.0,[-0.45860562 -0.00413278],0
20,[-0.45860562 -0.00413278],1,-1.0,[-0.46322277 -0.00461714],0
20,[-0.46322277 -0.00461714],1,-1.0,[-0.46829027 -0.00506749],0
20,[-0.46829027 -0.00506749],1,-1.0,[-0.47377065 -0.0054804 ],0
20,[-0.47377065 -0.0054804 ],1,-1.0,[-0.47962338 -0.00585272],0
20,[-0.47962338 -0.00585272],1,-1.0,[-0.48580498 -0.00618158],0
20,[-0.48580498 -0.00618158],1,-1.0,[-0.4922694  -0.00646443],0
20,[-0.4922694  -0.00646443],1,-1.0,[-0.49896845 -0.00669905],0
20,[-0.49896845 -0.00669905],1,-1.0,[-0.50585204 -0.00688361],0
20,[-0.50585204 -0.00688361],1,-1.0,[-0.5128687  -0.00701665],0
20,[-0.5128687  -0.00701665],1,-1.0,[-0.5199658  -0.00709711],0
20,[-0.5199658  -0.00709711],1,-1.0,[-0.5270902  -0.00712436],0
20,[-0.5270902  -0.00712436],1,-1.0,[-0.53418833 -0.00709817],0
20,[-0.53418833 -0.00709817],1,-1.0,[-0.54120713 -0.00701877],0
20,[-0.54120713 -0.00701877],1,-1.0,[-0.5480939  -0.00688676],0
20,[-0.5480939  -0.00688676],1,-1.0,[-0.5547971  -0.00670322],0
20,[-0.5547971  -0.00670322],1,-1.0,[-0.56126666 -0.00646957],0
20,[-0.56126666 -0.00646957],1,-1.0,[-0.56745434 -0.00618766],0
20,[-0.56745434 -0.00618766],1,-1.0,[-0.573314   -0.00585969],0
20,[-0.573314   -0.00585969],1,-1.0,[-0.5788022  -0.00548821],0
20,[-0.5788022  -0.00548821],1,-1.0,[-0.58387834 -0.00507607],0
20,[-0.58387834 -0.00507607],1,-1.0,[-0.58850473 -0.00462644],0
20,[-0.58850473 -0.00462644],1,-1.0,[-0.59264743 -0.00414271],0
20,[-0.59264743 -0.00414271],1,-1.0,[-0.596276   -0.00362854],0
20,[-0.596276   -0.00362854],1,-1.0,[-0.5993638  -0.00308777],0
20,[-0.5993638  -0.00308777],1,-1.0,[-0.6018882  -0.00252442],0
20,[-0.6018882  -0.00252442],1,-1.0,[-0.6038308  -0.00194263],0
20,[-0.6038308  -0.00194263],1,-1.0,[-0.6051775  -0.00134668],0
20,[-0.6051775  -0.00134668],1,-1.0,[-0.6059184  -0.00074093],0
20,[-0.6059184  -0.00074093],1,-1.0,[-6.0604823e-01 -1.2978939e-04],0
20,[-6.0604823e-01 -1.2978939e-04],1,-1.0,[-6.0556591e-01  4.8229526e-04],0
20,[-6.0556591e-01  4.8229526e-04],1,-1.0,[-0.6044751   0.00109087],0
20,[-0.6044751   0.00109087],1,-1.0,[-0.60278356  0.00169151],0
20,[-0.60278356  0.00169151],1,-1.0,[-0.60050374  0.00227983],0
20,[-0.60050374  0.00227983],1,-1.0,[-0.5976522   0.00285151],0
20,[-0.5976522   0.00285151],1,-1.0,[-0.59424984  0.00340235],0
20,[-0.59424984  0.00340235],1,-1.0,[-0.5903216   0.00392828],0
20,[-0.5903216   0.00392828],1,-1.0,[-0.5858962   0.00442536],0
20,[-0.5858962   0.00442536],1,-1.0,[-0.58100635  0.00488988],0
20,[-0.58100635  0.00488988],1,-1.0,[-0.575688    0.00531831],0
20,[-0.575688    0.00531831],1,-1.0,[-0.5699806   0.00570739],0
20,[-0.5699806   0.00570739],1,-1.0,[-0.5639265   0.00605413],0
20,[-0.5639265   0.00605413],1,-1.0,[-0.55757064  0.00635586],0
20,[-0.55757064  0.00635586],1,-1.0,[-0.5509604  0.0066102],0
20,[-0.5509604  0.0066102],1,-1.0,[-0.5441452   0.00681519],0
20,[-0.5441452   0.00681519],1,-1.0,[-0.5371761   0.00696919],0
20,[-0.5371761   0.00696919],1,-1.0,[-0.53010505  0.00707099],0
20,[-0.53010505  0.00707099],1,-1.0,[-0.5229853   0.00711978],0
20,[-0.5229853   0.00711978],1,-1.0,[-0.5158701   0.00711518],0
20,[-0.5158701   0.00711518],1,-1.0,[-0.5088129   0.00705722],0
20,[-0.5088129   0.00705722],1,-1.0,[-0.5018665   0.00694636],0
20,[-0.5018665   0.00694636],1,-1.0,[-0.49508303  0.00678349],0
20,[-0.49508303  0.00678349],1,-1.0,[-0.48851317  0.00656988],0
20,[-0.48851317  0.00656988],1,-1.0,[-0.48220593  0.00630722],0
20,[-0.48220593  0.00630722],1,-1.0,[-0.47620836  0.00599757],0
20,[-0.47620836  0.00599757],1,-1.0,[-0.47056502  0.00564334],0
20,[-0.47056502  0.00564334],1,-1.0,[-0.46531776  0.00524727],0
20,[-0.46531776  0.00524727],1,-1.0,[-0.46050537  0.00481238],0
20,[-0.46050537  0.00481238],1,-1.0,[-0.45616338  0.004342  ],0
20,[-0.45616338  0.004342  ],1,-1.0,[-0.4523237   0.00383968],0
20,[-0.4523237   0.00383968],1,-1.0,[-0.4490145   0.00330918],0
20,[-0.4490145   0.00330918],1,-1.0,[-0.44626006  0.00275445],0
20,[-0.44626006  0.00275445],1,-1.0,[-0.44408047  0.0021796 ],0
20,[-0.44408047  0.0021796 ],1,-1.0,[-0.4424916   0.00158886],0
20,[-0.4424916   0.00158886],1,-1.0,[-0.44150507  0.00098654],0
20,[-0.44150507  0.00098654],1,-1.0,[-4.4112802e-01  3.7704015e-04],0
20,[-4.4112802e-01  3.7704015e-04],1,-1.0,[-4.4136322e-01 -2.3519940e-04],0
20,[-4.4136322e-01 -2.3519940e-04],1,-1.0,[-0.44220895 -0.00084573],0
20,[-0.44220895 -0.00084573],1,-1.0,[-0.44365907 -0.0014501 ],0
20,[-0.44365907 -0.0014501 ],1,-1.0,[-0.44570297 -0.00204392],0
20,[-0.44570297 -0.00204392],1,-1.0,[-0.4483258  -0.00262284],0
20,[-0.4483258  -0.00262284],1,-1.0,[-0.45150843 -0.0031826 ],0
20,[-0.45150843 -0.0031826 ],1,-1.0,[-0.4552275  -0.00371907],0
20,[-0.4552275  -0.00371907],1,-1.0,[-0.45945576 -0.00422827],0
20,[-0.45945576 -0.00422827],1,-1.0,[-0.46416214 -0.00470638],0
20,[-0.46416214 -0.00470638],1,-1.0,[-0.46931192 -0.00514979],0
20,[-0.46931192 -0.00514979],1,-1.0,[-0.47486708 -0.00555515],0
20,[-0.47486708 -0.00555515],1,-1.0,[-0.4807864  -0.00591933],0
20,[-0.4807864  -0.00591933],1,-1.0,[-0.48702595 -0.00623955],0
20,[-0.48702595 -0.00623955],1,-1.0,[-0.49353924 -0.00651329],0
20,[-0.49353924 -0.00651329],1,-1.0,[-0.5002777  -0.00673843],0
20,[-0.5002777  -0.00673843],1,-1.0,[-0.5071909 -0.0069132],0
20,[-0.5071909 -0.0069132],1,-1.0,[-0.5142271  -0.00703621],0
20,[-0.5142271  -0.00703621],1,-1.0,[-0.5213336  -0.00710649],0
20,[-0.5213336  -0.00710649],1,-1.0,[-0.52845705 -0.00712347],0
20,[-0.52845705 -0.00712347],1,-1.0,[-0.5355441  -0.00708704],0
20,[-0.5355441  -0.00708704],1,-1.0,[-0.54254156 -0.00699747],0
20,[-0.54254156 -0.00699747],1,-1.0,[-0.54939705 -0.00685547],0
20,[-0.54939705 -0.00685547],1,-1.0,[-0.55605924 -0.00666218],0
20,[-0.55605924 -0.00666218],1,-1.0,[-0.5624783  -0.00641911],0
20,[-0.5624783  -0.00641911],1,-1.0,[-0.5686065  -0.00612818],0
20,[-0.5686065  -0.00612818],1,-1.0,[-0.57439816 -0.00579164],0
20,[-0.57439816 -0.00579164],1,-1.0,[-0.57981026 -0.00541212],0
20,[-0.57981026 -0.00541212],1,-1.0,[-0.5848028  -0.00499253],0
20,[-0.5848028  -0.00499253],1,-1.0,[-0.58933884 -0.00453607],0
20,[-0.58933884 -0.00453607],1,-1.0,[-0.5933851  -0.00404621],0
20,[-0.5933851  -0.00404621],1,-1.0,[-0.5969117  -0.00352663],0
20,[-0.5969117  -0.00352663],1,-1.0,[-0.5998929  -0.00298121],0
20,[-0.5998929  -0.00298121],1,-1.0,[-0.6023069  -0.00241398],0
20,[-0.6023069  -0.00241398],1,-1.0,[-0.60413605 -0.00182914],0
20,[-0.60413605 -0.00182914],1,-1.0,[-0.605367   -0.00123097],0
20,[-0.605367   -0.00123097],1,-1.0,[-0.6059909  -0.00062384],0
20,[-0.6059909  -0.00062384],1,-1.0,[-6.06003046e-01 -1.21757075e-05],0
20,[-6.06003046e-01 -1.21757075e-05],1,-1.0,[-6.054035e-01  5.995804e-04],0
20,[-6.054035e-01  5.995804e-04],1,-1.0,[-0.6041965   0.00120698],0
20,[-0.6041965   0.00120698],1,-1.0,[-0.6023909   0.00180559],0
20,[-0.6023909   0.00180559],1,-1.0,[-0.59999985  0.00239104],0
20,[-0.59999985  0.00239104],1,-1.0,[-0.59704083  0.00295904],0
20,[-0.59704083  0.00295904],1,-1.0,[-0.5935354   0.00350541],0
20,[-0.5935354   0.00350541],1,-1.0,[-0.5895093  0.0040261],0
20,[-0.5895093  0.0040261],1,-1.0,[-0.5849921   0.00451721],0
20,[-0.5849921   0.00451721],1,-1.0,[-0.58001703  0.00497506],0
20,[-0.58001703  0.00497506],1,-1.0,[-0.57462084  0.00539618],0
20,[-0.57462084  0.00539618],1,-1.0,[-0.5688435   0.00577735],0
20,[-0.5688435   0.00577735],1,-1.0,[-0.56272787  0.00611565],0
20,[-0.56272787  0.00611565],1,-1.0,[-0.5563194   0.00640844],0
20,[-0.5563194   0.00640844],1,-1.0,[-0.5496659   0.00665345],0
20,[-0.5496659   0.00665345],1,-1.0,[-0.5428172   0.00684876],0
20,[-0.5428172   0.00684876],1,-1.0,[-0.53582436  0.00699282],0
20,[-0.53582436  0.00699282],1,-1.0,[-0.52873987  0.00708449],0
20,[-0.52873987  0.00708449],1,-1.0,[-0.5216168   0.00712305],1
21,"(array([-0.45536783,  0.        ], dtype=float32), {})",1,-1.0,[-0.455876   -0.00050817],0
21,[-0.455876   -0.00050817],1,-1.0,[-0.4568886 -0.0010126],0
21,[-0.4568886 -0.0010126],1,-1.0,[-0.4583982  -0.00150959],0
21,[-0.4583982  -0.00150959],1,-1.0,[-0.46039367 -0.00199549],0
21,[-0.46039367 -0.00199549],1,-1.0,[-0.46286035 -0.00246669],0
21,[-0.46286035 -0.00246669],1,-1.0,[-0.46578008 -0.00291971],0
21,[-0.46578008 -0.00291971],1,-1.0,[-0.46913126 -0.00335118],0
21,[-0.46913126 -0.00335118],1,-1.0,[-0.47288913 -0.00375787],0
21,[-0.47288913 -0.00375787],1,-1.0,[-0.47702584 -0.00413673],0
21,[-0.47702584 -0.00413673],1,-1.0,[-0.48151073 -0.00448489],0
21,[-0.48151073 -0.00448489],1,-1.0,[-0.48631045 -0.00479971],0
21,[-0.48631045 -0.00479971],1,-1.0,[-0.49138924 -0.00507879],0
21,[-0.49138924 -0.00507879],1,-1.0,[-0.49670923 -0.00531999],0
21,[-0.49670923 -0.00531999],1,-1.0,[-0.50223064 -0.00552144],0
21,[-0.50223064 -0.00552144],1,-1.0,[-0.5079122  -0.00568159],0
21,[-0.5079122  -0.00568159],1,-1.0,[-0.51371145 -0.0057992 ],0
21,[-0.51371145 -0.0057992 ],1,-1.0,[-0.5195848  -0.00587334],0
21,[-0.5195848  -0.00587334],1,-1.0,[-0.52548826 -0.00590344],0
21,[-0.52548826 -0.00590344],1,-1.0,[-0.5313775  -0.00588927],0
21,[-0.5313775  -0.00588927],1,-1.0,[-0.53720844 -0.00583094],0
21,[-0.53720844 -0.00583094],1,-1.0,[-0.54293734 -0.00572889],0
21,[-0.54293734 -0.00572889],1,-1.0,[-0.5485213  -0.00558394],0
21,[-0.5485213  -0.00558394],1,-1.0,[-0.5539185  -0.00539719],0
21,[-0.5539185  -0.00539719],1,-1.0,[-0.5590886  -0.00517011],0
21,[-0.5590886  -0.00517011],1,-1.0,[-0.563993   -0.00490444],0
21,[-0.563993   -0.00490444],1,-1.0,[-0.56859523 -0.00460222],0
21,[-0.56859523 -0.00460222],1,-1.0,[-0.572861   -0.00426577],0
21,[-0.572861   -0.00426577],1,-1.0,[-0.5767586  -0.00389765],0
21,[-0.5767586  -0.00389765],1,-1.0,[-0.58025926 -0.00350064],0
21,[-0.58025926 -0.00350064],1,-1.0,[-0.583337   -0.00307773],0
21,[-0.583337   -0.00307773],1,-1.0,[-0.5859691  -0.00263208],0
21,[-0.5859691  -0.00263208],1,-1.0,[-0.58813614 -0.00216703],0
21,[-0.58813614 -0.00216703],1,-1.0,[-0.5898222  -0.00168602],0
21,[-0.5898222  -0.00168602],1,-1.0,[-0.59101474 -0.00119261],0
21,[-0.59101474 -0.00119261],1,-1.0,[-0.5917052  -0.00069043],0
21,[-0.5917052  -0.00069043],1,-1.0,[-5.9188837e-01 -1.8317433e-04],0
21,[-5.9188837e-01 -1.8317433e-04],1,-1.0,[-5.9156293e-01  3.2542224e-04],0
21,[-5.9156293e-01  3.2542224e-04],1,-1.0,[-0.5907313   0.00083163],0
21,[-0.5907313   0.00083163],1,-1.0,[-0.5893996   0.00133173],0
21,[-0.5893996   0.00133173],1,-1.0,[-0.5875775   0.00182203],0
21,[-0.5875775   0.00182203],1,-1.0,[-0.58527863  0.00229893],0
21,[-0.58527863  0.00229893],1,-1.0,[-0.5825197  0.0027589],0
21,[-0.5825197  0.0027589],1,-1.0,[-0.5793212   0.00319851],0
21,[-0.5793212   0.00319851],1,-1.0,[-0.5757067   0.00361448],0
21,[-0.5757067   0.00361448],1,-1.0,[-0.571703   0.0040037],0
21,[-0.571703   0.0040037],1,-1.0,[-0.5673398   0.00436323],0
21,[-0.5673398   0.00436323],1,-1.0,[-0.5626494   0.00469035],0
21,[-0.5626494   0.00469035],1,-1.0,[-0.5576669   0.00498256],0
21,[-0.5576669   0.00498256],1,-1.0,[-0.55242926  0.00523762],0
21,[-0.55242926  0.00523762],1,-1.0,[-0.5469757   0.00545358],0
21,[-0.5469757   0.00545358],1,-1.0,[-0.5413469   0.00562877],0
21,[-0.5413469   0.00562877],1,-1.0,[-0.5355851   0.00576182],0
21,[-0.5355851   0.00576182],1,-1.0,[-0.5297334   0.00585169],0
21,[-0.5297334   0.00585169],1,-1.0,[-0.5238357  0.0058977],0
21,[-0.5238357  0.0058977],1,-1.0,[-0.5179362   0.00589948],0
21,[-0.5179362   0.00589948],1,-1.0,[-0.51207924  0.00585701],0
21,[-0.51207924  0.00585701],1,-1.0,[-0.50630856  0.00577063],0
21,[-0.50630856  0.00577063],1,-1.0,[-0.5006676   0.00564101],0
21,[-0.5006676   0.00564101],1,-1.0,[-0.4951984   0.00546916],0
21,[-0.4951984   0.00546916],1,-1.0,[-0.48994198  0.00525642],0
21,[-0.48994198  0.00525642],1,-1.0,[-0.48493758  0.00500442],0
21,[-0.48493758  0.00500442],1,-1.0,[-0.48022246  0.00471511],0
21,[-0.48022246  0.00471511],1,-1.0,[-0.47583175  0.00439071],0
21,[-0.47583175  0.00439071],1,-1.0,[-0.47179806  0.00403368],0
21,[-0.47179806  0.00403368],1,-1.0,[-0.46815133  0.00364674],0
21,[-0.46815133  0.00364674],1,-1.0,[-0.46491852  0.0032328 ],0
21,[-0.46491852  0.0032328 ],1,-1.0,[-0.46212357  0.00279496],0
21,[-0.46212357  0.00279496],1,-1.0,[-0.45978707  0.00233651],0
21,[-0.45978707  0.00233651],1,-1.0,[-0.45792624  0.00186084],0
21,[-0.45792624  0.00186084],1,-1.0,[-0.45655474  0.00137147],0
21,[-0.45655474  0.00137147],1,-1.0,[-0.45568272  0.00087203],0
21,[-0.45568272  0.00087203],1,-1.0,[-4.5531654e-01  3.6617418e-04],0
21,[-4.5531654e-01  3.6617418e-04],1,-1.0,[-4.5545891e-01 -1.4236842e-04],0
21,[-4.5545891e-01 -1.4236842e-04],1,-1.0,[-0.45610878 -0.00064987],0
21,[-0.45610878 -0.00064987],1,-1.0,[-0.45726138 -0.00115259],0
21,[-0.45726138 -0.00115259],1,-1.0,[-0.45890823 -0.00164684],0
21,[-0.45890823 -0.00164684],1,-1.0,[-0.4610372  -0.00212898],0
21,[-0.4610372  -0.00212898],1,-1.0,[-0.46363264 -0.00259544],0
21,[-0.46363264 -0.00259544],1,-1.0,[-0.4666754  -0.00304277],0
21,[-0.4666754  -0.00304277],1,-1.0,[-0.47014302 -0.00346762],0
21,[-0.47014302 -0.00346762],1,-1.0,[-0.47400984 -0.00386682],0
21,[-0.47400984 -0.00386682],1,-1.0,[-0.47824723 -0.00423737],0
21,[-0.47824723 -0.00423737],1,-1.0,[-0.48282367 -0.00457646],0
21,[-0.48282367 -0.00457646],1,-1.0,[-0.4877052  -0.00488151],0
21,[-0.4877052  -0.00488151],1,-1.0,[-0.49285537 -0.00515019],0
21,[-0.49285537 -0.00515019],1,-1.0,[-0.49823582 -0.00538044],0
21,[-0.49823582 -0.00538044],1,-1.0,[-0.5038063  -0.00557048],0
21,[-0.5038063  -0.00557048],1,-1.0,[-0.5095251  -0.00571883],0
21,[-0.5095251  -0.00571883],1,-1.0,[-0.5153495  -0.00582435],0
21,[-0.5153495  -0.00582435],1,-1.0,[-0.5212357  -0.00588622],0
21,[-0.5212357  -0.00588622],1,-1.0,[-0.52713966 -0.00590394],0
21,[-0.52713966 -0.00590394],1,-1.0,[-0.53301704 -0.00587739],0
21,[-0.53301704 -0.00587739],1,-1.0,[-0.5388238  -0.00580676],0
21,[-0.5388238  -0.00580676],1,-1.0,[-0.5445164  -0.00569261],0
21,[-0.5445164  -0.00569261],1,-1.0,[-0.5500522  -0.00553583],0
21,[-0.5500522  -0.00553583],1,-1.0,[-0.5553899  -0.00533764],0
21,[-0.5553899  -0.00533764],1,-1.0,[-0.5604894  -0.00509957],0
21,[-0.5604894  -0.00509957],1,-1.0,[-0.56531286 -0.00482345],0
21,[-0.56531286 -0.00482345],1,-1.0,[-0.5698243  -0.00451141],0
21,[-0.5698243  -0.00451141],1,-1.0,[-0.5739901  -0.00416583],0
21,[-0.5739901  -0.00416583],1,-1.0,[-0.5777795  -0.00378933],0
21,[-0.5777795  -0.00378933],1,-1.0,[-0.58116424 -0.00338476],0
21,[-0.58116424 -0.00338476],1,-1.0,[-0.5841194  -0.00295517],0
21,[-0.5841194  -0.00295517],1,-1.0,[-0.58662313 -0.00250375],0
21,[-0.58662313 -0.00250375],1,-1.0,[-0.588657   -0.00203388],0
21,[-0.588657   -0.00203388],1,-1.0,[-0.590206   -0.00154904],0
21,[-0.590206   -0.00154904],1,-1.0,[-0.5912588 -0.0010528],0
21,[-0.5912588 -0.0010528],1,-1.0,[-5.9180766e-01 -5.4882519e-04],0
21,[-5.9180766e-01 -5.4882519e-04],1,-1.0,[-5.9184849e-01 -4.0821033e-05],0
21,[-5.9184849e-01 -4.0821033e-05],1,-1.0,[-5.913810e-01  4.674829e-04],0
21,[-5.913810e-01  4.674829e-04],1,-1.0,[-0.5904087   0.00097235],0
21,[-0.5904087   0.00097235],1,-1.0,[-0.5889386   0.00147008],0
21,[-0.5889386   0.00147008],1,-1.0,[-0.5869816  0.001957 ],0
21,[-0.5869816  0.001957 ],1,-1.0,[-0.58455205  0.00242951],0
21,[-0.58455205  0.00242951],1,-1.0,[-0.58166796  0.00288411],0
21,[-0.58166796  0.00288411],1,-1.0,[-0.57835054  0.00331743],0
21,[-0.57835054  0.00331743],1,-1.0,[-0.5746243   0.00372623],0
21,[-0.5746243   0.00372623],1,-1.0,[-0.5705169   0.00410743],0
21,[-0.5705169   0.00410743],1,-1.0,[-0.56605875  0.00445815],0
21,[-0.56605875  0.00445815],1,-1.0,[-0.561283    0.00477574],0
21,[-0.561283    0.00477574],1,-1.0,[-0.55622524  0.00505777],0
21,[-0.55622524  0.00505777],1,-1.0,[-0.55092317  0.00530208],0
21,[-0.55092317  0.00530208],1,-1.0,[-0.54541636  0.00550678],0
21,[-0.54541636  0.00550678],1,-1.0,[-0.53974605  0.0056703 ],0
21,[-0.53974605  0.0056703 ],1,-1.0,[-0.5339547   0.00579135],0
21,[-0.5339547   0.00579135],1,-1.0,[-0.5280857   0.00586901],0
21,[-0.5280857   0.00586901],1,-1.0,[-0.52218306  0.00590266],0
21,[-0.52218306  0.00590266],1,-1.0,[-0.516291    0.00589204],0
21,[-0.516291    0.00589204],1,-1.0,[-0.51045376  0.00583724],0
21,[-0.51045376  0.00583724],1,-1.0,[-0.5047151   0.00573868],0
21,[-0.5047151   0.00573868],1,-1.0,[-0.49911794  0.00559713],0
21,[-0.49911794  0.00559713],1,-1.0,[-0.49370426  0.00541368],0
21,[-0.49370426  0.00541368],1,-1.0,[-0.48851448  0.00518978],0
21,[-0.48851448  0.00518978],1,-1.0,[-0.48358735  0.00492713],0
21,[-0.48358735  0.00492713],1,-1.0,[-0.4789596   0.00462776],0
21,[-0.4789596   0.00462776],1,-1.0,[-0.47466564  0.00429397],0
21,[-0.47466564  0.00429397],1,-1.0,[-0.47073734  0.00392829],0
21,[-0.47073734  0.00392829],1,-1.0,[-0.46720386  0.00353349],0
21,[-0.46720386  0.00353349],1,-1.0,[-0.4640913   0.00311254],0
21,[-0.4640913   0.00311254],1,-1.0,[-0.4614227  0.0026686],0
21,[-0.4614227  0.0026686],1,-1.0,[-0.45921773  0.00220498],0
21,[-0.45921773  0.00220498],1,-1.0,[-0.45749262  0.00172512],0
21,[-0.45749262  0.00172512],1,-1.0,[-0.45626006  0.00123257],0
21,[-0.45626006  0.00123257],1,-1.0,[-0.4555291   0.00073095],0
21,[-0.4555291   0.00073095],1,-1.0,[-4.5530513e-01  2.2397160e-04],0
21,[-4.5530513e-01  2.2397160e-04],1,-1.0,[-4.5558977e-01 -2.8465490e-04],0
21,[-4.5558977e-01 -2.8465490e-04],1,-1.0,[-0.45638096 -0.00079119],0
21,[-0.45638096 -0.00079119],1,-1.0,[-0.4576729  -0.00129191],0
21,[-0.4576729  -0.00129191],1,-1.0,[-0.45945603 -0.00178314],0
21,[-0.45945603 -0.00178314],1,-1.0,[-0.46171728 -0.00226125],0
21,[-0.46171728 -0.00226125],1,-1.0,[-0.46444   -0.0027227],0
21,[-0.46444   -0.0027227],1,-1.0,[-0.46760404 -0.00316406],0
21,[-0.46760404 -0.00316406],1,-1.0,[-0.4711861  -0.00358205],0
21,[-0.4711861  -0.00358205],1,-1.0,[-0.47515962 -0.00397353],0
21,[-0.47515962 -0.00397353],1,-1.0,[-0.47949517 -0.00433555],0
21,[-0.47949517 -0.00433555],1,-1.0,[-0.48416054 -0.00466536],0
21,[-0.48416054 -0.00466536],1,-1.0,[-0.489121   -0.00496046],0
21,[-0.489121   -0.00496046],1,-1.0,[-0.49433956 -0.00521858],0
21,[-0.49433956 -0.00521858],1,-1.0,[-0.49977732 -0.00543774],0
21,[-0.49977732 -0.00543774],1,-1.0,[-0.50539356 -0.00561625],0
21,[-0.50539356 -0.00561625],1,-1.0,[-0.51114625 -0.00575272],0
21,[-0.51114625 -0.00575272],1,-1.0,[-0.5169924  -0.00584609],0
21,[-0.5169924  -0.00584609],1,-1.0,[-0.522888   -0.00589564],0
21,[-0.522888   -0.00589564],1,-1.0,[-0.528789   -0.00590097],0
21,[-0.528789   -0.00590097],1,-1.0,[-0.53465104 -0.00586204],0
21,[-0.53465104 -0.00586204],1,-1.0,[-0.5404302  -0.00577917],0
21,[-0.5404302  -0.00577917],1,-1.0,[-0.54608315 -0.00565299],0
21,[-0.54608315 -0.00565299],1,-1.0,[-0.5515677  -0.00548448],0
21,[-0.5515677  -0.00548448],1,-1.0,[-0.5568426  -0.00527496],0
21,[-0.5568426  -0.00527496],1,-1.0,[-0.56186867 -0.00502604],0
21,[-0.56186867 -0.00502604],1,-1.0,[-0.5666083  -0.00473965],0
21,[-0.5666083  -0.00473965],1,-1.0,[-0.57102627 -0.00441797],0
21,[-0.57102627 -0.00441797],1,-1.0,[-0.57508975 -0.00406347],0
21,[-0.57508975 -0.00406347],1,-1.0,[-0.57876855 -0.00367882],0
21,[-0.57876855 -0.00367882],1,-1.0,[-0.5820355  -0.00326693],0
21,[-0.5820355  -0.00326693],1,-1.0,[-0.5848664 -0.0028309],0
21,[-0.5848664 -0.0028309],1,-1.0,[-0.58724034 -0.00237397],0
21,[-0.58724034 -0.00237397],1,-1.0,[-0.58913994 -0.00189955],0
21,[-0.58913994 -0.00189955],1,-1.0,[-0.5905511  -0.00141116],0
21,[-0.5905511  -0.00141116],1,-1.0,[-0.59146345 -0.00091238],0
21,[-0.59146345 -0.00091238],1,-1.0,[-5.9187037e-01 -4.0690880e-04],0
21,[-5.9187037e-01 -4.0690880e-04],1,-1.0,[-5.9176880e-01  1.0155575e-04],0
21,[-5.9176880e-01  1.0155575e-04],1,-1.0,[-0.5911595   0.00060927],0
21,[-0.5911595   0.00060927],1,-1.0,[-0.590047    0.00111252],0
21,[-0.590047    0.00111252],1,-1.0,[-0.58843946  0.00160759],0
21,[-0.58843946  0.00160759],1,-1.0,[-0.5863486   0.00209083],0
21,[-0.5863486   0.00209083],1,-1.0,[-0.58378994  0.00255868],0
21,[-0.58378994  0.00255868],1,-1.0,[-0.5807823   0.00300766],0
21,[-0.5807823   0.00300766],1,-1.0,[-0.5773478   0.00343444],0
21,[-0.5773478   0.00343444],1,-1.0,[-0.573512    0.00383581],0
21,[-0.573512    0.00383581],1,-1.0,[-0.5693033   0.00420876],0
21,[-0.5693033   0.00420876],1,-1.0,[-0.56475276  0.00455047],0
21,[-0.56475276  0.00455047],1,-1.0,[-0.55989444  0.00485835],0
21,[-0.55989444  0.00485835],1,-1.0,[-0.5547644   0.00513003],0
21,[-0.5547644   0.00513003],1,-1.0,[-0.549401    0.00536343],0
21,[-0.549401    0.00536343],1,-1.0,[-0.5438442   0.00555675],0
21,[-0.5438442   0.00555675],1,-1.0,[-0.5381357  0.0057085],0
21,[-0.5381357  0.0057085],1,-1.0,[-0.53231823  0.00581749],0
21,[-0.53231823  0.00581749],1,-1.0,[-0.5264354   0.00588288],0
21,[-0.5264354   0.00588288],1,-1.0,[-0.5205312   0.00590415],1
22,"(array([-0.40757024,  0.        ], dtype=float32), {})",1,-1.0,[-0.408423   -0.00085275],0
22,[-0.408423   -0.00085275],1,-1.0,[-0.41012248 -0.00169948],0
22,[-0.41012248 -0.00169948],1,-1.0,[-0.4126567  -0.00253421],0
22,[-0.4126567  -0.00253421],1,-1.0,[-0.4160077 -0.003351 ],0
22,[-0.4160077 -0.003351 ],1,-1.0,[-0.42015168 -0.00414399],0
22,[-0.42015168 -0.00414399],1,-1.0,[-0.42505914 -0.00490745],0
22,[-0.42505914 -0.00490745],1,-1.0,[-0.4306949  -0.00563578],0
22,[-0.4306949  -0.00563578],1,-1.0,[-0.43701848 -0.00632357],0
22,[-0.43701848 -0.00632357],1,-1.0,[-0.44398412 -0.00696565],0
22,[-0.44398412 -0.00696565],1,-1.0,[-0.45154122 -0.0075571 ],0
22,[-0.45154122 -0.0075571 ],1,-1.0,[-0.45963454 -0.00809333],0
22,[-0.45963454 -0.00809333],1,-1.0,[-0.46820468 -0.00857012],0
22,[-0.46820468 -0.00857012],1,-1.0,[-0.47718835 -0.00898367],0
22,[-0.47718835 -0.00898367],1,-1.0,[-0.48651898 -0.00933062],0
22,[-0.48651898 -0.00933062],1,-1.0,[-0.49612713 -0.00960815],0
22,[-0.49612713 -0.00960815],1,-1.0,[-0.5059411  -0.00981395],0
22,[-0.5059411  -0.00981395],1,-1.0,[-0.5158874  -0.00994632],0
22,[-0.5158874  -0.00994632],1,-1.0,[-0.52589154 -0.01000415],0
22,[-0.52589154 -0.01000415],1,-1.0,[-0.5358785  -0.00998696],0
22,[-0.5358785  -0.00998696],1,-1.0,[-0.5457734  -0.00989488],0
22,[-0.5457734  -0.00989488],1,-1.0,[-0.55550206 -0.00972869],0
22,[-0.55550206 -0.00972869],1,-1.0,[-0.5649919  -0.00948978],0
22,[-0.5649919  -0.00948978],1,-1.0,[-0.574172   -0.00918013],0
22,[-0.574172   -0.00918013],1,-1.0,[-0.5829743  -0.00880229],0
22,[-0.5829743  -0.00880229],1,-1.0,[-0.5913336  -0.00835932],0
22,[-0.5913336  -0.00835932],1,-1.0,[-0.5991884 -0.0078548],0
22,[-0.5991884 -0.0078548],1,-1.0,[-0.60648113 -0.00729272],0
22,[-0.60648113 -0.00729272],1,-1.0,[-0.61315864 -0.00667749],0
22,[-0.61315864 -0.00667749],1,-1.0,[-0.61917245 -0.00601385],0
22,[-0.61917245 -0.00601385],1,-1.0,[-0.6244793  -0.00530682],0
22,[-0.6244793  -0.00530682],1,-1.0,[-0.629041   -0.00456172],0
22,[-0.629041   -0.00456172],1,-1.0,[-0.632825   -0.00378402],0
22,[-0.632825   -0.00378402],1,-1.0,[-0.6358045  -0.00297941],0
22,[-0.6358045  -0.00297941],1,-1.0,[-0.6379581  -0.00215367],0
22,[-0.6379581  -0.00215367],1,-1.0,[-0.63927084 -0.0013127 ],0
22,[-0.63927084 -0.0013127 ],1,-1.0,[-6.3973325e-01 -4.6246633e-04],0
22,[-6.3973325e-01 -4.6246633e-04],1,-1.0,[-6.3934225e-01  3.9102786e-04],0
22,[-6.3934225e-01  3.9102786e-04],1,-1.0,[-0.6381005   0.00124176],0
22,[-0.6381005   0.00124176],1,-1.0,[-0.6360167   0.00208374],0
22,[-0.6360167   0.00208374],1,-1.0,[-0.63310575  0.00291098],0
22,[-0.63310575  0.00291098],1,-1.0,[-0.62938815  0.00371759],0
22,[-0.62938815  0.00371759],1,-1.0,[-0.62489045  0.00449776],0
22,[-0.62489045  0.00449776],1,-1.0,[-0.61964464  0.00524581],0
22,[-0.61964464  0.00524581],1,-1.0,[-0.6136884   0.00595623],0
22,[-0.6136884   0.00595623],1,-1.0,[-0.60706466  0.0066237 ],0
22,[-0.60706466  0.0066237 ],1,-1.0,[-0.5998215   0.00724317],0
22,[-0.5998215   0.00724317],1,-1.0,[-0.59201163  0.00780988],0
22,[-0.59201163  0.00780988],1,-1.0,[-0.58369225  0.00831938],0
22,[-0.58369225  0.00831938],1,-1.0,[-0.5749246   0.00876764],0
22,[-0.5749246   0.00876764],1,-1.0,[-0.56577355  0.00915107],0
22,[-0.56577355  0.00915107],1,-1.0,[-0.556307    0.00946653],0
22,[-0.556307    0.00946653],1,-1.0,[-0.5465956   0.00971145],0
22,[-0.5465956   0.00971145],1,-1.0,[-0.53671175  0.00988379],0
22,[-0.53671175  0.00988379],1,-1.0,[-0.52672964  0.00998211],0
22,[-0.52672964  0.00998211],1,-1.0,[-0.51672405  0.0100056 ],0
22,[-0.51672405  0.0100056 ],1,-1.0,[-0.50677     0.00995404],0
22,[-0.50677     0.00995404],1,-1.0,[-0.49694216  0.00982788],0
22,[-0.49694216  0.00982788],1,-1.0,[-0.487314    0.00962816],0
22,[-0.487314    0.00962816],1,-1.0,[-0.47795743  0.00935657],0
22,[-0.47795743  0.00935657],1,-1.0,[-0.4689421   0.00901532],0
22,[-0.4689421   0.00901532],1,-1.0,[-0.46033487  0.00860723],0
22,[-0.46033487  0.00860723],1,-1.0,[-0.45219925  0.0081356 ],0
22,[-0.45219925  0.0081356 ],1,-1.0,[-0.44459507  0.00760419],0
22,[-0.44459507  0.00760419],1,-1.0,[-0.43757787  0.00701719],0
22,[-0.43757787  0.00701719],1,-1.0,[-0.43119872  0.00637917],0
22,[-0.43119872  0.00637917],1,-1.0,[-0.4255037   0.00569501],0
22,[-0.4255037   0.00569501],1,-1.0,[-0.42053384  0.00496987],0
22,[-0.42053384  0.00496987],1,-1.0,[-0.4163247   0.00420914],0
22,[-0.4163247   0.00420914],1,-1.0,[-0.4129063  0.0034184],0
22,[-0.4129063  0.0034184],1,-1.0,[-0.4103029   0.00260338],0
22,[-0.4103029   0.00260338],1,-1.0,[-0.40853298  0.00176993],0
22,[-0.40853298  0.00176993],1,-1.0,[-0.407609    0.00092397],0
22,[-0.407609    0.00092397],1,-1.0,[-4.075375e-01  7.150104e-05],0
22,[-4.075375e-01  7.150104e-05],1,-1.0,[-0.40831897 -0.00078148],0
22,[-0.40831897 -0.00078148],1,-1.0,[-0.40994793 -0.00162894],0
22,[-0.40994793 -0.00162894],1,-1.0,[-0.41241282 -0.00246491],0
22,[-0.41241282 -0.00246491],1,-1.0,[-0.41569623 -0.00328342],0
22,[-0.41569623 -0.00328342],1,-1.0,[-0.4197749  -0.00407863],0
22,[-0.4197749  -0.00407863],1,-1.0,[-0.42461964 -0.00484478],0
22,[-0.42461964 -0.00484478],1,-1.0,[-0.43019593 -0.00557626],0
22,[-0.43019593 -0.00557626],1,-1.0,[-0.43646356 -0.00626765],0
22,[-0.43646356 -0.00626765],1,-1.0,[-0.44337732 -0.00691375],0
22,[-0.44337732 -0.00691375],1,-1.0,[-0.45088696 -0.00750962],0
22,[-0.45088696 -0.00750962],1,-1.0,[-0.4589376  -0.00805064],0
22,[-0.4589376  -0.00805064],1,-1.0,[-0.46747017 -0.00853257],0
22,[-0.46747017 -0.00853257],1,-1.0,[-0.4764217  -0.00895155],0
22,[-0.4764217  -0.00895155],1,-1.0,[-0.4857259  -0.00930419],0
22,[-0.4857259  -0.00930419],1,-1.0,[-0.49531353 -0.00958763],0
22,[-0.49531353 -0.00958763],1,-1.0,[-0.50511307 -0.00979951],0
22,[-0.50511307 -0.00979951],1,-1.0,[-0.5150511  -0.00993809],0
22,[-0.5150511  -0.00993809],1,-1.0,[-0.5250533  -0.01000219],0
22,[-0.5250533  -0.01000219],1,-1.0,[-0.5350446  -0.00999128],0
22,[-0.5350446  -0.00999128],1,-1.0,[-0.54495007 -0.00990545],0
22,[-0.54495007 -0.00990545],1,-1.0,[-0.5546955  -0.00974543],0
22,[-0.5546955  -0.00974543],1,-1.0,[-0.56420803 -0.00951254],0
22,[-0.56420803 -0.00951254],1,-1.0,[-0.5734167  -0.00920872],0
22,[-0.5734167  -0.00920872],1,-1.0,[-0.5822532  -0.00883648],0
22,[-0.5822532  -0.00883648],1,-1.0,[-0.59065205 -0.00839884],0
22,[-0.59065205 -0.00839884],1,-1.0,[-0.5985514  -0.00789932],0
22,[-0.5985514  -0.00789932],1,-1.0,[-0.60589325 -0.0073419 ],0
22,[-0.60589325 -0.0073419 ],1,-1.0,[-0.6126242  -0.00673094],0
22,[-0.6126242  -0.00673094],1,-1.0,[-0.6186954  -0.00607116],0
22,[-0.6186954  -0.00607116],1,-1.0,[-0.62406296 -0.00536757],0
22,[-0.62406296 -0.00536757],1,-1.0,[-0.6286884  -0.00462545],0
22,[-0.6286884  -0.00462545],1,-1.0,[-0.6325387  -0.00385027],0
22,[-0.6325387  -0.00385027],1,-1.0,[-0.6355863  -0.00304769],0
22,[-0.6355863  -0.00304769],1,-1.0,[-0.6378098  -0.00222349],0
22,[-0.6378098  -0.00222349],1,-1.0,[-0.6391934  -0.00138357],0
22,[-0.6391934  -0.00138357],1,-1.0,[-6.397273e-01 -5.338819e-04],0
22,[-6.397273e-01 -5.338819e-04],1,-1.0,[-6.3940769e-01  3.1957007e-04],0
22,[-6.3940769e-01  3.1957007e-04],1,-1.0,[-0.63823694  0.00117077],0
22,[-0.63823694  0.00117077],1,-1.0,[-0.63622326  0.00201371],0
22,[-0.63622326  0.00201371],1,-1.0,[-0.63338083  0.00284241],0
22,[-0.63338083  0.00284241],1,-1.0,[-0.62972987  0.00365097],0
22,[-0.62972987  0.00365097],1,-1.0,[-0.6252963   0.00443357],0
22,[-0.6252963   0.00443357],1,-1.0,[-0.62011176  0.00518453],0
22,[-0.62011176  0.00518453],1,-1.0,[-0.61421347  0.0058983 ],0
22,[-0.61421347  0.0058983 ],1,-1.0,[-0.6076439   0.00656957],0
22,[-0.6076439   0.00656957],1,-1.0,[-0.60045063  0.00719325],0
22,[-0.60045063  0.00719325],1,-1.0,[-0.59268606  0.00776455],0
22,[-0.59268606  0.00776455],1,-1.0,[-0.5844071  0.008279 ],0
22,[-0.5844071  0.008279 ],1,-1.0,[-0.57567453  0.00873254],0
22,[-0.57567453  0.00873254],1,-1.0,[-0.566553    0.00912152],0
22,[-0.566553    0.00912152],1,-1.0,[-0.55711025  0.00944279],0
22,[-0.55711025  0.00944279],1,-1.0,[-0.5474165  0.0096937],0
22,[-0.5474165  0.0096937],1,-1.0,[-0.53754437  0.00987218],0
22,[-0.53754437  0.00987218],1,-1.0,[-0.5275676   0.00997674],0
22,[-0.5275676   0.00997674],1,-1.0,[-0.5175611   0.01000651],0
22,[-0.5175611   0.01000651],1,-1.0,[-0.5075999   0.00996123],0
22,[-0.5075999   0.00996123],1,-1.0,[-0.4977586   0.00984128],0
22,[-0.4977586   0.00984128],1,-1.0,[-0.4881109   0.00964768],0
22,[-0.4881109   0.00964768],1,-1.0,[-0.4787289   0.00938202],0
22,[-0.4787289   0.00938202],1,-1.0,[-0.46968237  0.00904651],0
22,[-0.46968237  0.00904651],1,-1.0,[-0.46103847  0.0086439 ],0
22,[-0.46103847  0.0086439 ],1,-1.0,[-0.45286104  0.00817745],0
22,[-0.45286104  0.00817745],1,-1.0,[-0.44521016  0.00765089],0
22,[-0.44521016  0.00765089],1,-1.0,[-0.43814176  0.00706837],0
22,[-0.43814176  0.00706837],1,-1.0,[-0.43170732  0.00643445],0
22,[-0.43170732  0.00643445],1,-1.0,[-0.4259534   0.00575396],0
22,[-0.4259534   0.00575396],1,-1.0,[-0.42092133  0.00503204],0
22,[-0.42092133  0.00503204],1,-1.0,[-0.41664726  0.00427408],0
22,[-0.41664726  0.00427408],1,-1.0,[-0.4131616   0.00348564],0
22,[-0.4131616   0.00348564],1,-1.0,[-0.41048917  0.00267243],0
22,[-0.41048917  0.00267243],1,-1.0,[-0.40864888  0.0018403 ],0
22,[-0.40864888  0.0018403 ],1,-1.0,[-0.40765372  0.00099516],0
22,[-0.40765372  0.00099516],1,-1.0,[-4.0751073e-01  1.4299854e-04],0
22,[-4.0751073e-01  1.4299854e-04],1,-1.0,[-0.4082209  -0.00071017],0
22,[-0.4082209  -0.00071017],1,-1.0,[-0.40977922 -0.00155833],0
22,[-0.40977922 -0.00155833],1,-1.0,[-0.4121747  -0.00239548],0
22,[-0.4121747  -0.00239548],1,-1.0,[-0.41539037 -0.00321569],0
22,[-0.41539037 -0.00321569],1,-1.0,[-0.41940346 -0.00401307],0
22,[-0.41940346 -0.00401307],1,-1.0,[-0.42418534 -0.00478187],0
22,[-0.42418534 -0.00478187],1,-1.0,[-0.4297018  -0.00551647],0
22,[-0.4297018  -0.00551647],1,-1.0,[-0.4359132  -0.00621142],0
22,[-0.4359132  -0.00621142],1,-1.0,[-0.4427747 -0.0068615],0
22,[-0.4427747 -0.0068615],1,-1.0,[-0.45023647 -0.00746176],0
22,[-0.45023647 -0.00746176],1,-1.0,[-0.45824403 -0.00800755],0
22,[-0.45824403 -0.00800755],1,-1.0,[-0.46673858 -0.00849457],0
22,[-0.46673858 -0.00849457],1,-1.0,[-0.47565755 -0.00891896],0
22,[-0.47565755 -0.00891896],1,-1.0,[-0.48493484 -0.00927728],0
22,[-0.48493484 -0.00927728],1,-1.0,[-0.49450144 -0.00956661],0
22,[-0.49450144 -0.00956661],1,-1.0,[-0.504286   -0.00978456],0
22,[-0.504286   -0.00978456],1,-1.0,[-0.51421535 -0.00992933],0
22,[-0.51421535 -0.00992933],1,-1.0,[-0.52421504 -0.00999969],0
22,[-0.52421504 -0.00999969],1,-1.0,[-0.5342101  -0.00999507],0
22,[-0.5342101  -0.00999507],1,-1.0,[-0.54412556 -0.0099155 ],0
22,[-0.54412556 -0.0099155 ],1,-1.0,[-0.55388725 -0.00976165],0
22,[-0.55388725 -0.00976165],1,-1.0,[-0.563422   -0.00953479],0
22,[-0.563422   -0.00953479],1,-1.0,[-0.57265884 -0.00923683],0
22,[-0.57265884 -0.00923683],1,-1.0,[-0.5815291  -0.00887021],0
22,[-0.5815291  -0.00887021],1,-1.0,[-0.58996695 -0.00843791],0
22,[-0.58996695 -0.00843791],1,-1.0,[-0.5979104  -0.00794343],0
22,[-0.5979104  -0.00794343],1,-1.0,[-0.60530114 -0.0073907 ],0
22,[-0.60530114 -0.0073907 ],1,-1.0,[-0.61208516 -0.00678405],0
22,[-0.61208516 -0.00678405],1,-1.0,[-0.61821336 -0.00612817],0
22,[-0.61821336 -0.00612817],1,-1.0,[-0.6236414  -0.00542805],0
22,[-0.6236414  -0.00542805],1,-1.0,[-0.62833035 -0.00468895],0
22,[-0.62833035 -0.00468895],1,-1.0,[-0.6322467  -0.00391632],0
22,[-0.6322467  -0.00391632],1,-1.0,[-0.63536245 -0.00311581],0
22,[-0.63536245 -0.00311581],1,-1.0,[-0.6376557 -0.0022932],0
22,[-0.6376557 -0.0022932],1,-1.0,[-0.63911    -0.00145437],0
22,[-0.63911    -0.00145437],1,-1.0,[-6.397153e-01 -6.052711e-04],0
22,[-6.397153e-01 -6.052711e-04],1,-1.0,[-6.3946724e-01  2.4809648e-04],0
22,[-6.3946724e-01  2.4809648e-04],1,-1.0,[-0.6383675   0.00109971],0
22,[-0.6383675   0.00109971],1,-1.0,[-0.63642395  0.00194357],0
22,[-0.63642395  0.00194357],1,-1.0,[-0.63365024  0.0027737 ],0
22,[-0.63365024  0.0027737 ],1,-1.0,[-0.63006604  0.00358417],0
22,[-0.63006604  0.00358417],1,-1.0,[-0.6256969   0.00436917],0
22,[-0.6256969   0.00436917],1,-1.0,[-0.6205739   0.00512299],0
22,[-0.6205739   0.00512299],1,-1.0,[-0.6147338   0.00584008],0
22,[-0.6147338   0.00584008],1,-1.0,[-0.6082187   0.00651511],0
22,[-0.6082187   0.00651511],1,-1.0,[-0.60107577  0.00714297],0
22,[-0.60107577  0.00714297],1,-1.0,[-0.5933569   0.00771883],0
22,[-0.5933569   0.00771883],1,-1.0,[-0.5851187  0.0082382],0
22,[-0.5851187  0.0082382],1,-1.0,[-0.57642174  0.00869699],0
22,[-0.57642174  0.00869699],1,-1.0,[-0.56733024  0.0090915 ],0
22,[-0.56733024  0.0090915 ],1,-1.0,[-0.5579117   0.00941855],0
22,[-0.5579117   0.00941855],1,-1.0,[-0.54823625  0.00967544],0
22,[-0.54823625  0.00967544],1,-1.0,[-0.5383762   0.00986005],0
22,[-0.5383762   0.00986005],1,-1.0,[-0.5284053   0.00997085],1
23,"(array([-0.40814796,  0.        ], dtype=float32), {})",1,-1.0,[-0.40899664 -0.00084867],0
23,[-0.40899664 -0.00084867],1,-1.0,[-0.410688   -0.00169136],0
23,[-0.410688   -0.00169136],1,-1.0,[-0.4132101  -0.00252208],0
23,[-0.4132101  -0.00252208],1,-1.0,[-0.41654503 -0.00333495],0
23,[-0.41654503 -0.00333495],1,-1.0,[-0.42066917 -0.00412412],0
23,[-0.42066917 -0.00412412],1,-1.0,[-0.42555305 -0.00488388],0
23,[-0.42555305 -0.00488388],1,-1.0,[-0.4311617  -0.00560867],0
23,[-0.4311617  -0.00560867],1,-1.0,[-0.43745482 -0.0062931 ],0
23,[-0.43745482 -0.0062931 ],1,-1.0,[-0.4443868  -0.00693201],0
23,[-0.4443868  -0.00693201],1,-1.0,[-0.45190734 -0.00752052],0
23,[-0.45190734 -0.00752052],1,-1.0,[-0.4599614  -0.00805407],0
23,[-0.4599614  -0.00805407],1,-1.0,[-0.46848986 -0.00852846],0
23,[-0.46848986 -0.00852846],1,-1.0,[-0.47742975 -0.00893989],0
23,[-0.47742975 -0.00893989],1,-1.0,[-0.4867148  -0.00928506],0
23,[-0.4867148  -0.00928506],1,-1.0,[-0.49627593 -0.00956112],0
23,[-0.49627593 -0.00956112],1,-1.0,[-0.50604177 -0.00976581],0
23,[-0.50604177 -0.00976581],1,-1.0,[-0.5159392  -0.00989743],0
23,[-0.5159392  -0.00989743],1,-1.0,[-0.52589405 -0.00995487],0
23,[-0.52589405 -0.00995487],1,-1.0,[-0.5358317  -0.00993766],0
23,[-0.5358317  -0.00993766],1,-1.0,[-0.54567766 -0.00984593],0
23,[-0.54567766 -0.00984593],1,-1.0,[-0.5553581  -0.00968046],0
23,[-0.5553581  -0.00968046],1,-1.0,[-0.56480074 -0.00944263],0
23,[-0.56480074 -0.00944263],1,-1.0,[-0.57393515 -0.0091344 ],0
23,[-0.57393515 -0.0091344 ],1,-1.0,[-0.58269346 -0.00875831],0
23,[-0.58269346 -0.00875831],1,-1.0,[-0.59101087 -0.00831742],0
23,[-0.59101087 -0.00831742],1,-1.0,[-0.5988261  -0.00781527],0
23,[-0.5988261  -0.00781527],1,-1.0,[-0.60608196 -0.00725584],0
23,[-0.60608196 -0.00725584],1,-1.0,[-0.61272544 -0.00664351],0
23,[-0.61272544 -0.00664351],1,-1.0,[-0.61870843 -0.00598299],0
23,[-0.61870843 -0.00598299],1,-1.0,[-0.6239878  -0.00527931],0
23,[-0.6239878  -0.00527931],1,-1.0,[-0.6285255  -0.00453772],0
23,[-0.6285255  -0.00453772],1,-1.0,[-0.6322892 -0.0037637],0
23,[-0.6322892 -0.0037637],1,-1.0,[-0.6352521 -0.0029629],0
23,[-0.6352521 -0.0029629],1,-1.0,[-0.6373932  -0.00214107],0
23,[-0.6373932  -0.00214107],1,-1.0,[-0.63869727 -0.00130409],0
23,[-0.63869727 -0.00130409],1,-1.0,[-6.3915515e-01 -4.5790334e-04],0
23,[-6.3915515e-01 -4.5790334e-04],1,-1.0,[-6.3876367e-01  3.9151410e-04],0
23,[-6.3876367e-01  3.9151410e-04],1,-1.0,[-0.63752544  0.00123817],0
23,[-0.63752544  0.00123817],1,-1.0,[-0.6354494   0.00207608],0
23,[-0.6354494   0.00207608],1,-1.0,[-0.63255006  0.00289931],0
23,[-0.63255006  0.00289931],1,-1.0,[-0.62884814  0.00370197],0
23,[-0.62884814  0.00370197],1,-1.0,[-0.6243698   0.00447829],0
23,[-0.6243698   0.00447829],1,-1.0,[-0.6191472   0.00522261],0
23,[-0.6191472   0.00522261],1,-1.0,[-0.6132178   0.00592945],0
23,[-0.6132178   0.00592945],1,-1.0,[-0.60662425  0.00659353],0
23,[-0.60662425  0.00659353],1,-1.0,[-0.5994144  0.0072098],0
23,[-0.5994144  0.0072098],1,-1.0,[-0.5916409   0.00777353],0
23,[-0.5916409   0.00777353],1,-1.0,[-0.5833606   0.00828031],0
23,[-0.5833606   0.00828031],1,-1.0,[-0.5746345   0.00872612],0
23,[-0.5746345   0.00872612],1,-1.0,[-0.5655271  0.0091074],0
23,[-0.5655271  0.0091074],1,-1.0,[-0.55610603  0.00942103],0
23,[-0.55610603  0.00942103],1,-1.0,[-0.5464416   0.00966445],0
23,[-0.5464416   0.00966445],1,-1.0,[-0.53660595  0.00983563],0
23,[-0.53660595  0.00983563],1,-1.0,[-0.52667284  0.00993316],0
23,[-0.52667284  0.00993316],1,-1.0,[-0.5167166   0.00995622],0
23,[-0.5167166   0.00995622],1,-1.0,[-0.506812    0.00990461],0
23,[-0.506812    0.00990461],1,-1.0,[-0.49703324  0.00977876],0
23,[-0.49703324  0.00977876],1,-1.0,[-0.4874535   0.00957973],0
23,[-0.4874535   0.00957973],1,-1.0,[-0.47814432  0.00930917],0
23,[-0.47814432  0.00930917],1,-1.0,[-0.469175    0.00896932],0
23,[-0.469175    0.00896932],1,-1.0,[-0.46061206  0.00856295],0
23,[-0.46061206  0.00856295],1,-1.0,[-0.4525187   0.00809336],0
23,[-0.4525187   0.00809336],1,-1.0,[-0.44495443  0.00756429],0
23,[-0.44495443  0.00756429],1,-1.0,[-0.4379745   0.00697991],0
23,[-0.4379745   0.00697991],1,-1.0,[-0.43162975  0.00634477],0
23,[-0.43162975  0.00634477],1,-1.0,[-0.42596602  0.00566372],0
23,[-0.42596602  0.00566372],1,-1.0,[-0.42102414  0.0049419 ],0
23,[-0.42102414  0.0049419 ],1,-1.0,[-0.41683945  0.00418467],0
23,[-0.41683945  0.00418467],1,-1.0,[-0.41344187  0.0033976 ],0
23,[-0.41344187  0.0033976 ],1,-1.0,[-0.4108555   0.00258637],0
23,[-0.4108555   0.00258637],1,-1.0,[-0.40909865  0.00175683],0
23,[-0.40909865  0.00175683],1,-1.0,[-0.40818378  0.00091487],0
23,[-0.40818378  0.00091487],1,-1.0,[-4.0811735e-01  6.6447494e-05],0
23,[-4.0811735e-01  6.6447494e-05],1,-1.0,[-0.40889978 -0.00078244],0
23,[-0.40889978 -0.00078244],1,-1.0,[-0.4105256  -0.00162581],0
23,[-0.4105256  -0.00162581],1,-1.0,[-0.4129833  -0.00245769],0
23,[-0.4129833  -0.00245769],1,-1.0,[-0.41625544 -0.00327216],0
23,[-0.41625544 -0.00327216],1,-1.0,[-0.42031884 -0.00406339],0
23,[-0.42031884 -0.00406339],1,-1.0,[-0.4251445  -0.00482566],0
23,[-0.4251445  -0.00482566],1,-1.0,[-0.43069786 -0.00555337],0
23,[-0.43069786 -0.00555337],1,-1.0,[-0.436939   -0.00624115],0
23,[-0.436939   -0.00624115],1,-1.0,[-0.4438228 -0.0068838],0
23,[-0.4438228 -0.0068838],1,-1.0,[-0.45129922 -0.00747642],0
23,[-0.45129922 -0.00747642],1,-1.0,[-0.45931366 -0.00801443],0
23,[-0.45931366 -0.00801443],1,-1.0,[-0.46780723 -0.00849358],0
23,[-0.46780723 -0.00849358],1,-1.0,[-0.4767173  -0.00891007],0
23,[-0.4767173  -0.00891007],1,-1.0,[-0.48597783 -0.00926052],0
23,[-0.48597783 -0.00926052],1,-1.0,[-0.4955199  -0.00954208],0
23,[-0.4955199  -0.00954208],1,-1.0,[-0.5052723  -0.00975242],0
23,[-0.5052723  -0.00975242],1,-1.0,[-0.5151621 -0.0098898],0
23,[-0.5151621 -0.0098898],1,-1.0,[-0.5251152  -0.00995307],0
23,[-0.5251152  -0.00995307],1,-1.0,[-0.5350569 -0.0099417],0
23,[-0.5350569 -0.0099417],1,-1.0,[-0.5449127  -0.00985578],0
23,[-0.5449127  -0.00985578],1,-1.0,[-0.5546087  -0.00969603],0
23,[-0.5546087  -0.00969603],1,-1.0,[-0.5640725  -0.00946379],0
23,[-0.5640725  -0.00946379],1,-1.0,[-0.5732335  -0.00916098],0
23,[-0.5732335  -0.00916098],1,-1.0,[-0.58202356 -0.0087901 ],0
23,[-0.58202356 -0.0087901 ],1,-1.0,[-0.59037775 -0.00835415],0
23,[-0.59037775 -0.00835415],1,-1.0,[-0.59823436 -0.00785665],0
23,[-0.59823436 -0.00785665],1,-1.0,[-0.6055359  -0.00730155],0
23,[-0.6055359  -0.00730155],1,-1.0,[-0.6122291  -0.00669319],0
23,[-0.6122291  -0.00669319],1,-1.0,[-0.6182654  -0.00603627],0
23,[-0.6182654  -0.00603627],1,-1.0,[-0.6236012  -0.00533578],0
23,[-0.6236012  -0.00533578],1,-1.0,[-0.62819815 -0.00459696],0
23,[-0.62819815 -0.00459696],1,-1.0,[-0.6320234  -0.00382528],0
23,[-0.6320234  -0.00382528],1,-1.0,[-0.63504976 -0.00302636],0
23,[-0.63504976 -0.00302636],1,-1.0,[-0.6372557  -0.00220596],0
23,[-0.6372557  -0.00220596],1,-1.0,[-0.6386257  -0.00136995],0
23,[-0.6386257  -0.00136995],1,-1.0,[-6.3914996e-01 -5.2427279e-04],0
23,[-6.3914996e-01 -5.2427279e-04],1,-1.0,[-6.3882482e-01  3.2510795e-04],0
23,[-6.3882482e-01  3.2510795e-04],1,-1.0,[-0.63765264  0.0011722 ],0
23,[-0.63765264  0.0011722 ],1,-1.0,[-0.63564163  0.00201101],0
23,[-0.63564163  0.00201101],1,-1.0,[-0.63280606  0.00283559],0
23,[-0.63280606  0.00283559],1,-1.0,[-0.629166    0.00364007],0
23,[-0.629166    0.00364007],1,-1.0,[-0.62474734  0.00441866],0
23,[-0.62474734  0.00441866],1,-1.0,[-0.61958164  0.00516568],0
23,[-0.61958164  0.00516568],1,-1.0,[-0.613706    0.00587565],0
23,[-0.613706    0.00587565],1,-1.0,[-0.6071627   0.00654325],0
23,[-0.6071627   0.00654325],1,-1.0,[-0.5999993   0.00716344],0
23,[-0.5999993   0.00716344],1,-1.0,[-0.5922679   0.00773144],0
23,[-0.5922679   0.00773144],1,-1.0,[-0.584025    0.00824282],0
23,[-0.584025    0.00824282],1,-1.0,[-0.5753315   0.00869354],0
23,[-0.5753315   0.00869354],1,-1.0,[-0.5662515   0.00907998],0
23,[-0.5662515   0.00907998],1,-1.0,[-0.5568525  0.009399 ],0
23,[-0.5568525  0.009399 ],1,-1.0,[-0.54720455  0.00964799],0
23,[-0.54720455  0.00964799],1,-1.0,[-0.5373796   0.00982489],0
23,[-0.5373796   0.00982489],1,-1.0,[-0.52745146  0.00992821],0
23,[-0.52745146  0.00992821],1,-1.0,[-0.5174943   0.00995711],0
23,[-0.5174943   0.00995711],1,-1.0,[-0.50758296  0.00991133],0
23,[-0.50758296  0.00991133],1,-1.0,[-0.49779174  0.00979126],0
23,[-0.49779174  0.00979126],1,-1.0,[-0.48819384  0.0095979 ],0
23,[-0.48819384  0.0095979 ],1,-1.0,[-0.47886097  0.00933286],0
23,[-0.47886097  0.00933286],1,-1.0,[-0.46986264  0.00899833],0
23,[-0.46986264  0.00899833],1,-1.0,[-0.4612656   0.00859705],0
23,[-0.4612656   0.00859705],1,-1.0,[-0.4531333   0.00813227],0
23,[-0.4531333   0.00813227],1,-1.0,[-0.44552562  0.00760771],0
23,[-0.44552562  0.00760771],1,-1.0,[-0.4384981  0.0070275],0
23,[-0.4384981  0.0070275],1,-1.0,[-0.43210196  0.00639616],0
23,[-0.43210196  0.00639616],1,-1.0,[-0.42638344  0.00571852],0
23,[-0.42638344  0.00571852],1,-1.0,[-0.42138374  0.00499969],0
23,[-0.42138374  0.00499969],1,-1.0,[-0.4171387   0.00424504],0
23,[-0.4171387   0.00424504],1,-1.0,[-0.41367862  0.00346009],0
23,[-0.41367862  0.00346009],1,-1.0,[-0.41102806  0.00265055],0
23,[-0.41102806  0.00265055],1,-1.0,[-0.40920582  0.00182223],0
23,[-0.40920582  0.00182223],1,-1.0,[-0.40822482  0.00098102],0
23,[-0.40822482  0.00098102],1,-1.0,[-4.0809190e-01  1.3289212e-04],0
23,[-4.0809190e-01  1.3289212e-04],1,-1.0,[-0.40880808 -0.00071618],0
23,[-0.40880808 -0.00071618],1,-1.0,[-0.4103683  -0.00156019],0
23,[-0.4103683  -0.00156019],1,-1.0,[-0.41276145 -0.00239318],0
23,[-0.41276145 -0.00239318],1,-1.0,[-0.41597068 -0.00320923],0
23,[-0.41597068 -0.00320923],1,-1.0,[-0.41997316 -0.00400248],0
23,[-0.41997316 -0.00400248],1,-1.0,[-0.4247404  -0.00476722],0
23,[-0.4247404  -0.00476722],1,-1.0,[-0.43023822 -0.00549783],0
23,[-0.43023822 -0.00549783],1,-1.0,[-0.43642715 -0.00618892],0
23,[-0.43642715 -0.00618892],1,-1.0,[-0.44326243 -0.00683528],0
23,[-0.44326243 -0.00683528],1,-1.0,[-0.4506944  -0.00743199],0
23,[-0.4506944  -0.00743199],1,-1.0,[-0.45866883 -0.00797442],0
23,[-0.45866883 -0.00797442],1,-1.0,[-0.46712714 -0.00845832],0
23,[-0.46712714 -0.00845832],1,-1.0,[-0.47600698 -0.00887984],0
23,[-0.47600698 -0.00887984],1,-1.0,[-0.48524255 -0.00923556],0
23,[-0.48524255 -0.00923556],1,-1.0,[-0.49476516 -0.0095226 ],0
23,[-0.49476516 -0.0095226 ],1,-1.0,[-0.5045037  -0.00973858],0
23,[-0.5045037  -0.00973858],1,-1.0,[-0.51438546 -0.00988172],0
23,[-0.51438546 -0.00988172],1,-1.0,[-0.5243363  -0.00995081],0
23,[-0.5243363  -0.00995081],1,-1.0,[-0.53428155 -0.00994528],0
23,[-0.53428155 -0.00994528],1,-1.0,[-0.5441467  -0.00986517],0
23,[-0.5441467  -0.00986517],1,-1.0,[-0.55385786 -0.00971116],0
23,[-0.55385786 -0.00971116],1,-1.0,[-0.5633424  -0.00948453],0
23,[-0.5633424  -0.00948453],1,-1.0,[-0.57252955 -0.00918716],0
23,[-0.57252955 -0.00918716],1,-1.0,[-0.58135104 -0.00882149],0
23,[-0.58135104 -0.00882149],1,-1.0,[-0.5897415  -0.00839051],0
23,[-0.5897415  -0.00839051],1,-1.0,[-0.59763926 -0.00789769],0
23,[-0.59763926 -0.00789769],1,-1.0,[-0.6049862  -0.00734694],0
23,[-0.6049862  -0.00734694],1,-1.0,[-0.6117288  -0.00674258],0
23,[-0.6117288  -0.00674258],1,-1.0,[-0.61781806 -0.00608928],0
23,[-0.61781806 -0.00608928],1,-1.0,[-0.6232101  -0.00539201],0
23,[-0.6232101  -0.00539201],1,-1.0,[-0.627866   -0.00465599],0
23,[-0.627866   -0.00465599],1,-1.0,[-0.6317527  -0.00388668],0
23,[-0.6317527  -0.00388668],1,-1.0,[-0.6348424  -0.00308968],0
23,[-0.6348424  -0.00308968],1,-1.0,[-0.63711315 -0.00227076],0
23,[-0.63711315 -0.00227076],1,-1.0,[-0.6385489  -0.00143576],0
23,[-0.6385489  -0.00143576],1,-1.0,[-6.3913953e-01 -5.9061969e-04],0
23,[-6.3913953e-01 -5.9061969e-04],1,-1.0,[-6.3888085e-01  2.5868780e-04],0
23,[-6.3888085e-01  2.5868780e-04],1,-1.0,[-0.6377747   0.00110617],0
23,[-0.6377747   0.00110617],1,-1.0,[-0.63582885  0.00194584],0
23,[-0.63582885  0.00194584],1,-1.0,[-0.6330571   0.00277176],0
23,[-0.6330571   0.00277176],1,-1.0,[-0.6294791   0.00357802],0
23,[-0.6294791   0.00357802],1,-1.0,[-0.6251202   0.00435883],0
23,[-0.6251202   0.00435883],1,-1.0,[-0.62001175  0.00510853],0
23,[-0.62001175  0.00510853],1,-1.0,[-0.61419016  0.00582159],0
23,[-0.61419016  0.00582159],1,-1.0,[-0.6076974   0.00649269],0
23,[-0.6076974   0.00649269],1,-1.0,[-0.6005807   0.00711676],0
23,[-0.6005807   0.00711676],1,-1.0,[-0.5928917  0.007689 ],0
23,[-0.5928917  0.007689 ],1,-1.0,[-0.5846867   0.00820496],0
23,[-0.5846867   0.00820496],1,-1.0,[-0.57602614  0.00866056],0
23,[-0.57602614  0.00866056],1,-1.0,[-0.566974    0.00905215],0
23,[-0.566974    0.00905215],1,-1.0,[-0.55759746  0.00937655],0
23,[-0.55759746  0.00937655],1,-1.0,[-0.54796636  0.0096311 ],0
23,[-0.54796636  0.0096311 ],1,-1.0,[-0.5381527   0.00981369],0
23,[-0.5381527   0.00981369],1,-1.0,[-0.5282299   0.00992281],1
24,"(array([-0.50922304,  0.        ], dtype=float32), {})",1,-1.0,[-5.09330869e-01 -1.07784435e-04],0
24,[-5.09330869e-01 -1.07784435e-04],1,-1.0,[-5.0954562e-01 -2.1476124e-04],0
24,[-5.0954562e-01 -2.1476124e-04],1,-1.0,[-5.0986576e-01 -3.2012878e-04],0
24,[-5.0986576e-01 -3.2012878e-04],1,-1.0,[-5.1028883e-01 -4.2309746e-04],0
24,[-5.1028883e-01 -4.2309746e-04],1,-1.0,[-0.51081175 -0.0005229 ],0
24,[-0.51081175 -0.0005229 ],1,-1.0,[-0.5114305  -0.00061877],0
24,[-0.5114305  -0.00061877],1,-1.0,[-0.5121405  -0.00071002],0
24,[-0.5121405  -0.00071002],1,-1.0,[-0.5129365  -0.00079594],0
24,[-0.5129365  -0.00079594],1,-1.0,[-0.51381236 -0.00087589],0
24,[-0.51381236 -0.00087589],1,-1.0,[-0.5147616  -0.00094928],0
24,[-0.5147616  -0.00094928],1,-1.0,[-0.5157772  -0.00101555],0
24,[-0.5157772  -0.00101555],1,-1.0,[-0.51685137 -0.00107421],0
24,[-0.51685137 -0.00107421],1,-1.0,[-0.51797616 -0.00112481],0
24,[-0.51797616 -0.00112481],1,-1.0,[-0.51914316 -0.00116697],0
24,[-0.51914316 -0.00116697],1,-1.0,[-0.52034354 -0.00120039],0
24,[-0.52034354 -0.00120039],1,-1.0,[-0.52156836 -0.0012248 ],0
24,[-0.52156836 -0.0012248 ],1,-1.0,[-0.5228084  -0.00124003],0
24,[-0.5228084  -0.00124003],1,-1.0,[-0.52405435 -0.00124596],0
24,[-0.52405435 -0.00124596],1,-1.0,[-0.52529687 -0.00124254],0
24,[-0.52529687 -0.00124254],1,-1.0,[-0.5265267  -0.00122981],0
24,[-0.5265267  -0.00122981],1,-1.0,[-0.5277346  -0.00120785],0
24,[-0.5277346  -0.00120785],1,-1.0,[-0.5289114  -0.00117683],0
24,[-0.5289114  -0.00117683],1,-1.0,[-0.5300484  -0.00113699],0
24,[-0.5300484  -0.00113699],1,-1.0,[-0.531137   -0.00108862],0
24,[-0.531137   -0.00108862],1,-1.0,[-0.5321691  -0.00103209],0
24,[-0.5321691  -0.00103209],1,-1.0,[-0.5331369  -0.00096782],0
24,[-0.5331369  -0.00096782],1,-1.0,[-0.5340332  -0.00089629],0
24,[-0.5340332  -0.00089629],1,-1.0,[-0.53485125 -0.00081805],0
24,[-0.53485125 -0.00081805],1,-1.0,[-0.5355849  -0.00073367],0
24,[-0.5355849  -0.00073367],1,-1.0,[-0.5362287  -0.00064379],0
24,[-0.5362287  -0.00064379],1,-1.0,[-0.5367778  -0.00054909],0
24,[-0.5367778  -0.00054909],1,-1.0,[-5.3722805e-01 -4.5027351e-04],0
24,[-5.3722805e-01 -4.5027351e-04],1,-1.0,[-5.3757614e-01 -3.4808237e-04],0
24,[-5.3757614e-01 -3.4808237e-04],1,-1.0,[-5.3781945e-01 -2.4328285e-04],0
24,[-5.3781945e-01 -2.4328285e-04],1,-1.0,[-5.3795606e-01 -1.3666034e-04],0
24,[-5.3795606e-01 -1.3666034e-04],1,-1.0,[-5.3798509e-01 -2.9013807e-05],0
24,[-5.3798509e-01 -2.9013807e-05],1,-1.0,[-5.379062e-01  7.885012e-05],0
24,[-5.379062e-01  7.885012e-05],1,-1.0,[-5.3772014e-01  1.8612322e-04],0
24,[-5.3772014e-01  1.8612322e-04],1,-1.0,[-5.3742814e-01  2.9200167e-04],0
24,[-5.3742814e-01  2.9200167e-04],1,-1.0,[-5.370324e-01  3.956920e-04],0
24,[-5.370324e-01  3.956920e-04],1,-1.0,[-5.3653604e-01  4.9641717e-04],0
24,[-5.3653604e-01  4.9641717e-04],1,-1.0,[-0.5359426   0.00059342],0
24,[-0.5359426   0.00059342],1,-1.0,[-0.5352566   0.00068598],0
24,[-0.5352566   0.00068598],1,-1.0,[-0.5344832  0.0007734],0
24,[-0.5344832  0.0007734],1,-1.0,[-0.5336282   0.00085501],0
24,[-0.5336282   0.00085501],1,-1.0,[-0.532698    0.00093022],0
24,[-0.532698    0.00093022],1,-1.0,[-0.53169954  0.00099846],0
24,[-0.53169954  0.00099846],1,-1.0,[-0.5306403   0.00105921],0
24,[-0.5306403   0.00105921],1,-1.0,[-0.5295283   0.00111202],0
24,[-0.5295283   0.00111202],1,-1.0,[-0.5283718   0.00115649],0
24,[-0.5283718   0.00115649],1,-1.0,[-0.52717954  0.00119228],0
24,[-0.52717954  0.00119228],1,-1.0,[-0.5259604   0.00121914],0
24,[-0.5259604   0.00121914],1,-1.0,[-0.52472353  0.00123685],0
24,[-0.52472353  0.00123685],1,-1.0,[-0.52347827  0.00124528],0
24,[-0.52347827  0.00124528],1,-1.0,[-0.5222339   0.00124438],0
24,[-0.5222339   0.00124438],1,-1.0,[-0.5209997   0.00123414],0
24,[-0.5209997   0.00123414],1,-1.0,[-0.5197851   0.00121465],0
24,[-0.5197851   0.00121465],1,-1.0,[-0.51859903  0.00118605],0
24,[-0.51859903  0.00118605],1,-1.0,[-0.51745045  0.00114855],0
24,[-0.51745045  0.00114855],1,-1.0,[-0.516348    0.00110244],0
24,[-0.516348    0.00110244],1,-1.0,[-0.5153      0.00104807],0
24,[-0.5153      0.00104807],1,-1.0,[-0.5143141   0.00098583],0
24,[-0.5143141   0.00098583],1,-1.0,[-0.51339793  0.00091621],0
24,[-0.51339793  0.00091621],1,-1.0,[-0.5125582   0.00083971],0
24,[-0.5125582   0.00083971],1,-1.0,[-0.5118013   0.00075692],0
24,[-0.5118013   0.00075692],1,-1.0,[-0.51113284  0.00066846],0
24,[-0.51113284  0.00066846],1,-1.0,[-0.51055783  0.00057499],0
24,[-0.51055783  0.00057499],1,-1.0,[-5.1008064e-01  4.7720553e-04],0
24,[-5.1008064e-01  4.7720553e-04],1,-1.0,[-5.0970477e-01  3.7584730e-04],0
24,[-5.0970477e-01  3.7584730e-04],1,-1.0,[-5.094331e-01  2.716726e-04],0
24,[-5.094331e-01  2.716726e-04],1,-1.0,[-5.0926769e-01  1.6546216e-04],0
24,[-5.0926769e-01  1.6546216e-04],1,-1.0,[-5.0920963e-01  5.8011887e-05],0
24,[-5.0920963e-01  5.8011887e-05],1,-1.0,[-5.092595e-01 -4.987307e-05],0
24,[-5.092595e-01 -4.987307e-05],1,-1.0,[-5.0941688e-01 -1.5738432e-04],0
24,[-5.0941688e-01 -1.5738432e-04],1,-1.0,[-5.0968063e-01 -2.6371627e-04],0
24,[-5.0968063e-01 -2.6371627e-04],1,-1.0,[-5.1004869e-01 -3.6807213e-04],0
24,[-5.1004869e-01 -3.6807213e-04],1,-1.0,[-5.1051837e-01 -4.6966976e-04],0
24,[-5.1051837e-01 -4.6966976e-04],1,-1.0,[-0.5110861  -0.00056775],0
24,[-0.5110861  -0.00056775],1,-1.0,[-0.51174766 -0.00066157],0
24,[-0.51174766 -0.00066157],1,-1.0,[-0.51249814 -0.00075044],0
24,[-0.51249814 -0.00075044],1,-1.0,[-0.5133318  -0.00083367],0
24,[-0.5133318  -0.00083367],1,-1.0,[-0.5142425  -0.00091066],0
24,[-0.5142425  -0.00091066],1,-1.0,[-0.51522326 -0.00098083],0
24,[-0.51522326 -0.00098083],1,-1.0,[-0.51626694 -0.00104364],0
24,[-0.51626694 -0.00104364],1,-1.0,[-0.5173655  -0.00109862],0
24,[-0.5173655  -0.00109862],1,-1.0,[-0.51851094 -0.00114537],0
24,[-0.51851094 -0.00114537],1,-1.0,[-0.51969445 -0.00118353],0
24,[-0.51969445 -0.00118353],1,-1.0,[-0.5209072  -0.00121281],0
24,[-0.5209072  -0.00121281],1,-1.0,[-0.52214026 -0.00123299],0
24,[-0.52214026 -0.00123299],1,-1.0,[-0.52338415 -0.00124393],0
24,[-0.52338415 -0.00124393],1,-1.0,[-0.5246297  -0.00124554],0
24,[-0.5246297  -0.00124554],1,-1.0,[-0.5258675  -0.00123781],0
24,[-0.5258675  -0.00123781],1,-1.0,[-0.52708834 -0.0012208 ],0
24,[-0.52708834 -0.0012208 ],1,-1.0,[-0.52828294 -0.00119462],0
24,[-0.52828294 -0.00119462],1,-1.0,[-0.5294424  -0.00115949],0
24,[-0.5294424  -0.00115949],1,-1.0,[-0.5305581  -0.00111567],0
24,[-0.5305581  -0.00111567],1,-1.0,[-0.5316216  -0.00106348],0
24,[-0.5316216  -0.00106348],1,-1.0,[-0.5326249  -0.00100331],0
24,[-0.5326249  -0.00100331],1,-1.0,[-0.5335605  -0.00093562],0
24,[-0.5335605  -0.00093562],1,-1.0,[-0.53442144 -0.00086092],0
24,[-0.53442144 -0.00086092],1,-1.0,[-0.5352012  -0.00077977],0
24,[-0.5352012  -0.00077977],1,-1.0,[-0.535894   -0.00069277],0
24,[-0.535894   -0.00069277],1,-1.0,[-0.53649455 -0.00060057],0
24,[-0.53649455 -0.00060057],1,-1.0,[-5.3699845e-01 -5.0387887e-04],0
24,[-5.3699845e-01 -5.0387887e-04],1,-1.0,[-5.3740185e-01 -4.0340848e-04],0
24,[-5.3740185e-01 -4.0340848e-04],1,-1.0,[-5.377017e-01 -2.999151e-04],0
24,[-5.377017e-01 -2.999151e-04],1,-1.0,[-5.3789592e-01 -1.9417431e-04],0
24,[-5.3789592e-01 -1.9417431e-04],1,-1.0,[-5.379829e-01 -8.697853e-05],0
24,[-5.379829e-01 -8.697853e-05],1,-1.0,[-5.3796202e-01  2.0868985e-05],0
24,[-5.3796202e-01  2.0868985e-05],1,-1.0,[-5.3783345e-01  1.2856013e-04],0
24,[-5.3783345e-01  1.2856013e-04],1,-1.0,[-5.3759819e-01  2.3528795e-04],0
24,[-5.3759819e-01  2.3528795e-04],1,-1.0,[-5.372579e-01  3.402527e-04],0
24,[-5.372579e-01  3.402527e-04],1,-1.0,[-5.3681529e-01  4.4266775e-04],0
24,[-5.3681529e-01  4.4266775e-04],1,-1.0,[-0.5362735   0.00054177],0
24,[-0.5362735   0.00054177],1,-1.0,[-0.5356367  0.0006368],0
24,[-0.5356367  0.0006368],1,-1.0,[-0.5349096   0.00072707],0
24,[-0.5349096   0.00072707],1,-1.0,[-0.53409773  0.00081188],0
24,[-0.53409773  0.00081188],1,-1.0,[-0.5332071   0.00089061],0
24,[-0.5332071   0.00089061],1,-1.0,[-0.53224444  0.00096267],0
24,[-0.53224444  0.00096267],1,-1.0,[-0.531217   0.0010275],0
24,[-0.531217   0.0010275],1,-1.0,[-0.53013235  0.00108463],0
24,[-0.53013235  0.00108463],1,-1.0,[-0.52899873  0.00113363],0
24,[-0.52899873  0.00113363],1,-1.0,[-0.5278246   0.00117413],0
24,[-0.5278246   0.00117413],1,-1.0,[-0.5266188   0.00120582],0
24,[-0.5266188   0.00120582],1,-1.0,[-0.52539027  0.00122847],0
24,[-0.52539027  0.00122847],1,-1.0,[-0.5241484   0.00124191],0
24,[-0.5241484   0.00124191],1,-1.0,[-0.52290237  0.00124603],0
24,[-0.52290237  0.00124603],1,-1.0,[-0.5216615   0.00124081],0
24,[-0.5216615   0.00124081],1,-1.0,[-0.5204353   0.00122628],0
24,[-0.5204353   0.00122628],1,-1.0,[-0.51923275  0.00120255],0
24,[-0.51923275  0.00120255],1,-1.0,[-0.5180629   0.00116981],0
24,[-0.5180629   0.00116981],1,-1.0,[-0.51693463  0.00112829],0
24,[-0.51693463  0.00112829],1,-1.0,[-0.5158563   0.00107831],0
24,[-0.5158563   0.00107831],1,-1.0,[-0.5148361   0.00102025],0
24,[-0.5148361   0.00102025],1,-1.0,[-0.5138815   0.00095454],0
24,[-0.5138815   0.00095454],1,-1.0,[-0.5129999   0.00088167],0
24,[-0.5129999   0.00088167],1,-1.0,[-0.5121977   0.00080219],0
24,[-0.5121977   0.00080219],1,-1.0,[-0.511481   0.0007167],0
24,[-0.511481   0.0007167],1,-1.0,[-0.51085514  0.00062583],0
24,[-0.51085514  0.00062583],1,-1.0,[-0.5103249   0.00053028],0
24,[-0.5103249   0.00053028],1,-1.0,[-5.0989413e-01  4.3075101e-04],0
24,[-5.0989413e-01  4.3075101e-04],1,-1.0,[-5.0956613e-01  3.2799502e-04],0
24,[-5.0956613e-01  3.2799502e-04],1,-1.0,[-5.0934333e-01  2.2278121e-04],0
24,[-5.0934333e-01  2.2278121e-04],1,-1.0,[-5.0922745e-01  1.1589802e-04],0
24,[-5.0922745e-01  1.1589802e-04],1,-1.0,[-5.0921929e-01  8.1464095e-06],0
24,[-5.0921929e-01  8.1464095e-06],1,-1.0,[-5.0931895e-01 -9.9666249e-05],0
24,[-5.0931895e-01 -9.9666249e-05],1,-1.0,[-5.0952572e-01 -2.0673209e-04],0
24,[-5.0952572e-01 -2.0673209e-04],1,-1.0,[-5.0983793e-01 -3.1224886e-04],0
24,[-5.0983793e-01 -3.1224886e-04],1,-1.0,[-5.1025337e-01 -4.1542578e-04],0
24,[-5.1025337e-01 -4.1542578e-04],1,-1.0,[-0.51076883 -0.00051549],0
24,[-0.51076883 -0.00051549],1,-1.0,[-0.51138055 -0.00061169],0
24,[-0.51138055 -0.00061169],1,-1.0,[-0.5120838  -0.00070331],0
24,[-0.5120838  -0.00070331],1,-1.0,[-0.51287353 -0.00078965],0
24,[-0.51287353 -0.00078965],1,-1.0,[-0.5137436  -0.00087008],0
24,[-0.5137436  -0.00087008],1,-1.0,[-0.51468754 -0.00094398],0
24,[-0.51468754 -0.00094398],1,-1.0,[-0.5156984  -0.00101081],0
24,[-0.5156984  -0.00101081],1,-1.0,[-0.5167684  -0.00107005],0
24,[-0.5167684  -0.00107005],1,-1.0,[-0.5178897  -0.00112128],0
24,[-0.5178897  -0.00112128],1,-1.0,[-0.5190538  -0.00116409],0
24,[-0.5190538  -0.00116409],1,-1.0,[-0.520252   -0.00119818],0
24,[-0.520252   -0.00119818],1,-1.0,[-0.52147526 -0.00122328],0
24,[-0.52147526 -0.00122328],1,-1.0,[-0.52271444 -0.00123921],0
24,[-0.52271444 -0.00123921],1,-1.0,[-0.5239603  -0.00124584],0
24,[-0.5239603  -0.00124584],1,-1.0,[-0.5252034  -0.00124313],0
24,[-0.5252034  -0.00124313],1,-1.0,[-0.52643454 -0.00123109],0
24,[-0.52643454 -0.00123109],1,-1.0,[-0.52764434 -0.00120983],0
24,[-0.52764434 -0.00120983],1,-1.0,[-0.52882385 -0.00117948],0
24,[-0.52882385 -0.00117948],1,-1.0,[-0.52996415 -0.0011403 ],0
24,[-0.52996415 -0.0011403 ],1,-1.0,[-0.5310567  -0.00109256],0
24,[-0.5310567  -0.00109256],1,-1.0,[-0.53209335 -0.00103663],0
24,[-0.53209335 -0.00103663],1,-1.0,[-0.5330663  -0.00097293],0
24,[-0.5330663  -0.00097293],1,-1.0,[-0.53396815 -0.00090193],0
24,[-0.53396815 -0.00090193],1,-1.0,[-0.53479236 -0.00082417],0
24,[-0.53479236 -0.00082417],1,-1.0,[-0.5355326  -0.00074024],0
24,[-0.5355326  -0.00074024],1,-1.0,[-0.53618336 -0.00065075],0
24,[-0.53618336 -0.00065075],1,-1.0,[-0.53673977 -0.00055639],0
24,[-0.53673977 -0.00055639],1,-1.0,[-5.3719759e-01 -4.5786006e-04],0
24,[-5.3719759e-01 -4.5786006e-04],1,-1.0,[-5.3755349e-01 -3.5589718e-04],0
24,[-5.3755349e-01 -3.5589718e-04],1,-1.0,[-5.3780478e-01 -2.5126737e-04],0
24,[-5.3780478e-01 -2.5126737e-04],1,-1.0,[-5.379495e-01 -1.447547e-04],0
24,[-5.379495e-01 -1.447547e-04],1,-1.0,[-5.3798670e-01 -3.7157388e-05],0
24,[-5.3798670e-01 -3.7157388e-05],1,-1.0,[-5.3791595e-01  7.0718350e-05],0
24,[-5.3791595e-01  7.0718350e-05],1,-1.0,[-5.3773791e-01  1.7806419e-04],0
24,[-5.3773791e-01  1.7806419e-04],1,-1.0,[-5.3745383e-01  2.8407577e-04],0
24,[-5.3745383e-01  2.8407577e-04],1,-1.0,[-5.3706586e-01  3.8795866e-04],0
24,[-5.3706586e-01  3.8795866e-04],1,-1.0,[-5.365769e-01  4.889343e-04],0
24,[-5.365769e-01  4.889343e-04],1,-1.0,[-0.53599066  0.00058625],0
24,[-0.53599066  0.00058625],1,-1.0,[-0.5353115   0.00067916],0
24,[-0.5353115   0.00067916],1,-1.0,[-0.5345445   0.00076699],0
24,[-0.5345445   0.00076699],1,-1.0,[-0.53369546  0.00084907],0
24,[-0.53369546  0.00084907],1,-1.0,[-0.5327707   0.00092478],0
24,[-0.5327707   0.00092478],1,-1.0,[-0.5317771   0.00099356],0
24,[-0.5317771   0.00099356],1,-1.0,[-0.5307222   0.00105489],0
24,[-0.5307222   0.00105489],1,-1.0,[-0.5296139   0.00110832],0
24,[-0.5296139   0.00110832],1,-1.0,[-0.52846044  0.00115343],0
24,[-0.52846044  0.00115343],1,-1.0,[-0.52727056  0.00118989],0
24,[-0.52727056  0.00118989],1,-1.0,[-0.52605313  0.00121743],0
24,[-0.52605313  0.00121743],1,-1.0,[-0.5248173   0.00123583],0
24,[-0.5248173   0.00123583],1,-1.0,[-0.5235723   0.00124497],0
24,[-0.5235723   0.00124497],1,-1.0,[-0.52232754  0.00124478],1
25,"(array([-0.40345177,  0.        ], dtype=float32), {})",1,-1.0,[-0.4043335  -0.00088172],0
25,[-0.4043335  -0.00088172],1,-1.0,[-0.40609074 -0.00175724],0
25,[-0.40609074 -0.00175724],1,-1.0,[-0.40871114 -0.00262041],0
25,[-0.40871114 -0.00262041],1,-1.0,[-0.41217625 -0.00346511],0
25,[-0.41217625 -0.00346511],1,-1.0,[-0.41646156 -0.00428531],0
25,[-0.41646156 -0.00428531],1,-1.0,[-0.42153662 -0.00507507],0
25,[-0.42153662 -0.00507507],1,-1.0,[-0.42736527 -0.00582863],0
25,[-0.42736527 -0.00582863],1,-1.0,[-0.43390566 -0.0065404 ],0
25,[-0.43390566 -0.0065404 ],1,-1.0,[-0.44111067 -0.00720501],0
25,[-0.44111067 -0.00720501],1,-1.0,[-0.44892806 -0.00781737],0
25,[-0.44892806 -0.00781737],1,-1.0,[-0.45730078 -0.00837273],0
25,[-0.45730078 -0.00837273],1,-1.0,[-0.46616748 -0.0088667 ],0
25,[-0.46616748 -0.0088667 ],1,-1.0,[-0.4754628 -0.0092953],0
25,[-0.4754628 -0.0092953],1,-1.0,[-0.48511785 -0.00965507],0
25,[-0.48511785 -0.00965507],1,-1.0,[-0.4950609  -0.00994304],0
25,[-0.4950609  -0.00994304],1,-1.0,[-0.5052177  -0.01015681],0
25,[-0.5052177  -0.01015681],1,-1.0,[-0.5155123 -0.0102946],0
25,[-0.5155123 -0.0102946],1,-1.0,[-0.5258675  -0.01035524],0
25,[-0.5258675  -0.01035524],1,-1.0,[-0.53620577 -0.01033822],0
25,[-0.53620577 -0.01033822],1,-1.0,[-0.5464494  -0.01024369],0
25,[-0.5464494  -0.01024369],1,-1.0,[-0.5565219  -0.01007245],0
25,[-0.5565219  -0.01007245],1,-1.0,[-0.56634784 -0.00982593],0
25,[-0.56634784 -0.00982593],1,-1.0,[-0.575854   -0.00950619],0
25,[-0.575854   -0.00950619],1,-1.0,[-0.5849699  -0.00911588],0
25,[-0.5849699  -0.00911588],1,-1.0,[-0.59362805 -0.00865819],0
25,[-0.59362805 -0.00865819],1,-1.0,[-0.6017649  -0.00813682],0
25,[-0.6017649  -0.00813682],1,-1.0,[-0.6093208  -0.00755594],0
25,[-0.6093208  -0.00755594],1,-1.0,[-0.6162409  -0.00692008],0
25,[-0.6162409  -0.00692008],1,-1.0,[-0.6224751  -0.00623418],0
25,[-0.6224751  -0.00623418],1,-1.0,[-0.6279785  -0.00550343],0
25,[-0.6279785  -0.00550343],1,-1.0,[-0.6327118  -0.00473332],0
25,[-0.6327118  -0.00473332],1,-1.0,[-0.6366413 -0.0039295],0
25,[-0.6366413 -0.0039295],1,-1.0,[-0.6397392  -0.00309784],0
25,[-0.6397392  -0.00309784],1,-1.0,[-0.6419835  -0.00224431],0
25,[-0.6419835  -0.00224431],1,-1.0,[-0.64335847 -0.00137497],0
25,[-0.64335847 -0.00137497],1,-1.0,[-6.4385444e-01 -4.9597077e-04],0
25,[-6.4385444e-01 -4.9597077e-04],1,-1.0,[-6.4346790e-01  3.8650908e-04],0
25,[-6.4346790e-01  3.8650908e-04],1,-1.0,[-0.64220166  0.00126628],0
25,[-0.64220166  0.00126628],1,-1.0,[-0.6400645   0.00213715],0
25,[-0.6400645   0.00213715],1,-1.0,[-0.63707155  0.00299298],0
25,[-0.63707155  0.00299298],1,-1.0,[-0.63324386  0.00382768],0
25,[-0.63324386  0.00382768],1,-1.0,[-0.6286086   0.00463527],0
25,[-0.6286086   0.00463527],1,-1.0,[-0.6231987   0.00540988],0
25,[-0.6231987   0.00540988],1,-1.0,[-0.6170529   0.00614581],0
25,[-0.6170529   0.00614581],1,-1.0,[-0.6102153   0.00683757],0
25,[-0.6102153   0.00683757],1,-1.0,[-0.6027354   0.00747991],0
25,[-0.6027354   0.00747991],1,-1.0,[-0.59466755  0.00806788],0
25,[-0.59466755  0.00806788],1,-1.0,[-0.58607066  0.00859686],0
25,[-0.58607066  0.00859686],1,-1.0,[-0.577008    0.00906266],0
25,[-0.577008    0.00906266],1,-1.0,[-0.5675465   0.00946152],0
25,[-0.5675465   0.00946152],1,-1.0,[-0.5577563   0.00979017],0
25,[-0.5577563   0.00979017],1,-1.0,[-0.5477104   0.01004591],0
25,[-0.5477104   0.01004591],1,-1.0,[-0.5374838   0.01022659],0
25,[-0.5374838   0.01022659],1,-1.0,[-0.52715313  0.01033069],0
25,[-0.52715313  0.01033069],1,-1.0,[-0.51679575  0.01035735],0
25,[-0.51679575  0.01035735],1,-1.0,[-0.50648946  0.01030633],0
25,[-0.50648946  0.01030633],1,-1.0,[-0.49631137  0.01017807],0
25,[-0.49631137  0.01017807],1,-1.0,[-0.48633772  0.00997364],0
25,[-0.48633772  0.00997364],1,-1.0,[-0.47664297  0.00969477],0
25,[-0.47664297  0.00969477],1,-1.0,[-0.4672992   0.00934376],0
25,[-0.4672992   0.00934376],1,-1.0,[-0.45837566  0.00892352],0
25,[-0.45837566  0.00892352],1,-1.0,[-0.4499382   0.00843746],0
25,[-0.4499382   0.00843746],1,-1.0,[-0.44204873  0.00788949],0
25,[-0.44204873  0.00788949],1,-1.0,[-0.43476477  0.00728395],0
25,[-0.43476477  0.00728395],1,-1.0,[-0.4281392   0.00662555],0
25,[-0.4281392   0.00662555],1,-1.0,[-0.42221987  0.00591935],0
25,[-0.42221987  0.00591935],1,-1.0,[-0.4170492   0.00517068],0
25,[-0.4170492   0.00517068],1,-1.0,[-0.4126641  0.0043851],0
25,[-0.4126641  0.0043851],1,-1.0,[-0.40909573  0.00356836],0
25,[-0.40909573  0.00356836],1,-1.0,[-0.40636936  0.00272638],0
25,[-0.40636936  0.00272638],1,-1.0,[-0.40450418  0.00186517],0
25,[-0.40450418  0.00186517],1,-1.0,[-0.40351334  0.00099084],0
25,[-0.40351334  0.00099084],1,-1.0,[-4.0340379e-01  1.0955635e-04],0
25,[-4.0340379e-01  1.0955635e-04],1,-1.0,[-0.4041763 -0.0007725],0
25,[-0.4041763 -0.0007725],1,-1.0,[-0.4058254  -0.00164913],0
25,[-0.4058254  -0.00164913],1,-1.0,[-0.4083396  -0.00251417],0
25,[-0.4083396  -0.00251417],1,-1.0,[-0.41170105 -0.00336149],0
25,[-0.41170105 -0.00336149],1,-1.0,[-0.4158861  -0.00418505],0
25,[-0.4158861  -0.00418505],1,-1.0,[-0.42086503 -0.0049789 ],0
25,[-0.42086503 -0.0049789 ],1,-1.0,[-0.42660227 -0.00573727],0
25,[-0.42660227 -0.00573727],1,-1.0,[-0.4330568  -0.00645452],0
25,[-0.4330568  -0.00645452],1,-1.0,[-0.44018206 -0.00712526],0
25,[-0.44018206 -0.00712526],1,-1.0,[-0.44792643 -0.00774438],0
25,[-0.44792643 -0.00774438],1,-1.0,[-0.4562335  -0.00830706],0
25,[-0.4562335  -0.00830706],1,-1.0,[-0.46504238 -0.00880887],0
25,[-0.46504238 -0.00880887],1,-1.0,[-0.47428817 -0.00924578],0
25,[-0.47428817 -0.00924578],1,-1.0,[-0.48390242 -0.00961427],0
25,[-0.48390242 -0.00961427],1,-1.0,[-0.4938137  -0.00991129],0
25,[-0.4938137  -0.00991129],1,-1.0,[-0.5039481  -0.01013438],0
25,[-0.5039481  -0.01013438],1,-1.0,[-0.5142298  -0.01028167],0
25,[-0.5142298  -0.01028167],1,-1.0,[-0.5245817  -0.01035193],0
25,[-0.5245817  -0.01035193],1,-1.0,[-0.53492624 -0.01034456],0
25,[-0.53492624 -0.01034456],1,-1.0,[-0.54518586 -0.01025962],0
25,[-0.54518586 -0.01025962],1,-1.0,[-0.55528367 -0.01009783],0
25,[-0.55528367 -0.01009783],1,-1.0,[-0.56514424 -0.00986055],0
25,[-0.56514424 -0.00986055],1,-1.0,[-0.574694   -0.00954976],0
25,[-0.574694   -0.00954976],1,-1.0,[-0.58386207 -0.00916805],0
25,[-0.58386207 -0.00916805],1,-1.0,[-0.59258056 -0.00871853],0
25,[-0.59258056 -0.00871853],1,-1.0,[-0.60078543 -0.00820485],0
25,[-0.60078543 -0.00820485],1,-1.0,[-0.60841656 -0.00763111],0
25,[-0.60841656 -0.00763111],1,-1.0,[-0.6154184  -0.00700182],0
25,[-0.6154184  -0.00700182],1,-1.0,[-0.6217402  -0.00632185],0
25,[-0.6217402  -0.00632185],1,-1.0,[-0.6273366  -0.00559638],0
25,[-0.6273366  -0.00559638],1,-1.0,[-0.63216746 -0.00483084],0
25,[-0.63216746 -0.00483084],1,-1.0,[-0.63619834 -0.0040309 ],0
25,[-0.63619834 -0.0040309 ],1,-1.0,[-0.6394007  -0.00320237],0
25,[-0.6394007  -0.00320237],1,-1.0,[-0.64175195 -0.00235122],0
25,[-0.64175195 -0.00235122],1,-1.0,[-0.64323545 -0.00148351],0
25,[-0.64323545 -0.00148351],1,-1.0,[-6.4384085e-01 -6.0537882e-04],0
25,[-6.4384085e-01 -6.0537882e-04],1,-1.0,[-6.435638e-01  2.770056e-04],0
25,[-6.435638e-01  2.770056e-04],1,-1.0,[-0.6424064   0.00115745],0
25,[-0.6424064   0.00115745],1,-1.0,[-0.6403766   0.00202976],0
25,[-0.6403766   0.00202976],1,-1.0,[-0.63748884  0.00288778],0
25,[-0.63748884  0.00288778],1,-1.0,[-0.63376343  0.00372544],0
25,[-0.63376343  0.00372544],1,-1.0,[-0.6292267   0.00453671],0
25,[-0.6292267   0.00453671],1,-1.0,[-0.62391096  0.00531573],0
25,[-0.62391096  0.00531573],1,-1.0,[-0.6178542   0.00605677],0
25,[-0.6178542   0.00605677],1,-1.0,[-0.6110999  0.0067543],0
25,[-0.6110999  0.0067543],1,-1.0,[-0.6036968   0.00740305],0
25,[-0.6036968   0.00740305],1,-1.0,[-0.59569883  0.00799802],0
25,[-0.59569883  0.00799802],1,-1.0,[-0.5871643   0.00853456],0
25,[-0.5871643   0.00853456],1,-1.0,[-0.5781559   0.00900842],0
25,[-0.5781559   0.00900842],1,-1.0,[-0.56874007  0.00941577],0
25,[-0.56874007  0.00941577],1,-1.0,[-0.5589868  0.0097533],0
25,[-0.5589868  0.0097533],1,-1.0,[-0.54896855  0.01001821],0
25,[-0.54896855  0.01001821],1,-1.0,[-0.53876024  0.0102083 ],0
25,[-0.53876024  0.0102083 ],1,-1.0,[-0.52843827  0.01032197],0
25,[-0.52843827  0.01032197],1,-1.0,[-0.51808006  0.01035827],0
25,[-0.51808006  0.01035827],1,-1.0,[-0.50776315  0.01031688],0
25,[-0.50776315  0.01031688],1,-1.0,[-0.497565    0.01019816],0
25,[-0.497565    0.01019816],1,-1.0,[-0.48756188  0.0100031 ],0
25,[-0.48756188  0.0100031 ],1,-1.0,[-0.47782853  0.00973335],0
25,[-0.47782853  0.00973335],1,-1.0,[-0.4684374   0.00939115],0
25,[-0.4684374   0.00939115],1,-1.0,[-0.45945805  0.00897933],0
25,[-0.45945805  0.00897933],1,-1.0,[-0.45095682  0.00850123],0
25,[-0.45095682  0.00850123],1,-1.0,[-0.4429961   0.00796072],0
25,[-0.4429961   0.00796072],1,-1.0,[-0.43563402  0.00736208],0
25,[-0.43563402  0.00736208],1,-1.0,[-0.42892405  0.00670997],0
25,[-0.42892405  0.00670997],1,-1.0,[-0.42291465  0.00600942],0
25,[-0.42291465  0.00600942],1,-1.0,[-0.4176489   0.00526572],0
25,[-0.4176489   0.00526572],1,-1.0,[-0.41316453  0.00448441],0
25,[-0.41316453  0.00448441],1,-1.0,[-0.4094933   0.00367122],0
25,[-0.4094933   0.00367122],1,-1.0,[-0.40666124  0.00283204],0
25,[-0.40666124  0.00283204],1,-1.0,[-0.40468836  0.00197289],0
25,[-0.40468836  0.00197289],1,-1.0,[-0.4035885   0.00109986],0
25,[-0.4035885   0.00109986],1,-1.0,[-4.0336940e-01  2.1910085e-04],0
25,[-4.0336940e-01  2.1910085e-04],1,-1.0,[-0.4040326  -0.00066319],0
25,[-0.4040326  -0.00066319],1,-1.0,[-0.40557343 -0.00154083],0
25,[-0.40557343 -0.00154083],1,-1.0,[-0.40798107 -0.00240764],0
25,[-0.40798107 -0.00240764],1,-1.0,[-0.41123858 -0.00325749],0
25,[-0.41123858 -0.00325749],1,-1.0,[-0.4153229  -0.00408433],0
25,[-0.4153229  -0.00408433],1,-1.0,[-0.4202051  -0.00488219],0
25,[-0.4202051  -0.00488219],1,-1.0,[-0.42585036 -0.00564527],0
25,[-0.42585036 -0.00564527],1,-1.0,[-0.43221828 -0.00636792],0
25,[-0.43221828 -0.00636792],1,-1.0,[-0.439263   -0.00704472],0
25,[-0.439263   -0.00704472],1,-1.0,[-0.4469335  -0.00767051],0
25,[-0.4469335  -0.00767051],1,-1.0,[-0.45517397 -0.00824045],0
25,[-0.45517397 -0.00824045],1,-1.0,[-0.463924   -0.00875004],0
25,[-0.463924   -0.00875004],1,-1.0,[-0.4731192  -0.00919521],0
25,[-0.4731192  -0.00919521],1,-1.0,[-0.48269156 -0.00957236],0
25,[-0.48269156 -0.00957236],1,-1.0,[-0.49256995 -0.0098784 ],0
25,[-0.49256995 -0.0098784 ],1,-1.0,[-0.5026807  -0.01011078],0
25,[-0.5026807  -0.01011078],1,-1.0,[-0.5129483  -0.01026756],0
25,[-0.5129483  -0.01026756],1,-1.0,[-0.5232957  -0.01034742],0
25,[-0.5232957  -0.01034742],1,-1.0,[-0.5336454 -0.0103497],0
25,[-0.5336454 -0.0103497],1,-1.0,[-0.5439198  -0.01027436],0
25,[-0.5439198  -0.01027436],1,-1.0,[-0.5540418  -0.01012204],0
25,[-0.5540418  -0.01012204],1,-1.0,[-0.5639359  -0.00989404],0
25,[-0.5639359  -0.00989404],1,-1.0,[-0.5735281  -0.00959225],0
25,[-0.5735281  -0.00959225],1,-1.0,[-0.5827473  -0.00921918],0
25,[-0.5827473  -0.00921918],1,-1.0,[-0.5915252  -0.00877789],0
25,[-0.5915252  -0.00877789],1,-1.0,[-0.5997971  -0.00827196],0
25,[-0.5997971  -0.00827196],1,-1.0,[-0.6075026  -0.00770544],0
25,[-0.6075026  -0.00770544],1,-1.0,[-0.61458534 -0.00708278],0
25,[-0.61458534 -0.00708278],1,-1.0,[-0.62099415 -0.00640882],0
25,[-0.62099415 -0.00640882],1,-1.0,[-0.6266829  -0.00568871],0
25,[-0.6266829  -0.00568871],1,-1.0,[-0.63161075 -0.00492784],0
25,[-0.63161075 -0.00492784],1,-1.0,[-0.6357426  -0.00413185],0
25,[-0.6357426  -0.00413185],1,-1.0,[-0.6390491  -0.00330655],0
25,[-0.6390491  -0.00330655],1,-1.0,[-0.641507   -0.00245788],0
25,[-0.641507   -0.00245788],1,-1.0,[-0.6430989 -0.0015919],0
25,[-0.6430989 -0.0015919],1,-1.0,[-0.6438136  -0.00071472],0
25,[-0.6438136  -0.00071472],1,-1.0,[-6.4364618e-01  1.6747214e-04],0
25,[-6.4364618e-01  1.6747214e-04],1,-1.0,[-0.6425977   0.00104849],0
25,[-0.6425977   0.00104849],1,-1.0,[-0.64067554  0.00192215],0
25,[-0.64067554  0.00192215],1,-1.0,[-0.63789326  0.00278228],0
25,[-0.63789326  0.00278228],1,-1.0,[-0.6342705   0.00362279],0
25,[-0.6342705   0.00362279],1,-1.0,[-0.6298328   0.00443766],0
25,[-0.6298328   0.00443766],1,-1.0,[-0.6246118  0.005221 ],0
25,[-0.6246118  0.005221 ],1,-1.0,[-0.6186448   0.00596705],0
25,[-0.6186448   0.00596705],1,-1.0,[-0.6119745   0.00667028],0
25,[-0.6119745   0.00667028],1,-1.0,[-0.6046491   0.00732536],0
25,[-0.6046491   0.00732536],1,-1.0,[-0.5967219   0.00792726],0
25,[-0.5967219   0.00792726],1,-1.0,[-0.5882506  0.0084713],0
25,[-0.5882506  0.0084713],1,-1.0,[-0.5792974   0.00895315],0
25,[-0.5792974   0.00895315],1,-1.0,[-0.56992847  0.00936895],0
25,[-0.56992847  0.00936895],1,-1.0,[-0.56021315  0.0097153 ],0
25,[-0.56021315  0.0097153 ],1,-1.0,[-0.5502238   0.00998936],0
25,[-0.5502238   0.00998936],1,-1.0,[-0.54003495  0.01018884],0
25,[-0.54003495  0.01018884],1,-1.0,[-0.5297229   0.01031206],1
26,"(array([-0.4908269,  0.       ], dtype=float32), {})",1,-1.0,[-4.9107230e-01 -2.4539317e-04],0
26,[-4.9107230e-01 -2.4539317e-04],1,-1.0,[-4.9156126e-01 -4.8895471e-04],0
26,[-4.9156126e-01 -4.8895471e-04],1,-1.0,[-0.49229014 -0.00072887],0
26,[-0.49229014 -0.00072887],1,-1.0,[-0.49325347 -0.00096334],0
26,[-0.49325347 -0.00096334],1,-1.0,[-0.49444407 -0.00119061],0
26,[-0.49444407 -0.00119061],1,-1.0,[-0.49585307 -0.00140899],0
26,[-0.49585307 -0.00140899],1,-1.0,[-0.49746993 -0.00161685],0
26,[-0.49746993 -0.00161685],1,-1.0,[-0.49928254 -0.00181261],0
26,[-0.49928254 -0.00181261],1,-1.0,[-0.5012773  -0.00199482],0
26,[-0.5012773  -0.00199482],1,-1.0,[-0.5034395  -0.00216211],0
26,[-0.5034395  -0.00216211],1,-1.0,[-0.5057527  -0.00231321],0
26,[-0.5057527  -0.00231321],1,-1.0,[-0.50819963 -0.00244699],0
26,[-0.50819963 -0.00244699],1,-1.0,[-0.5107621  -0.00256244],0
26,[-0.5107621  -0.00256244],1,-1.0,[-0.5134208 -0.0026587],0
26,[-0.5134208 -0.0026587],1,-1.0,[-0.51615584 -0.00273502],0
26,[-0.51615584 -0.00273502],1,-1.0,[-0.51894665 -0.00279084],0
26,[-0.51894665 -0.00279084],1,-1.0,[-0.5217724  -0.00282573],0
26,[-0.5217724  -0.00282573],1,-1.0,[-0.52461183 -0.00283942],0
26,[-0.52461183 -0.00283942],1,-1.0,[-0.52744365 -0.00283183],0
26,[-0.52744365 -0.00283183],1,-1.0,[-0.5302466  -0.00280299],0
26,[-0.5302466  -0.00280299],1,-1.0,[-0.53299975 -0.00275313],0
26,[-0.53299975 -0.00275313],1,-1.0,[-0.5356824  -0.00268264],0
26,[-0.5356824  -0.00268264],1,-1.0,[-0.5382744  -0.00259203],0
26,[-0.5382744  -0.00259203],1,-1.0,[-0.5407564 -0.002482 ],0
26,[-0.5407564 -0.002482 ],1,-1.0,[-0.5431098  -0.00235337],0
26,[-0.5431098  -0.00235337],1,-1.0,[-0.54531693 -0.00220712],0
26,[-0.54531693 -0.00220712],1,-1.0,[-0.54736125 -0.00204435],0
26,[-0.54736125 -0.00204435],1,-1.0,[-0.54922754 -0.00186628],0
26,[-0.54922754 -0.00186628],1,-1.0,[-0.55090183 -0.00167426],0
26,[-0.55090183 -0.00167426],1,-1.0,[-0.5523715  -0.00146971],0
26,[-0.5523715  -0.00146971],1,-1.0,[-0.5536257  -0.00125419],0
26,[-0.5536257  -0.00125419],1,-1.0,[-0.554655   -0.00102929],0
26,[-0.554655   -0.00102929],1,-1.0,[-0.5554517 -0.0007967],0
26,[-0.5554517 -0.0007967],1,-1.0,[-0.5560099  -0.00055817],0
26,[-0.5560099  -0.00055817],1,-1.0,[-5.5632532e-01 -3.1547018e-04],0
26,[-5.5632532e-01 -3.1547018e-04],1,-1.0,[-5.5639577e-01 -7.0415088e-05],0
26,[-5.5639577e-01 -7.0415088e-05],1,-1.0,[-5.5622059e-01  1.7516558e-04],0
26,[-5.5622059e-01  1.7516558e-04],1,-1.0,[-5.5580115e-01  4.1943882e-04],0
26,[-5.5580115e-01  4.1943882e-04],1,-1.0,[-0.55514055  0.00066058],0
26,[-0.55514055  0.00066058],1,-1.0,[-0.5542438   0.00089679],0
26,[-0.5542438   0.00089679],1,-1.0,[-0.55311745  0.00112631],0
26,[-0.55311745  0.00112631],1,-1.0,[-0.5517701   0.00134741],0
26,[-0.5517701   0.00134741],1,-1.0,[-0.5502116   0.00155844],0
26,[-0.5502116   0.00155844],1,-1.0,[-0.5484538   0.00175782],0
26,[-0.5484538   0.00175782],1,-1.0,[-0.54650974  0.00194406],0
26,[-0.54650974  0.00194406],1,-1.0,[-0.54439396  0.00211576],0
26,[-0.54439396  0.00211576],1,-1.0,[-0.54212236  0.00227162],0
26,[-0.54212236  0.00227162],1,-1.0,[-0.5397119   0.00241048],0
26,[-0.5397119   0.00241048],1,-1.0,[-0.5371806   0.00253128],0
26,[-0.5371806   0.00253128],1,-1.0,[-0.53454745  0.00263312],0
26,[-0.53454745  0.00263312],1,-1.0,[-0.5318323   0.00271522],0
26,[-0.5318323   0.00271522],1,-1.0,[-0.5290553   0.00277696],0
26,[-0.5290553   0.00277696],1,-1.0,[-0.5262374   0.00281788],0
26,[-0.5262374   0.00281788],1,-1.0,[-0.5233998   0.00283767],0
26,[-0.5233998   0.00283767],1,-1.0,[-0.52056354  0.00283618],0
26,[-0.52056354  0.00283618],1,-1.0,[-0.51775014  0.00281342],0
26,[-0.51775014  0.00281342],1,-1.0,[-0.5149806   0.00276955],0
26,[-0.5149806   0.00276955],1,-1.0,[-0.5122757   0.00270492],0
26,[-0.5122757   0.00270492],1,-1.0,[-0.50965565  0.00262002],0
26,[-0.50965565  0.00262002],1,-1.0,[-0.50714016  0.00251548],0
26,[-0.50714016  0.00251548],1,-1.0,[-0.5047481   0.00239209],0
26,[-0.5047481   0.00239209],1,-1.0,[-0.5024973   0.00225078],0
26,[-0.5024973   0.00225078],1,-1.0,[-0.50040466  0.00209263],0
26,[-0.50040466  0.00209263],1,-1.0,[-0.49848586  0.00191881],0
26,[-0.49848586  0.00191881],1,-1.0,[-0.49675524  0.00173064],0
26,[-0.49675524  0.00173064],1,-1.0,[-0.4952257   0.00152953],0
26,[-0.4952257   0.00152953],1,-1.0,[-0.4939087   0.00131699],0
26,[-0.4939087   0.00131699],1,-1.0,[-0.4928141   0.00109461],0
26,[-0.4928141   0.00109461],1,-1.0,[-0.49195004  0.00086405],0
26,[-0.49195004  0.00086405],1,-1.0,[-0.491323    0.00062704],0
26,[-0.491323    0.00062704],1,-1.0,[-4.9093765e-01  3.8535366e-04],0
26,[-4.9093765e-01  3.8535366e-04],1,-1.0,[-4.9079686e-01  1.4078697e-04],0
26,[-4.9079686e-01  1.4078697e-04],1,-1.0,[-4.90901679e-01 -1.04830535e-04],0
26,[-4.90901679e-01 -1.04830535e-04],1,-1.0,[-4.9125135e-01 -3.4966561e-04],0
26,[-4.9125135e-01 -3.4966561e-04],1,-1.0,[-0.49184325 -0.00059189],0
26,[-0.49184325 -0.00059189],1,-1.0,[-0.49267295 -0.0008297 ],0
26,[-0.49267295 -0.0008297 ],1,-1.0,[-0.49373424 -0.00106131],0
26,[-0.49373424 -0.00106131],1,-1.0,[-0.49501926 -0.00128499],0
26,[-0.49501926 -0.00128499],1,-1.0,[-0.4965183  -0.00149908],0
26,[-0.4965183  -0.00149908],1,-1.0,[-0.49822026 -0.00170196],0
26,[-0.49822026 -0.00170196],1,-1.0,[-0.5001124  -0.00189211],0
26,[-0.5001124  -0.00189211],1,-1.0,[-0.5021805  -0.00206811],0
26,[-0.5021805  -0.00206811],1,-1.0,[-0.50440913 -0.00222864],0
26,[-0.50440913 -0.00222864],1,-1.0,[-0.50678164 -0.00237248],0
26,[-0.50678164 -0.00237248],1,-1.0,[-0.5092802  -0.00249856],0
26,[-0.5092802  -0.00249856],1,-1.0,[-0.5118861  -0.00260591],0
26,[-0.5118861  -0.00260591],1,-1.0,[-0.51457983 -0.00269374],0
26,[-0.51457983 -0.00269374],1,-1.0,[-0.5173412  -0.00276138],0
26,[-0.5173412  -0.00276138],1,-1.0,[-0.5201495 -0.0028083],0
26,[-0.5201495 -0.0028083],1,-1.0,[-0.5229837  -0.00283417],0
26,[-0.5229837  -0.00283417],1,-1.0,[-0.52582246 -0.00283879],0
26,[-0.52582246 -0.00283879],1,-1.0,[-0.52864456 -0.00282211],0
26,[-0.52864456 -0.00282211],1,-1.0,[-0.5314289  -0.00278427],0
26,[-0.5314289  -0.00278427],1,-1.0,[-0.5341544  -0.00272555],0
26,[-0.5341544  -0.00272555],1,-1.0,[-0.5368008  -0.00264639],0
26,[-0.5368008  -0.00264639],1,-1.0,[-0.5393482 -0.0025474],0
26,[-0.5393482 -0.0025474],1,-1.0,[-0.54177755 -0.00242933],0
26,[-0.54177755 -0.00242933],1,-1.0,[-0.5440706  -0.00229305],0
26,[-0.5440706  -0.00229305],1,-1.0,[-0.54621017 -0.00213961],0
26,[-0.54621017 -0.00213961],1,-1.0,[-0.54818034 -0.00197016],0
26,[-0.54818034 -0.00197016],1,-1.0,[-0.5499663  -0.00178596],0
26,[-0.5499663  -0.00178596],1,-1.0,[-0.55155474 -0.00158841],0
26,[-0.55155474 -0.00158841],1,-1.0,[-0.5529337  -0.00137899],0
26,[-0.5529337  -0.00137899],1,-1.0,[-0.55409294 -0.00115926],0
26,[-0.55409294 -0.00115926],1,-1.0,[-0.55502385 -0.00093087],0
26,[-0.55502385 -0.00093087],1,-1.0,[-0.5557194  -0.00069553],0
26,[-0.5557194  -0.00069553],1,-1.0,[-5.5617434e-01 -4.5500070e-04],0
26,[-5.5617434e-01 -4.5500070e-04],1,-1.0,[-5.5638546e-01 -2.1107249e-04],0
26,[-5.5638546e-01 -2.1107249e-04],1,-1.0,[-5.5635101e-01  3.4431177e-05],0
26,[-5.5635101e-01  3.4431177e-05],1,-1.0,[-5.5607134e-01  2.7967786e-04],0
26,[-5.5607134e-01  2.7967786e-04],1,-1.0,[-5.555485e-01  5.228370e-04],0
26,[-5.555485e-01  5.228370e-04],1,-1.0,[-0.5547864   0.00076209],0
26,[-0.5547864   0.00076209],1,-1.0,[-0.55379075  0.00099566],0
26,[-0.55379075  0.00099566],1,-1.0,[-0.552569    0.00122179],0
26,[-0.552569    0.00122179],1,-1.0,[-0.5511302   0.00143879],0
26,[-0.5511302   0.00143879],1,-1.0,[-0.5494851   0.00164504],0
26,[-0.5494851   0.00164504],1,-1.0,[-0.5476461  0.001839 ],0
26,[-0.5476461  0.001839 ],1,-1.0,[-0.54562694  0.00201919],0
26,[-0.54562694  0.00201919],1,-1.0,[-0.54344267  0.00218429],0
26,[-0.54344267  0.00218429],1,-1.0,[-0.5411096   0.00233303],0
26,[-0.5411096   0.00233303],1,-1.0,[-0.5386453  0.0024643],0
26,[-0.5386453  0.0024643],1,-1.0,[-0.5360682   0.00257711],0
26,[-0.5360682   0.00257711],1,-1.0,[-0.5333976   0.00267061],0
26,[-0.5333976   0.00267061],1,-1.0,[-0.53065354  0.00274409],0
26,[-0.53065354  0.00274409],1,-1.0,[-0.5278565   0.00279699],0
26,[-0.5278565   0.00279699],1,-1.0,[-0.5250276   0.00282893],0
26,[-0.5250276   0.00282893],1,-1.0,[-0.52218795  0.00283964],0
26,[-0.52218795  0.00283964],1,-1.0,[-0.5193589   0.00282906],0
26,[-0.5193589   0.00282906],1,-1.0,[-0.5165616   0.00279726],0
26,[-0.5165616   0.00279726],1,-1.0,[-0.51381713  0.00274449],0
26,[-0.51381713  0.00274449],1,-1.0,[-0.511146    0.00267114],0
26,[-0.511146    0.00267114],1,-1.0,[-0.5085682   0.00257776],0
26,[-0.5085682   0.00257776],1,-1.0,[-0.50610316  0.00246507],0
26,[-0.50610316  0.00246507],1,-1.0,[-0.5037693   0.00233391],0
26,[-0.5037693   0.00233391],1,-1.0,[-0.501584    0.00218528],0
26,[-0.501584    0.00218528],1,-1.0,[-0.4995637   0.00202029],0
26,[-0.4995637   0.00202029],1,-1.0,[-0.4977235   0.00184018],0
26,[-0.4977235   0.00184018],1,-1.0,[-0.49607718  0.00164631],0
26,[-0.49607718  0.00164631],1,-1.0,[-0.49463704  0.00144014],0
26,[-0.49463704  0.00144014],1,-1.0,[-0.49341387  0.0012232 ],0
26,[-0.49341387  0.0012232 ],1,-1.0,[-0.49241674  0.00099712],0
26,[-0.49241674  0.00099712],1,-1.0,[-0.49165314  0.00076359],0
26,[-0.49165314  0.00076359],1,-1.0,[-0.49112877  0.00052437],0
26,[-0.49112877  0.00052437],1,-1.0,[-4.9084756e-01  2.8122851e-04],0
26,[-4.9084756e-01  2.8122851e-04],1,-1.0,[-4.9081156e-01  3.5989306e-05],0
26,[-4.9081156e-01  3.5989306e-05],1,-1.0,[-4.9102107e-01 -2.0951850e-04],0
26,[-4.9102107e-01 -2.0951850e-04],1,-1.0,[-4.9147454e-01 -4.5346247e-04],0
26,[-4.9147454e-01 -4.5346247e-04],1,-1.0,[-0.49216855 -0.00069402],0
26,[-0.49216855 -0.00069402],1,-1.0,[-0.49309796 -0.0009294 ],0
26,[-0.49309796 -0.0009294 ],1,-1.0,[-0.49425578 -0.00115784],0
26,[-0.49425578 -0.00115784],1,-1.0,[-0.49563342 -0.00137762],0
26,[-0.49563342 -0.00137762],1,-1.0,[-0.49722055 -0.00158712],0
26,[-0.49722055 -0.00158712],1,-1.0,[-0.4990053  -0.00178475],0
26,[-0.4990053  -0.00178475],1,-1.0,[-0.5009743  -0.00196903],0
26,[-0.5009743  -0.00196903],1,-1.0,[-0.5031129  -0.00213859],0
26,[-0.5031129  -0.00213859],1,-1.0,[-0.505405   -0.00229213],0
26,[-0.505405   -0.00229213],1,-1.0,[-0.50783354 -0.00242852],0
26,[-0.50783354 -0.00242852],1,-1.0,[-0.51038027 -0.00254671],0
26,[-0.51038027 -0.00254671],1,-1.0,[-0.5130261  -0.00264583],0
26,[-0.5130261  -0.00264583],1,-1.0,[-0.5157512  -0.00272511],0
26,[-0.5157512  -0.00272511],1,-1.0,[-0.51853514 -0.00278396],0
26,[-0.51853514 -0.00278396],1,-1.0,[-0.5213571  -0.00282194],0
26,[-0.5213571  -0.00282194],1,-1.0,[-0.52419585 -0.00283875],0
26,[-0.52419585 -0.00283875],1,-1.0,[-0.5270301  -0.00283427],0
26,[-0.5270301  -0.00283427],1,-1.0,[-0.5298386  -0.00280854],0
26,[-0.5298386  -0.00280854],1,-1.0,[-0.5326004  -0.00276174],0
26,[-0.5326004  -0.00276174],1,-1.0,[-0.53529465 -0.00269423],0
26,[-0.53529465 -0.00269423],1,-1.0,[-0.53790116 -0.00260653],0
26,[-0.53790116 -0.00260653],1,-1.0,[-0.54040045 -0.0024993 ],0
26,[-0.54040045 -0.0024993 ],1,-1.0,[-0.5427738  -0.00237334],0
26,[-0.5427738  -0.00237334],1,-1.0,[-0.5450034  -0.00222961],0
26,[-0.5450034  -0.00222961],1,-1.0,[-0.5470726  -0.00206918],0
26,[-0.5470726  -0.00206918],1,-1.0,[-0.5489659  -0.00189327],0
26,[-0.5489659  -0.00189327],1,-1.0,[-0.5506691 -0.0017032],0
26,[-0.5506691 -0.0017032],1,-1.0,[-0.55216944 -0.0015004 ],0
26,[-0.55216944 -0.0015004 ],1,-1.0,[-0.5534558  -0.00128638],0
26,[-0.5534558  -0.00128638],1,-1.0,[-0.5545186  -0.00106275],0
26,[-0.5545186  -0.00106275],1,-1.0,[-0.55534977 -0.00083119],0
26,[-0.55534977 -0.00083119],1,-1.0,[-0.5559432  -0.00059341],0
26,[-0.5559432  -0.00059341],1,-1.0,[-5.5629444e-01 -3.5121199e-04],0
26,[-5.5629444e-01 -3.5121199e-04],1,-1.0,[-5.5640078e-01 -1.0638771e-04],0
26,[-5.5640078e-01 -1.0638771e-04],1,-1.0,[-5.5626160e-01  1.3923061e-04],0
26,[-5.5626160e-01  1.3923061e-04],1,-1.0,[-5.5587775e-01  3.8380973e-04],0
26,[-5.5587775e-01  3.8380973e-04],1,-1.0,[-0.55525225  0.00062552],0
26,[-0.55525225  0.00062552],1,-1.0,[-0.55438966  0.00086257],0
26,[-0.55438966  0.00086257],1,-1.0,[-0.5532965   0.00109317],0
26,[-0.5532965   0.00109317],1,-1.0,[-0.5519809   0.00131561],0
26,[-0.5519809   0.00131561],1,-1.0,[-0.55045265  0.00152822],0
26,[-0.55045265  0.00152822],1,-1.0,[-0.5487233   0.00172941],0
26,[-0.5487233   0.00172941],1,-1.0,[-0.5468056   0.00191766],0
26,[-0.5468056   0.00191766],1,-1.0,[-0.54471403  0.00209157],0
26,[-0.54471403  0.00209157],1,-1.0,[-0.5424642   0.00224983],0
26,[-0.5424642   0.00224983],1,-1.0,[-0.540073    0.00239124],0
26,[-0.540073    0.00239124],1,-1.0,[-0.5375582   0.00251475],0
26,[-0.5375582   0.00251475],1,-1.0,[-0.5349388   0.00261942],0
26,[-0.5349388   0.00261942],1,-1.0,[-0.5322343   0.00270445],0
26,[-0.5322343   0.00270445],1,-1.0,[-0.52946514  0.00276921],0
26,[-0.52946514  0.00276921],1,-1.0,[-0.5266519  0.0028132],0
26,[-0.5266519  0.0028132],1,-1.0,[-0.5238158  0.0028361],0
26,[-0.5238158  0.0028361],1,-1.0,[-0.5209781   0.00283773],1
27,"(array([-0.43737966,  0.        ], dtype=float32), {})",1,-1.0,[-0.4380191  -0.00063946],0
27,[-0.4380191  -0.00063946],1,-1.0,[-0.43929338 -0.00127428],0
27,[-0.43929338 -0.00127428],1,-1.0,[-0.44119322 -0.00189985],0
27,[-0.44119322 -0.00189985],1,-1.0,[-0.44370484 -0.00251161],0
27,[-0.44370484 -0.00251161],1,-1.0,[-0.44680995 -0.0031051 ],0
27,[-0.44680995 -0.0031051 ],1,-1.0,[-0.4504859  -0.00367593],0
27,[-0.4504859  -0.00367593],1,-1.0,[-0.45470577 -0.00421989],0
27,[-0.45470577 -0.00421989],1,-1.0,[-0.45943868 -0.00473292],0
27,[-0.45943868 -0.00473292],1,-1.0,[-0.46464986 -0.00521115],0
27,[-0.46464986 -0.00521115],1,-1.0,[-0.47030082 -0.00565097],0
27,[-0.47030082 -0.00565097],1,-1.0,[-0.47634983 -0.006049  ],0
27,[-0.47634983 -0.006049  ],1,-1.0,[-0.482752   -0.00640219],0
27,[-0.482752   -0.00640219],1,-1.0,[-0.48945978 -0.00670777],0
27,[-0.48945978 -0.00670777],1,-1.0,[-0.49642316 -0.00696337],0
27,[-0.49642316 -0.00696337],1,-1.0,[-0.5035901  -0.00716696],0
27,[-0.5035901  -0.00716696],1,-1.0,[-0.51090705 -0.00731693],0
27,[-0.51090705 -0.00731693],1,-1.0,[-0.51831913 -0.0074121 ],0
27,[-0.51831913 -0.0074121 ],1,-1.0,[-0.52577084 -0.00745169],0
27,[-0.52577084 -0.00745169],1,-1.0,[-0.5332062 -0.0074354],0
27,[-0.5332062 -0.0074354],1,-1.0,[-0.5405696  -0.00736336],0
27,[-0.5405696  -0.00736336],1,-1.0,[-0.5478057  -0.00723613],0
27,[-0.5478057  -0.00723613],1,-1.0,[-0.5548605  -0.00705474],0
27,[-0.5548605  -0.00705474],1,-1.0,[-0.5616811  -0.00682062],0
27,[-0.5616811  -0.00682062],1,-1.0,[-0.5682167  -0.00653562],0
27,[-0.5682167  -0.00653562],1,-1.0,[-0.57441866 -0.00620199],0
27,[-0.57441866 -0.00620199],1,-1.0,[-0.580241   -0.00582231],0
27,[-0.580241   -0.00582231],1,-1.0,[-0.58564055 -0.00539954],0
27,[-0.58564055 -0.00539954],1,-1.0,[-0.5905774  -0.00493691],0
27,[-0.5905774  -0.00493691],1,-1.0,[-0.5950154  -0.00443794],0
27,[-0.5950154  -0.00443794],1,-1.0,[-0.5989218 -0.0039064],0
27,[-0.5989218 -0.0039064],1,-1.0,[-0.60226804 -0.00334628],0
27,[-0.60226804 -0.00334628],1,-1.0,[-0.60502976 -0.00276172],0
27,[-0.60502976 -0.00276172],1,-1.0,[-0.60718685 -0.00215704],0
27,[-0.60718685 -0.00215704],1,-1.0,[-0.6087235  -0.00153668],0
27,[-0.6087235  -0.00153668],1,-1.0,[-0.6096287  -0.00090516],0
27,[-0.6096287  -0.00090516],1,-1.0,[-6.0989577e-01 -2.6707884e-04],0
27,[-6.0989577e-01 -2.6707884e-04],1,-1.0,[-6.0952282e-01  3.7294265e-04],0
27,[-6.0952282e-01  3.7294265e-04],1,-1.0,[-0.6085125   0.00101026],0
27,[-0.6085125   0.00101026],1,-1.0,[-0.6068723   0.00164025],0
27,[-0.6068723   0.00164025],1,-1.0,[-0.60461396  0.00225832],0
27,[-0.60461396  0.00225832],1,-1.0,[-0.601754    0.00285997],0
27,[-0.601754    0.00285997],1,-1.0,[-0.5983132   0.00344078],0
27,[-0.5983132   0.00344078],1,-1.0,[-0.5943168   0.00399646],0
27,[-0.5943168   0.00399646],1,-1.0,[-0.58979386  0.00452287],0
27,[-0.58979386  0.00452287],1,-1.0,[-0.58477783  0.00501608],0
27,[-0.58477783  0.00501608],1,-1.0,[-0.57930547  0.00547235],0
27,[-0.57930547  0.00547235],1,-1.0,[-0.57341725  0.00588821],0
27,[-0.57341725  0.00588821],1,-1.0,[-0.5671568   0.00626046],0
27,[-0.5671568   0.00626046],1,-1.0,[-0.5605706   0.00658621],0
27,[-0.5605706   0.00658621],1,-1.0,[-0.55370766  0.00686294],0
27,[-0.55370766  0.00686294],1,-1.0,[-0.5466192   0.00708844],0
27,[-0.5466192   0.00708844],1,-1.0,[-0.53935826  0.00726096],0
27,[-0.53935826  0.00726096],1,-1.0,[-0.53197914  0.00737911],0
27,[-0.53197914  0.00737911],1,-1.0,[-0.52453715  0.00744196],0
27,[-0.52453715  0.00744196],1,-1.0,[-0.5170882  0.007449 ],0
27,[-0.5170882  0.007449 ],1,-1.0,[-0.509688    0.00740017],0
27,[-0.509688    0.00740017],1,-1.0,[-0.5023921   0.00729587],0
27,[-0.5023921   0.00729587],1,-1.0,[-0.4952552   0.00713693],0
27,[-0.4952552   0.00713693],1,-1.0,[-0.4883306   0.00692461],0
27,[-0.4883306   0.00692461],1,-1.0,[-0.48167     0.00666059],0
27,[-0.48167     0.00666059],1,-1.0,[-0.47532305  0.00634695],0
27,[-0.47532305  0.00634695],1,-1.0,[-0.4693369   0.00598615],0
27,[-0.4693369   0.00598615],1,-1.0,[-0.46375594  0.00558098],0
27,[-0.46375594  0.00558098],1,-1.0,[-0.45862135  0.00513456],0
27,[-0.45862135  0.00513456],1,-1.0,[-0.45397106  0.00465031],0
27,[-0.45397106  0.00465031],1,-1.0,[-0.44983914  0.0041319 ],0
27,[-0.44983914  0.0041319 ],1,-1.0,[-0.44625595  0.0035832 ],0
27,[-0.44625595  0.0035832 ],1,-1.0,[-0.44324765  0.00300832],0
27,[-0.44324765  0.00300832],1,-1.0,[-0.44083613  0.00241151],0
27,[-0.44083613  0.00241151],1,-1.0,[-0.439039    0.00179714],0
27,[-0.439039    0.00179714],1,-1.0,[-0.43786925  0.00116973],0
27,[-0.43786925  0.00116973],1,-1.0,[-0.43733543  0.00053382],0
27,[-0.43733543  0.00053382],1,-1.0,[-4.3744138e-01 -1.0595725e-04],0
27,[-4.3744138e-01 -1.0595725e-04],1,-1.0,[-0.43818635 -0.00074497],0
27,[-0.43818635 -0.00074497],1,-1.0,[-0.43956494 -0.00137857],0
27,[-0.43956494 -0.00137857],1,-1.0,[-0.4415671  -0.00200217],0
27,[-0.4415671  -0.00200217],1,-1.0,[-0.4441783  -0.00261122],0
27,[-0.4441783  -0.00261122],1,-1.0,[-0.44737956 -0.00320125],0
27,[-0.44737956 -0.00320125],1,-1.0,[-0.4511475  -0.00376793],0
27,[-0.4511475  -0.00376793],1,-1.0,[-0.45545456 -0.00430704],0
27,[-0.45545456 -0.00430704],1,-1.0,[-0.46026912 -0.00481457],0
27,[-0.46026912 -0.00481457],1,-1.0,[-0.46555582 -0.00528669],0
27,[-0.46555582 -0.00528669],1,-1.0,[-0.47127563 -0.00571982],0
27,[-0.47127563 -0.00571982],1,-1.0,[-0.47738627 -0.00611063],0
27,[-0.47738627 -0.00611063],1,-1.0,[-0.48384237 -0.00645612],0
27,[-0.48384237 -0.00645612],1,-1.0,[-0.49059597 -0.00675358],0
27,[-0.49059597 -0.00675358],1,-1.0,[-0.49759665 -0.0070007 ],0
27,[-0.49759665 -0.0070007 ],1,-1.0,[-0.50479215 -0.00719552],0
27,[-0.50479215 -0.00719552],1,-1.0,[-0.51212865 -0.00733649],0
27,[-0.51212865 -0.00733649],1,-1.0,[-0.51955116 -0.0074225 ],0
27,[-0.51955116 -0.0074225 ],1,-1.0,[-0.52700406 -0.00745286],0
27,[-0.52700406 -0.00745286],1,-1.0,[-0.53443134 -0.00742732],0
27,[-0.53443134 -0.00742732],1,-1.0,[-0.54177743 -0.00734609],0
27,[-0.54177743 -0.00734609],1,-1.0,[-0.54898727 -0.00720982],0
27,[-0.54898727 -0.00720982],1,-1.0,[-0.55600685 -0.00701959],0
27,[-0.55600685 -0.00701959],1,-1.0,[-0.5627838  -0.00677691],0
27,[-0.5627838  -0.00677691],1,-1.0,[-0.56926745 -0.0064837 ],0
27,[-0.56926745 -0.0064837 ],1,-1.0,[-0.5754097  -0.00614225],0
27,[-0.5754097  -0.00614225],1,-1.0,[-0.58116496 -0.00575523],0
27,[-0.58116496 -0.00575523],1,-1.0,[-0.5864906  -0.00532563],0
27,[-0.5864906  -0.00532563],1,-1.0,[-0.59134734 -0.00485674],0
27,[-0.59134734 -0.00485674],1,-1.0,[-0.5956994  -0.00435211],0
27,[-0.5956994  -0.00435211],1,-1.0,[-0.599515   -0.00381557],0
27,[-0.599515   -0.00381557],1,-1.0,[-0.6027661 -0.0032511],0
27,[-0.6027661 -0.0032511],1,-1.0,[-0.605429   -0.00266291],0
27,[-0.605429   -0.00266291],1,-1.0,[-0.60748434 -0.00205533],0
27,[-0.60748434 -0.00205533],1,-1.0,[-0.6089172  -0.00143281],0
27,[-0.6089172  -0.00143281],1,-1.0,[-0.6097171  -0.00079989],0
27,[-0.6097171  -0.00079989],1,-1.0,[-6.0987818e-01 -1.6116194e-04],0
27,[-6.0987818e-01 -1.6116194e-04],1,-1.0,[-6.0939950e-01  4.7873237e-04],0
27,[-6.0939950e-01  4.7873237e-04],1,-1.0,[-0.6082843   0.00111516],0
27,[-0.6082843   0.00111516],1,-1.0,[-0.60654086  0.00174349],0
27,[-0.60654086  0.00174349],1,-1.0,[-0.6041817   0.00235915],0
27,[-0.6041817   0.00235915],1,-1.0,[-0.601224    0.00295765],0
27,[-0.601224    0.00295765],1,-1.0,[-0.59768945  0.0035346 ],0
27,[-0.59768945  0.0035346 ],1,-1.0,[-0.59360373  0.00408571],0
27,[-0.59360373  0.00408571],1,-1.0,[-0.5889968  0.0046069],0
27,[-0.5889968  0.0046069],1,-1.0,[-0.5839026   0.00509424],0
27,[-0.5839026   0.00509424],1,-1.0,[-0.57835853  0.00554406],0
27,[-0.57835853  0.00554406],1,-1.0,[-0.57240564  0.00595291],0
27,[-0.57240564  0.00595291],1,-1.0,[-0.56608796  0.00631766],0
27,[-0.56608796  0.00631766],1,-1.0,[-0.5594525   0.00663546],0
27,[-0.5594525   0.00663546],1,-1.0,[-0.55254865  0.00690385],0
27,[-0.55254865  0.00690385],1,-1.0,[-0.5454279  0.0071207],0
27,[-0.5454279  0.0071207],1,-1.0,[-0.53814363  0.0072843 ],0
27,[-0.53814363  0.0072843 ],1,-1.0,[-0.5307503   0.00739335],0
27,[-0.5307503   0.00739335],1,-1.0,[-0.52330333  0.00744698],0
27,[-0.52330333  0.00744698],1,-1.0,[-0.51585853  0.00744477],0
27,[-0.51585853  0.00744477],1,-1.0,[-0.50847185  0.00738672],0
27,[-0.50847185  0.00738672],1,-1.0,[-0.50119853  0.00727331],0
27,[-0.50119853  0.00727331],1,-1.0,[-0.4940931   0.00710543],0
27,[-0.4940931   0.00710543],1,-1.0,[-0.48720866  0.00688443],0
27,[-0.48720866  0.00688443],1,-1.0,[-0.4805966   0.00661204],0
27,[-0.4805966   0.00661204],1,-1.0,[-0.4743062   0.00629042],0
27,[-0.4743062   0.00629042],1,-1.0,[-0.46838412  0.00592207],0
27,[-0.46838412  0.00592207],1,-1.0,[-0.46287426  0.00550986],0
27,[-0.46287426  0.00550986],1,-1.0,[-0.45781732  0.00505694],0
27,[-0.45781732  0.00505694],1,-1.0,[-0.45325056  0.00456677],0
27,[-0.45325056  0.00456677],1,-1.0,[-0.44920748  0.00404307],0
27,[-0.44920748  0.00404307],1,-1.0,[-0.44571772  0.00348975],0
27,[-0.44571772  0.00348975],1,-1.0,[-0.44280678  0.00291094],0
27,[-0.44280678  0.00291094],1,-1.0,[-0.44049585  0.00231092],0
27,[-0.44049585  0.00231092],1,-1.0,[-0.43880177  0.00169408],0
27,[-0.43880177  0.00169408],1,-1.0,[-0.43773684  0.00106494],0
27,[-0.43773684  0.00106494],1,-1.0,[-4.3730876e-01  4.2807762e-04],0
27,[-4.3730876e-01  4.2807762e-04],1,-1.0,[-4.3752065e-01 -2.1189345e-04],0
27,[-4.3752065e-01 -2.1189345e-04],1,-1.0,[-0.43837097 -0.00085033],0
27,[-0.43837097 -0.00085033],1,-1.0,[-0.43985358 -0.00148259],0
27,[-0.43985358 -0.00148259],1,-1.0,[-0.44195765 -0.0021041 ],0
27,[-0.44195765 -0.0021041 ],1,-1.0,[-0.44466797 -0.0027103 ],0
27,[-0.44466797 -0.0027103 ],1,-1.0,[-0.44796473 -0.00329677],0
27,[-0.44796473 -0.00329677],1,-1.0,[-0.4518239  -0.00385917],0
27,[-0.4518239  -0.00385917],1,-1.0,[-0.45621723 -0.00439333],0
27,[-0.45621723 -0.00439333],1,-1.0,[-0.4611125  -0.00489525],0
27,[-0.4611125  -0.00489525],1,-1.0,[-0.46647364 -0.00536116],0
27,[-0.46647364 -0.00536116],1,-1.0,[-0.47226116 -0.00578751],0
27,[-0.47226116 -0.00578751],1,-1.0,[-0.47843218 -0.00617102],0
27,[-0.47843218 -0.00617102],1,-1.0,[-0.48494092 -0.00650873],0
27,[-0.48494092 -0.00650873],1,-1.0,[-0.49173892 -0.00679802],0
27,[-0.49173892 -0.00679802],1,-1.0,[-0.4987755 -0.0070366],0
27,[-0.4987755 -0.0070366],1,-1.0,[-0.50599813 -0.0072226 ],0
27,[-0.50599813 -0.0072226 ],1,-1.0,[-0.5133527  -0.00735455],0
27,[-0.5133527  -0.00735455],1,-1.0,[-0.5207841  -0.00743138],0
27,[-0.5207841  -0.00743138],1,-1.0,[-0.52823657 -0.00745249],0
27,[-0.52823657 -0.00745249],1,-1.0,[-0.53565425 -0.00741771],0
27,[-0.53565425 -0.00741771],1,-1.0,[-0.54298156 -0.00732731],0
27,[-0.54298156 -0.00732731],1,-1.0,[-0.5501636  -0.00718202],0
27,[-0.5501636  -0.00718202],1,-1.0,[-0.5571466 -0.006983 ],0
27,[-0.5571466 -0.006983 ],1,-1.0,[-0.5638784  -0.00673181],0
27,[-0.5638784  -0.00673181],1,-1.0,[-0.57030886 -0.00643045],0
27,[-0.57030886 -0.00643045],1,-1.0,[-0.57639015 -0.00608127],0
27,[-0.57639015 -0.00608127],1,-1.0,[-0.58207715 -0.00568699],0
27,[-0.58207715 -0.00568699],1,-1.0,[-0.5873278  -0.00525065],0
27,[-0.5873278  -0.00525065],1,-1.0,[-0.59210336 -0.00477559],0
27,[-0.59210336 -0.00477559],1,-1.0,[-0.5963688  -0.00426541],0
27,[-0.5963688  -0.00426541],1,-1.0,[-0.6000927  -0.00372396],0
27,[-0.6000927  -0.00372396],1,-1.0,[-0.603248   -0.00315528],0
27,[-0.603248   -0.00315528],1,-1.0,[-0.6058116  -0.00256358],0
27,[-0.6058116  -0.00256358],1,-1.0,[-0.6077648  -0.00195321],0
27,[-0.6077648  -0.00195321],1,-1.0,[-0.6090935  -0.00132866],0
27,[-0.6090935  -0.00132866],1,-1.0,[-0.60978794 -0.00069445],0
27,[-0.60978794 -0.00069445],1,-1.0,[-6.0984313e-01 -5.5213030e-05],0
27,[-6.0984313e-01 -5.5213030e-05],1,-1.0,[-6.092587e-01  5.844269e-04],0
27,[-6.092587e-01  5.844269e-04],1,-1.0,[-0.6080389   0.00121983],0
27,[-0.6080389   0.00121983],1,-1.0,[-0.60619247  0.00184638],0
27,[-0.60619247  0.00184638],1,-1.0,[-0.603733    0.00245951],0
27,[-0.603733    0.00245951],1,-1.0,[-0.60067827  0.00305475],0
27,[-0.60067827  0.00305475],1,-1.0,[-0.59705055  0.0036277 ],0
27,[-0.59705055  0.0036277 ],1,-1.0,[-0.5928764   0.00417414],0
27,[-0.5928764   0.00417414],1,-1.0,[-0.5881864   0.00468999],0
27,[-0.5881864   0.00468999],1,-1.0,[-0.583015    0.00517138],0
27,[-0.583015    0.00517138],1,-1.0,[-0.5774004   0.00561464],0
27,[-0.5774004   0.00561464],1,-1.0,[-0.57138395  0.0060164 ],0
27,[-0.57138395  0.0060164 ],1,-1.0,[-0.5650104   0.00637357],0
27,[-0.5650104   0.00637357],1,-1.0,[-0.5583271   0.00668336],0
27,[-0.5583271   0.00668336],1,-1.0,[-0.55138373  0.00694335],0
27,[-0.55138373  0.00694335],1,-1.0,[-0.5442322   0.00715149],0
27,[-0.5442322   0.00715149],1,-1.0,[-0.5369261   0.00730614],0
27,[-0.5369261   0.00730614],1,-1.0,[-0.52952     0.00740607],0
27,[-0.52952     0.00740607],1,-1.0,[-0.5220695   0.00745048],1
28,"(array([-0.48806724,  0.        ], dtype=float32), {})",1,-1.0,[-4.8833323e-01 -2.6598218e-04],0
28,[-4.8833323e-01 -2.6598218e-04],1,-1.0,[-0.4888632  -0.00052998],0
28,[-0.4888632  -0.00052998],1,-1.0,[-0.48965323 -0.00079003],0
28,[-0.48965323 -0.00079003],1,-1.0,[-0.4906974  -0.00104418],0
28,[-0.4906974  -0.00104418],1,-1.0,[-0.49198794 -0.00129054],0
28,[-0.49198794 -0.00129054],1,-1.0,[-0.4935152  -0.00152726],0
28,[-0.4935152  -0.00152726],1,-1.0,[-0.49526778 -0.00175258],0
28,[-0.49526778 -0.00175258],1,-1.0,[-0.49723262 -0.00196481],0
28,[-0.49723262 -0.00196481],1,-1.0,[-0.49939495 -0.00216235],0
28,[-0.49939495 -0.00216235],1,-1.0,[-0.50173867 -0.00234372],0
28,[-0.50173867 -0.00234372],1,-1.0,[-0.50424623 -0.00250755],0
28,[-0.50424623 -0.00250755],1,-1.0,[-0.5068988  -0.00265262],0
28,[-0.5068988  -0.00265262],1,-1.0,[-0.50967664 -0.00277781],0
28,[-0.50967664 -0.00277781],1,-1.0,[-0.5125589 -0.0028822],0
28,[-0.5125589 -0.0028822],1,-1.0,[-0.51552385 -0.00296498],0
28,[-0.51552385 -0.00296498],1,-1.0,[-0.5185494  -0.00302554],0
28,[-0.5185494  -0.00302554],1,-1.0,[-0.52161276 -0.00306341],0
28,[-0.52161276 -0.00306341],1,-1.0,[-0.5246911 -0.0030783],0
28,[-0.5246911 -0.0030783],1,-1.0,[-0.5277612  -0.00307011],0
28,[-0.5277612  -0.00307011],1,-1.0,[-0.5308001  -0.00303889],0
28,[-0.5308001  -0.00303889],1,-1.0,[-0.533785   -0.00298489],0
28,[-0.533785   -0.00298489],1,-1.0,[-0.5366935 -0.0029085],0
28,[-0.5366935 -0.0029085],1,-1.0,[-0.5395038  -0.00281032],0
28,[-0.5395038  -0.00281032],1,-1.0,[-0.5421949  -0.00269108],0
28,[-0.5421949  -0.00269108],1,-1.0,[-0.5447466  -0.00255168],0
28,[-0.5447466  -0.00255168],1,-1.0,[-0.5471397  -0.00239318],0
28,[-0.5471397  -0.00239318],1,-1.0,[-0.5493565  -0.00221676],0
28,[-0.5493565  -0.00221676],1,-1.0,[-0.5513803  -0.00202377],0
28,[-0.5513803  -0.00202377],1,-1.0,[-0.55319595 -0.00181565],0
28,[-0.55319595 -0.00181565],1,-1.0,[-0.5547899  -0.00159397],0
28,[-0.5547899  -0.00159397],1,-1.0,[-0.55615026 -0.00136037],0
28,[-0.55615026 -0.00136037],1,-1.0,[-0.5572669  -0.00111663],0
28,[-0.5572669  -0.00111663],1,-1.0,[-0.55813146 -0.00086454],0
28,[-0.55813146 -0.00086454],1,-1.0,[-0.55873746 -0.00060601],0
28,[-0.55873746 -0.00060601],1,-1.0,[-5.590804e-01 -3.429605e-04],0
28,[-5.590804e-01 -3.429605e-04],1,-1.0,[-5.5915779e-01 -7.7350465e-05],0
28,[-5.5915779e-01 -7.7350465e-05],1,-1.0,[-5.5896890e-01  1.8883639e-04],0
28,[-5.5896890e-01  1.8883639e-04],1,-1.0,[-5.5851531e-01  4.5361498e-04],0
28,[-5.5851531e-01  4.5361498e-04],1,-1.0,[-0.5578003   0.00071501],0
28,[-0.5578003   0.00071501],1,-1.0,[-0.5568292   0.00097107],0
28,[-0.5568292   0.00097107],1,-1.0,[-0.55560935  0.00121989],0
28,[-0.55560935  0.00121989],1,-1.0,[-0.55414975  0.0014596 ],0
28,[-0.55414975  0.0014596 ],1,-1.0,[-0.5524613   0.00168841],0
28,[-0.5524613   0.00168841],1,-1.0,[-0.5505567   0.00190461],0
28,[-0.5505567   0.00190461],1,-1.0,[-0.5484502   0.00210657],0
28,[-0.5484502   0.00210657],1,-1.0,[-0.54615736  0.00229279],0
28,[-0.54615736  0.00229279],1,-1.0,[-0.5436955   0.00246185],0
28,[-0.5436955   0.00246185],1,-1.0,[-0.54108304  0.00261248],0
28,[-0.54108304  0.00261248],1,-1.0,[-0.5383395   0.00274355],0
28,[-0.5383395   0.00274355],1,-1.0,[-0.53548545  0.00285407],0
28,[-0.53548545  0.00285407],1,-1.0,[-0.5325422  0.0029432],0
28,[-0.5325422  0.0029432],1,-1.0,[-0.52953196  0.00301027],0
28,[-0.52953196  0.00301027],1,-1.0,[-0.52647716  0.00305477],0
28,[-0.52647716  0.00305477],1,-1.0,[-0.52340084  0.00307635],0
28,[-0.52340084  0.00307635],1,-1.0,[-0.52032596  0.00307487],0
28,[-0.52032596  0.00307487],1,-1.0,[-0.51727563  0.00305032],0
28,[-0.51727563  0.00305032],1,-1.0,[-0.51427275  0.0030029 ],0
28,[-0.51427275  0.0030029 ],1,-1.0,[-0.5113398   0.00293297],0
28,[-0.5113398   0.00293297],1,-1.0,[-0.5084987   0.00284104],0
28,[-0.5084987   0.00284104],1,-1.0,[-0.50577086  0.00272783],0
28,[-0.50577086  0.00272783],1,-1.0,[-0.5031767   0.00259419],0
28,[-0.5031767   0.00259419],1,-1.0,[-0.5007356   0.00244112],0
28,[-0.5007356   0.00244112],1,-1.0,[-0.4984658   0.00226978],0
28,[-0.4984658   0.00226978],1,-1.0,[-0.49638435  0.00208146],0
28,[-0.49638435  0.00208146],1,-1.0,[-0.49450678  0.00187758],0
28,[-0.49450678  0.00187758],1,-1.0,[-0.49284708  0.00165966],0
28,[-0.49284708  0.00165966],1,-1.0,[-0.49141774  0.00142935],0
28,[-0.49141774  0.00142935],1,-1.0,[-0.49022937  0.00118837],0
28,[-0.49022937  0.00118837],1,-1.0,[-0.48929086  0.00093852],0
28,[-0.48929086  0.00093852],1,-1.0,[-0.4886092   0.00068166],0
28,[-0.4886092   0.00068166],1,-1.0,[-4.8818946e-01  4.1972287e-04],0
28,[-4.8818946e-01  4.1972287e-04],1,-1.0,[-4.8803481e-01  1.5465224e-04],0
28,[-4.8803481e-01  1.5465224e-04],1,-1.0,[-4.8814639e-01 -1.1157172e-04],0
28,[-4.8814639e-01 -1.1157172e-04],1,-1.0,[-4.8852336e-01 -3.7696364e-04],0
28,[-4.8852336e-01 -3.7696364e-04],1,-1.0,[-0.4891629  -0.00063954],0
28,[-0.4891629  -0.00063954],1,-1.0,[-0.49006024 -0.00089735],0
28,[-0.49006024 -0.00089735],1,-1.0,[-0.49120873 -0.00114847],0
28,[-0.49120873 -0.00114847],1,-1.0,[-0.49259973 -0.00139101],0
28,[-0.49259973 -0.00139101],1,-1.0,[-0.4942229  -0.00162317],0
28,[-0.4942229  -0.00162317],1,-1.0,[-0.4960661 -0.0018432],0
28,[-0.4960661 -0.0018432],1,-1.0,[-0.49811557 -0.00204946],0
28,[-0.49811557 -0.00204946],1,-1.0,[-0.50035596 -0.0022404 ],0
28,[-0.50035596 -0.0022404 ],1,-1.0,[-0.50277054 -0.00241458],0
28,[-0.50277054 -0.00241458],1,-1.0,[-0.50534123 -0.00257069],0
28,[-0.50534123 -0.00257069],1,-1.0,[-0.5080488  -0.00270756],0
28,[-0.5080488  -0.00270756],1,-1.0,[-0.51087296 -0.00282414],0
28,[-0.51087296 -0.00282414],1,-1.0,[-0.5137925  -0.00291956],0
28,[-0.5137925  -0.00291956],1,-1.0,[-0.51678556 -0.00299309],0
28,[-0.51678556 -0.00299309],1,-1.0,[-0.5198298  -0.00304419],0
28,[-0.5198298  -0.00304419],1,-1.0,[-0.52290225 -0.00307246],0
28,[-0.52290225 -0.00307246],1,-1.0,[-0.52597994 -0.00307768],0
28,[-0.52597994 -0.00307768],1,-1.0,[-0.52903974 -0.00305982],0
28,[-0.52903974 -0.00305982],1,-1.0,[-0.5320588  -0.00301902],0
28,[-0.5320588  -0.00301902],1,-1.0,[-0.53501433 -0.00295557],0
28,[-0.53501433 -0.00295557],1,-1.0,[-0.5378843  -0.00286997],0
28,[-0.5378843  -0.00286997],1,-1.0,[-0.54064715 -0.00276287],0
28,[-0.54064715 -0.00276287],1,-1.0,[-0.5432822  -0.00263506],0
28,[-0.5432822  -0.00263506],1,-1.0,[-0.54576975 -0.00248752],0
28,[-0.54576975 -0.00248752],1,-1.0,[-0.5480911  -0.00232136],0
28,[-0.5480911  -0.00232136],1,-1.0,[-0.55022895 -0.00213783],0
28,[-0.55022895 -0.00213783],1,-1.0,[-0.55216724 -0.00193832],0
28,[-0.55216724 -0.00193832],1,-1.0,[-0.5538916  -0.00172432],0
28,[-0.5538916  -0.00172432],1,-1.0,[-0.555389   -0.00149743],0
28,[-0.555389   -0.00149743],1,-1.0,[-0.5566484  -0.00125937],0
28,[-0.5566484  -0.00125937],1,-1.0,[-0.5576603 -0.0010119],0
28,[-0.5576603 -0.0010119],1,-1.0,[-0.55841714 -0.00075688],0
28,[-0.55841714 -0.00075688],1,-1.0,[-5.5891335e-01 -4.9622095e-04],0
28,[-5.5891335e-01 -4.9622095e-04],1,-1.0,[-5.5914521e-01 -2.3185664e-04],0
28,[-5.5914521e-01 -2.3185664e-04],1,-1.0,[-5.5911100e-01  3.4236797e-05],0
28,[-5.5911100e-01  3.4236797e-05],1,-1.0,[-5.5881095e-01  3.0007490e-04],0
28,[-5.5881095e-01  3.0007490e-04],1,-1.0,[-0.55824727  0.00056368],0
28,[-0.55824727  0.00056368],1,-1.0,[-0.5574242   0.00082307],0
28,[-0.5574242   0.00082307],1,-1.0,[-0.55634785  0.00107633],0
28,[-0.55634785  0.00107633],1,-1.0,[-0.5550263   0.00132155],0
28,[-0.5550263   0.00132155],1,-1.0,[-0.5534694   0.00155691],0
28,[-0.5534694   0.00155691],1,-1.0,[-0.55168873  0.00178064],0
28,[-0.55168873  0.00178064],1,-1.0,[-0.5496977   0.00199106],0
28,[-0.5496977   0.00199106],1,-1.0,[-0.5475111  0.0021866],0
28,[-0.5475111  0.0021866],1,-1.0,[-0.5451453   0.00236579],0
28,[-0.5451453   0.00236579],1,-1.0,[-0.54261804  0.00252728],0
28,[-0.54261804  0.00252728],1,-1.0,[-0.53994817  0.00266985],0
28,[-0.53994817  0.00266985],1,-1.0,[-0.53715575  0.00279242],0
28,[-0.53715575  0.00279242],1,-1.0,[-0.5342617   0.00289407],0
28,[-0.5342617   0.00289407],1,-1.0,[-0.53128767  0.00297402],0
28,[-0.53128767  0.00297402],1,-1.0,[-0.528256    0.00303169],0
28,[-0.528256    0.00303169],1,-1.0,[-0.52518934  0.00306661],0
28,[-0.52518934  0.00306661],1,-1.0,[-0.5221108   0.00307854],0
28,[-0.5221108   0.00307854],1,-1.0,[-0.51904345  0.00306738],0
28,[-0.51904345  0.00306738],1,-1.0,[-0.5160102   0.00303322],0
28,[-0.5160102   0.00303322],1,-1.0,[-0.5130339   0.00297631],0
28,[-0.5130339   0.00297631],1,-1.0,[-0.51013684  0.00289709],0
28,[-0.51013684  0.00289709],1,-1.0,[-0.50734067  0.00279615],0
28,[-0.50734067  0.00279615],1,-1.0,[-0.5046664   0.00267426],0
28,[-0.5046664   0.00267426],1,-1.0,[-0.5021341   0.00253235],0
28,[-0.5021341   0.00253235],1,-1.0,[-0.4997626   0.00237147],0
28,[-0.4997626   0.00237147],1,-1.0,[-0.49756974  0.00219285],0
28,[-0.49756974  0.00219285],1,-1.0,[-0.4955719   0.00199783],0
28,[-0.4955719   0.00199783],1,-1.0,[-0.493784    0.00178788],0
28,[-0.493784    0.00178788],1,-1.0,[-0.49221945  0.00156457],0
28,[-0.49221945  0.00156457],1,-1.0,[-0.49088988  0.00132957],0
28,[-0.49088988  0.00132957],1,-1.0,[-0.48980522  0.00108465],0
28,[-0.48980522  0.00108465],1,-1.0,[-0.48897362  0.00083163],0
28,[-0.48897362  0.00083163],1,-1.0,[-0.4884012   0.00057241],0
28,[-0.4884012   0.00057241],1,-1.0,[-4.8809227e-01  3.0891507e-04],0
28,[-4.8809227e-01  3.0891507e-04],1,-1.0,[-4.8804918e-01  4.3119679e-05],0
28,[-4.8804918e-01  4.3119679e-05],1,-1.0,[-4.8827216e-01 -2.2299726e-04],0
28,[-4.8827216e-01 -2.2299726e-04],1,-1.0,[-4.8875961e-01 -4.8745115e-04],0
28,[-4.8875961e-01 -4.8745115e-04],1,-1.0,[-0.48950788 -0.00074827],0
28,[-0.48950788 -0.00074827],1,-1.0,[-0.4905114  -0.00100351],0
28,[-0.4905114  -0.00100351],1,-1.0,[-0.49176264 -0.00125125],0
28,[-0.49176264 -0.00125125],1,-1.0,[-0.4932523  -0.00148966],0
28,[-0.4932523  -0.00148966],1,-1.0,[-0.49496925 -0.00171695],0
28,[-0.49496925 -0.00171695],1,-1.0,[-0.49690065 -0.0019314 ],0
28,[-0.49690065 -0.0019314 ],1,-1.0,[-0.49903208 -0.00213143],0
28,[-0.49903208 -0.00213143],1,-1.0,[-0.5013476  -0.00231551],0
28,[-0.5013476  -0.00231551],1,-1.0,[-0.50382984 -0.00248227],0
28,[-0.50382984 -0.00248227],1,-1.0,[-0.5064603  -0.00263045],0
28,[-0.5064603  -0.00263045],1,-1.0,[-0.5092192  -0.00275893],0
28,[-0.5092192  -0.00275893],1,-1.0,[-0.512086   -0.00286674],0
28,[-0.512086   -0.00286674],1,-1.0,[-0.515039   -0.00295307],0
28,[-0.515039   -0.00295307],1,-1.0,[-0.51805633 -0.00301726],0
28,[-0.51805633 -0.00301726],1,-1.0,[-0.5211151  -0.00305883],0
28,[-0.5211151  -0.00305883],1,-1.0,[-0.52419263 -0.00307746],0
28,[-0.52419263 -0.00307746],1,-1.0,[-0.5272656 -0.003073 ],0
28,[-0.5272656 -0.003073 ],1,-1.0,[-0.5303111 -0.0030455],0
28,[-0.5303111 -0.0030455],1,-1.0,[-0.5333063  -0.00299516],0
28,[-0.5333063  -0.00299516],1,-1.0,[-0.53622866 -0.00292237],0
28,[-0.53622866 -0.00292237],1,-1.0,[-0.5390563  -0.00282767],0
28,[-0.5390563  -0.00282767],1,-1.0,[-0.5417681  -0.00271178],0
28,[-0.5417681  -0.00271178],1,-1.0,[-0.54434365 -0.00257557],0
28,[-0.54434365 -0.00257557],1,-1.0,[-0.5467637  -0.00242009],0
28,[-0.5467637  -0.00242009],1,-1.0,[-0.5490102  -0.00224649],0
28,[-0.5490102  -0.00224649],1,-1.0,[-0.55106634 -0.00205609],0
28,[-0.55106634 -0.00205609],1,-1.0,[-0.55291665 -0.00185032],0
28,[-0.55291665 -0.00185032],1,-1.0,[-0.55454737 -0.00163071],0
28,[-0.55454737 -0.00163071],1,-1.0,[-0.5559463  -0.00139893],0
28,[-0.5559463  -0.00139893],1,-1.0,[-0.557103   -0.00115671],0
28,[-0.557103   -0.00115671],1,-1.0,[-0.55800885 -0.00090585],0
28,[-0.55800885 -0.00090585],1,-1.0,[-0.55865705 -0.00064823],0
28,[-0.55865705 -0.00064823],1,-1.0,[-5.5904287e-01 -3.8577899e-04],0
28,[-5.5904287e-01 -3.8577899e-04],1,-1.0,[-5.5916333e-01 -1.2044901e-04],0
28,[-5.5916333e-01 -1.2044901e-04],1,-1.0,[-5.5901754e-01  1.4577921e-04],0
28,[-5.5901754e-01  1.4577921e-04],1,-1.0,[-5.5860662e-01  4.1092027e-04],0
28,[-5.5860662e-01  4.1092027e-04],1,-1.0,[-0.5579336  0.000673 ],0
28,[-0.5579336  0.000673 ],1,-1.0,[-0.55700356  0.00093005],0
28,[-0.55700356  0.00093005],1,-1.0,[-0.5558234   0.00118017],0
28,[-0.5558234   0.00118017],1,-1.0,[-0.55440193  0.00142148],0
28,[-0.55440193  0.00142148],1,-1.0,[-0.55274975  0.00165217],0
28,[-0.55274975  0.00165217],1,-1.0,[-0.55087924  0.00187053],0
28,[-0.55087924  0.00187053],1,-1.0,[-0.5488043  0.0020749],0
28,[-0.5488043  0.0020749],1,-1.0,[-0.54654056  0.00226376],0
28,[-0.54654056  0.00226376],1,-1.0,[-0.5441049   0.00243569],0
28,[-0.5441049   0.00243569],1,-1.0,[-0.54151547  0.00258939],0
28,[-0.54151547  0.00258939],1,-1.0,[-0.5387918  0.0027237],0
28,[-0.5387918  0.0027237],1,-1.0,[-0.5359542   0.00283761],0
28,[-0.5359542   0.00283761],1,-1.0,[-0.5330239   0.00293025],0
28,[-0.5330239   0.00293025],1,-1.0,[-0.530023    0.00300093],0
28,[-0.530023    0.00300093],1,-1.0,[-0.52697384  0.00304911],0
28,[-0.52697384  0.00304911],1,-1.0,[-0.52389944  0.00307442],0
28,[-0.52389944  0.00307442],1,-1.0,[-0.52082276  0.00307668],1
29,"(array([-0.4542095,  0.       ], dtype=float32), {})",1,-1.0,[-0.45472616 -0.00051667],0
29,[-0.45472616 -0.00051667],1,-1.0,[-0.4557557  -0.00102955],0
29,[-0.4557557  -0.00102955],1,-1.0,[-0.4572906  -0.00153486],0
29,[-0.4572906  -0.00153486],1,-1.0,[-0.45931947 -0.0020289 ],0
29,[-0.45931947 -0.0020289 ],1,-1.0,[-0.4618275  -0.00250801],0
29,[-0.4618275  -0.00250801],1,-1.0,[-0.46479616 -0.00296865],0
29,[-0.46479616 -0.00296865],1,-1.0,[-0.46820354 -0.00340739],0
29,[-0.46820354 -0.00340739],1,-1.0,[-0.47202447 -0.00382094],0
29,[-0.47202447 -0.00382094],1,-1.0,[-0.47623068 -0.00420621],0
29,[-0.47623068 -0.00420621],1,-1.0,[-0.48079097 -0.00456027],0
29,[-0.48079097 -0.00456027],1,-1.0,[-0.4856714  -0.00488045],0
29,[-0.4856714  -0.00488045],1,-1.0,[-0.4908357  -0.00516429],0
29,[-0.4908357  -0.00516429],1,-1.0,[-0.49624532 -0.00540962],0
29,[-0.49624532 -0.00540962],1,-1.0,[-0.50185984 -0.00561454],0
29,[-0.50185984 -0.00561454],1,-1.0,[-0.5076373  -0.00577747],0
29,[-0.5076373  -0.00577747],1,-1.0,[-0.5135345  -0.00589713],0
29,[-0.5135345  -0.00589713],1,-1.0,[-0.51950705 -0.0059726 ],0
29,[-0.51950705 -0.0059726 ],1,-1.0,[-0.5255104  -0.00600329],0
29,[-0.5255104  -0.00600329],1,-1.0,[-0.5314993  -0.00598895],0
29,[-0.5314993  -0.00598895],1,-1.0,[-0.53742903 -0.00592971],0
29,[-0.53742903 -0.00592971],1,-1.0,[-0.54325503 -0.00582601],0
29,[-0.54325503 -0.00582601],1,-1.0,[-0.5489337  -0.00567867],0
29,[-0.5489337  -0.00567867],1,-1.0,[-0.55442256 -0.00548884],0
29,[-0.55442256 -0.00548884],1,-1.0,[-0.5596805  -0.00525799],0
29,[-0.5596805  -0.00525799],1,-1.0,[-0.5646684  -0.00498791],0
29,[-0.5646684  -0.00498791],1,-1.0,[-0.5693491  -0.00468066],0
29,[-0.5693491  -0.00468066],1,-1.0,[-0.57368773 -0.00433861],0
29,[-0.57368773 -0.00433861],1,-1.0,[-0.5776521  -0.00396436],0
29,[-0.5776521  -0.00396436],1,-1.0,[-0.5812128  -0.00356073],0
29,[-0.5812128  -0.00356073],1,-1.0,[-0.5843436  -0.00313078],0
29,[-0.5843436  -0.00313078],1,-1.0,[-0.5870213  -0.00267771],0
29,[-0.5870213  -0.00267771],1,-1.0,[-0.5892262 -0.0022049],0
29,[-0.5892262 -0.0022049],1,-1.0,[-0.5909421  -0.00171587],0
29,[-0.5909421  -0.00171587],1,-1.0,[-0.5921563  -0.00121423],0
29,[-0.5921563  -0.00121423],1,-1.0,[-0.59286    -0.00070366],0
29,[-0.59286    -0.00070366],1,-1.0,[-5.9304792e-01 -1.8793298e-04],0
29,[-5.9304792e-01 -1.8793298e-04],1,-1.0,[-5.927187e-01  3.291752e-04],0
29,[-5.927187e-01  3.291752e-04],1,-1.0,[-0.59187484  0.00084387],0
29,[-0.59187484  0.00084387],1,-1.0,[-0.59052247  0.00135237],0
29,[-0.59052247  0.00135237],1,-1.0,[-0.58867157  0.00185093],0
29,[-0.58867157  0.00185093],1,-1.0,[-0.58633566  0.00233588],0
29,[-0.58633566  0.00233588],1,-1.0,[-0.58353204  0.00280363],0
29,[-0.58353204  0.00280363],1,-1.0,[-0.5802813   0.00325071],0
29,[-0.5802813   0.00325071],1,-1.0,[-0.5766075   0.00367379],0
29,[-0.5766075   0.00367379],1,-1.0,[-0.57253784  0.00406968],0
29,[-0.57253784  0.00406968],1,-1.0,[-0.5681025   0.00443541],0
29,[-0.5681025   0.00443541],1,-1.0,[-0.5633343   0.00476819],0
29,[-0.5633343   0.00476819],1,-1.0,[-0.5582688  0.0050655],0
29,[-0.5582688  0.0050655],1,-1.0,[-0.5529437   0.00532506],0
29,[-0.5529437   0.00532506],1,-1.0,[-0.5473988   0.00554486],0
29,[-0.5473988   0.00554486],1,-1.0,[-0.5416756   0.00572321],0
29,[-0.5416756   0.00572321],1,-1.0,[-0.5358169   0.00585872],0
29,[-0.5358169   0.00585872],1,-1.0,[-0.5298666   0.00595034],0
29,[-0.5298666   0.00595034],1,-1.0,[-0.5238692   0.00599734],0
29,[-0.5238692   0.00599734],1,-1.0,[-0.51786983  0.00599937],0
29,[-0.51786983  0.00599937],1,-1.0,[-0.5119134   0.00595641],0
29,[-0.5119134   0.00595641],1,-1.0,[-0.5060447   0.00586878],0
29,[-0.5060447   0.00586878],1,-1.0,[-0.5003075   0.00573719],0
29,[-0.5003075   0.00573719],1,-1.0,[-0.49474484  0.00556265],0
29,[-0.49474484  0.00556265],1,-1.0,[-0.4893983   0.00534651],0
29,[-0.4893983   0.00534651],1,-1.0,[-0.48430786  0.00509046],0
29,[-0.48430786  0.00509046],1,-1.0,[-0.4795114   0.00479646],0
29,[-0.4795114   0.00479646],1,-1.0,[-0.47504464  0.00446677],0
29,[-0.47504464  0.00446677],1,-1.0,[-0.47094074  0.0041039 ],0
29,[-0.47094074  0.0041039 ],1,-1.0,[-0.46723014  0.0037106 ],0
29,[-0.46723014  0.0037106 ],1,-1.0,[-0.4639403   0.00328985],0
29,[-0.4639403   0.00328985],1,-1.0,[-0.46109548  0.0028448 ],0
29,[-0.46109548  0.0028448 ],1,-1.0,[-0.45871672  0.00237876],0
29,[-0.45871672  0.00237876],1,-1.0,[-0.4568215   0.00189521],0
29,[-0.4568215   0.00189521],1,-1.0,[-0.45542377  0.00139773],0
29,[-0.45542377  0.00139773],1,-1.0,[-0.45453382  0.00088997],0
29,[-0.45453382  0.00088997],1,-1.0,[-4.5415813e-01  3.7568380e-04],0
29,[-4.5415813e-01  3.7568380e-04],1,-1.0,[-4.5429948e-01 -1.4136225e-04],0
29,[-4.5429948e-01 -1.4136225e-04],1,-1.0,[-0.45495686 -0.00065737],0
29,[-0.45495686 -0.00065737],1,-1.0,[-0.4561254  -0.00116855],0
29,[-0.4561254  -0.00116855],1,-1.0,[-0.45779657 -0.00167116],0
29,[-0.45779657 -0.00167116],1,-1.0,[-0.45995805 -0.00216147],0
29,[-0.45995805 -0.00216147],1,-1.0,[-0.46259394 -0.00263588],0
29,[-0.46259394 -0.00263588],1,-1.0,[-0.4656848  -0.00309087],0
29,[-0.4656848  -0.00309087],1,-1.0,[-0.46920785 -0.00352304],0
29,[-0.46920785 -0.00352304],1,-1.0,[-0.47313702 -0.00392917],0
29,[-0.47313702 -0.00392917],1,-1.0,[-0.4774432  -0.00430619],0
29,[-0.4774432  -0.00430619],1,-1.0,[-0.48209444 -0.00465125],0
29,[-0.48209444 -0.00465125],1,-1.0,[-0.48705617 -0.00496173],0
29,[-0.48705617 -0.00496173],1,-1.0,[-0.49229142 -0.00523525],0
29,[-0.49229142 -0.00523525],1,-1.0,[-0.49776113 -0.00546971],0
29,[-0.49776113 -0.00546971],1,-1.0,[-0.5034244 -0.0056633],0
29,[-0.5034244 -0.0056633],1,-1.0,[-0.50923896 -0.00581451],0
29,[-0.50923896 -0.00581451],1,-1.0,[-0.5151611  -0.00592218],0
29,[-0.5151611  -0.00592218],1,-1.0,[-0.5211466  -0.00598545],0
29,[-0.5211466  -0.00598545],1,-1.0,[-0.5271504  -0.00600384],0
29,[-0.5271504  -0.00600384],1,-1.0,[-0.5331276  -0.00597721],0
29,[-0.5331276  -0.00597721],1,-1.0,[-0.53903335 -0.00590575],0
29,[-0.53903335 -0.00590575],1,-1.0,[-0.5448234  -0.00579003],0
29,[-0.5448234  -0.00579003],1,-1.0,[-0.5504544  -0.00563096],0
29,[-0.5504544  -0.00563096],1,-1.0,[-0.5558841  -0.00542976],0
29,[-0.5558841  -0.00542976],1,-1.0,[-0.5610721 -0.005188 ],0
29,[-0.5610721 -0.005188 ],1,-1.0,[-0.56597966 -0.00490754],0
29,[-0.56597966 -0.00490754],1,-1.0,[-0.5705702  -0.00459054],0
29,[-0.5705702  -0.00459054],1,-1.0,[-0.5748096  -0.00423941],0
29,[-0.5748096  -0.00423941],1,-1.0,[-0.57866645 -0.00385684],0
29,[-0.57866645 -0.00385684],1,-1.0,[-0.58211213 -0.00344571],0
29,[-0.58211213 -0.00344571],1,-1.0,[-0.5851213  -0.00300911],0
29,[-0.5851213  -0.00300911],1,-1.0,[-0.5876716  -0.00255031],0
29,[-0.5876716  -0.00255031],1,-1.0,[-0.58974427 -0.00207272],0
29,[-0.58974427 -0.00207272],1,-1.0,[-0.59132415 -0.00157987],0
29,[-0.59132415 -0.00157987],1,-1.0,[-0.5923996  -0.00107542],0
29,[-0.5923996  -0.00107542],1,-1.0,[-5.9296268e-01 -5.6307047e-04],0
29,[-5.9296268e-01 -5.6307047e-04],1,-1.0,[-5.9300923e-01 -4.6587706e-05],0
29,[-5.9300923e-01 -4.6587706e-05],1,-1.0,[-5.925390e-01  4.702369e-04],0
29,[-5.925390e-01  4.702369e-04],1,-1.0,[-0.5915554   0.00098361],0
29,[-0.5915554   0.00098361],1,-1.0,[-0.59006566  0.00148976],0
29,[-0.59006566  0.00148976],1,-1.0,[-0.58808064  0.00198497],0
29,[-0.58808064  0.00198497],1,-1.0,[-0.5856151   0.00246557],0
29,[-0.5856151   0.00246557],1,-1.0,[-0.5826871   0.00292801],0
29,[-0.5826871   0.00292801],1,-1.0,[-0.5793182   0.00336886],0
29,[-0.5793182   0.00336886],1,-1.0,[-0.5755334   0.00378481],0
29,[-0.5755334   0.00378481],1,-1.0,[-0.57136065  0.00417275],0
29,[-0.57136065  0.00417275],1,-1.0,[-0.56683093  0.00452974],0
29,[-0.56683093  0.00452974],1,-1.0,[-0.56197786  0.00485307],0
29,[-0.56197786  0.00485307],1,-1.0,[-0.55683756  0.00514028],0
29,[-0.55683756  0.00514028],1,-1.0,[-0.5514484   0.00538916],0
29,[-0.5514484   0.00538916],1,-1.0,[-0.54585063  0.00559779],0
29,[-0.54585063  0.00559779],1,-1.0,[-0.5400861   0.00576455],0
29,[-0.5400861   0.00576455],1,-1.0,[-0.5341979   0.00588815],0
29,[-0.5341979   0.00588815],1,-1.0,[-0.5282303   0.00596764],0
29,[-0.5282303   0.00596764],1,-1.0,[-0.52222794  0.00600237],0
29,[-0.52222794  0.00600237],1,-1.0,[-0.5162358   0.00599209],0
29,[-0.5162358   0.00599209],1,-1.0,[-0.51029897  0.00593687],0
29,[-0.51029897  0.00593687],1,-1.0,[-0.5044618   0.00583715],0
29,[-0.5044618   0.00583715],1,-1.0,[-0.49876812  0.0056937 ],0
29,[-0.49876812  0.0056937 ],1,-1.0,[-0.49326047  0.00550764],0
29,[-0.49326047  0.00550764],1,-1.0,[-0.48798007  0.00528042],0
29,[-0.48798007  0.00528042],1,-1.0,[-0.48296627  0.00501379],0
29,[-0.48296627  0.00501379],1,-1.0,[-0.47825646  0.0047098 ],0
29,[-0.47825646  0.0047098 ],1,-1.0,[-0.4738857   0.00437078],0
29,[-0.4738857   0.00437078],1,-1.0,[-0.4698864   0.00399931],0
29,[-0.4698864   0.00399931],1,-1.0,[-0.46628818  0.00359821],0
29,[-0.46628818  0.00359821],1,-1.0,[-0.4631177   0.00317049],0
29,[-0.4631177   0.00317049],1,-1.0,[-0.46039832  0.00271937],0
29,[-0.46039832  0.00271937],1,-1.0,[-0.45815012  0.0022482 ],0
29,[-0.45815012  0.0022482 ],1,-1.0,[-0.4563896   0.00176049],0
29,[-0.4563896   0.00176049],1,-1.0,[-0.4551298   0.00125983],0
29,[-0.4551298   0.00125983],1,-1.0,[-0.4543799   0.00074991],0
29,[-0.4543799   0.00074991],1,-1.0,[-4.5414540e-01  2.3449252e-04],0
29,[-4.5414540e-01  2.3449252e-04],1,-1.0,[-4.5442805e-01 -2.8264700e-04],0
29,[-4.5442805e-01 -2.8264700e-04],1,-1.0,[-0.45522574 -0.00079771],0
29,[-0.45522574 -0.00079771],1,-1.0,[-0.45653266 -0.00130692],0
29,[-0.45653266 -0.00130692],1,-1.0,[-0.4583392  -0.00180653],0
29,[-0.4583392  -0.00180653],1,-1.0,[-0.46063206 -0.00229286],0
29,[-0.46063206 -0.00229286],1,-1.0,[-0.46339437 -0.0027623 ],0
29,[-0.46339437 -0.0027623 ],1,-1.0,[-0.46660575 -0.00321139],0
29,[-0.46660575 -0.00321139],1,-1.0,[-0.4702425  -0.00363675],0
29,[-0.4702425  -0.00363675],1,-1.0,[-0.47427773 -0.00403522],0
29,[-0.47427773 -0.00403522],1,-1.0,[-0.4786815  -0.00440378],0
29,[-0.4786815  -0.00440378],1,-1.0,[-0.48342115 -0.00473964],0
29,[-0.48342115 -0.00473964],1,-1.0,[-0.48846138 -0.00504024],0
29,[-0.48846138 -0.00504024],1,-1.0,[-0.49376467 -0.00530329],0
29,[-0.49376467 -0.00530329],1,-1.0,[-0.49929142 -0.00552674],0
29,[-0.49929142 -0.00552674],1,-1.0,[-0.5050003  -0.00570889],0
29,[-0.5050003  -0.00570889],1,-1.0,[-0.5108486 -0.0058483],0
29,[-0.5108486 -0.0058483],1,-1.0,[-0.51679254 -0.00594391],0
29,[-0.51679254 -0.00594391],1,-1.0,[-0.52278745 -0.00599495],0
29,[-0.52278745 -0.00599495],1,-1.0,[-0.5287885  -0.00600103],0
29,[-0.5287885  -0.00600103],1,-1.0,[-0.5347506  -0.00596211],0
29,[-0.5347506  -0.00596211],1,-1.0,[-0.5406291  -0.00587849],0
29,[-0.5406291  -0.00587849],1,-1.0,[-0.5463799  -0.00575082],0
29,[-0.5463799  -0.00575082],1,-1.0,[-0.55196    -0.00558009],0
29,[-0.55196    -0.00558009],1,-1.0,[-0.5573276  -0.00536764],0
29,[-0.5573276  -0.00536764],1,-1.0,[-0.5624427 -0.0051151],0
29,[-0.5624427 -0.0051151],1,-1.0,[-0.5672672  -0.00482443],0
29,[-0.5672672  -0.00482443],1,-1.0,[-0.57176507 -0.00449786],0
29,[-0.57176507 -0.00449786],1,-1.0,[-0.5759029  -0.00413787],0
29,[-0.5759029  -0.00413787],1,-1.0,[-0.5796501  -0.00374719],0
29,[-0.5796501  -0.00374719],1,-1.0,[-0.5829789  -0.00332879],0
29,[-0.5829789  -0.00332879],1,-1.0,[-0.58586466 -0.00288579],0
29,[-0.58586466 -0.00288579],1,-1.0,[-0.58828616 -0.0024215 ],0
29,[-0.58828616 -0.0024215 ],1,-1.0,[-0.5902256  -0.00193939],0
29,[-0.5902256  -0.00193939],1,-1.0,[-0.59166855 -0.00144301],0
29,[-0.59166855 -0.00144301],1,-1.0,[-0.5926046  -0.00093602],0
29,[-0.5926046  -0.00093602],1,-1.0,[-5.9302676e-01 -4.2217001e-04],0
29,[-5.9302676e-01 -4.2217001e-04],1,-1.0,[-5.929320e-01  9.478311e-05],0
29,[-5.929320e-01  9.478311e-05],1,-1.0,[-0.5923209   0.00061104],0
29,[-0.5923209   0.00061104],1,-1.0,[-0.59119815  0.00112281],0
29,[-0.59119815  0.00112281],1,-1.0,[-0.5895718   0.00162634],0
29,[-0.5895718   0.00162634],1,-1.0,[-0.58745384  0.00211791],0
29,[-0.58745384  0.00211791],1,-1.0,[-0.58485997  0.0025939 ],0
29,[-0.58485997  0.0025939 ],1,-1.0,[-0.58180916  0.00305078],0
29,[-0.58180916  0.00305078],1,-1.0,[-0.578324    0.00348514],0
29,[-0.578324    0.00348514],1,-1.0,[-0.5744303   0.00389374],0
29,[-0.5744303   0.00389374],1,-1.0,[-0.5701568  0.0042735],0
29,[-0.5701568  0.0042735],1,-1.0,[-0.56553525  0.00462155],0
29,[-0.56553525  0.00462155],1,-1.0,[-0.5606      0.00493525],0
29,[-0.5606      0.00493525],1,-1.0,[-0.5553878   0.00521219],0
29,[-0.5553878   0.00521219],1,-1.0,[-0.54993755  0.00545024],0
29,[-0.54993755  0.00545024],1,-1.0,[-0.54429     0.00564758],0
29,[-0.54429     0.00564758],1,-1.0,[-0.5384873   0.00580266],0
29,[-0.5384873   0.00580266],1,-1.0,[-0.53257304  0.00591429],0
29,[-0.53257304  0.00591429],1,-1.0,[-0.5265915   0.00598159],0
29,[-0.5265915   0.00598159],1,-1.0,[-0.52058744  0.00600403],1
30,"(array([-0.4573435,  0.       ], dtype=float32), {})",1,-1.0,[-0.45783713 -0.00049365],0
30,[-0.45783713 -0.00049365],1,-1.0,[-0.4588208  -0.00098367],0
30,[-0.4588208  -0.00098367],1,-1.0,[-0.46028724 -0.00146645],0
30,[-0.46028724 -0.00146645],1,-1.0,[-0.46222568 -0.00193844],0
30,[-0.46222568 -0.00193844],1,-1.0,[-0.4646218  -0.00239614],0
30,[-0.4646218  -0.00239614],1,-1.0,[-0.46745798 -0.00283616],0
30,[-0.46745798 -0.00283616],1,-1.0,[-0.47071323 -0.00325523],0
30,[-0.47071323 -0.00325523],1,-1.0,[-0.47436342 -0.00365021],0
30,[-0.47436342 -0.00365021],1,-1.0,[-0.47838157 -0.00401813],0
30,[-0.47838157 -0.00401813],1,-1.0,[-0.48273778 -0.00435622],0
30,[-0.48273778 -0.00435622],1,-1.0,[-0.4873997  -0.00466191],0
30,[-0.4873997  -0.00466191],1,-1.0,[-0.49233258 -0.00493287],0
30,[-0.49233258 -0.00493287],1,-1.0,[-0.49749961 -0.00516703],0
30,[-0.49749961 -0.00516703],1,-1.0,[-0.50286216 -0.00536257],0
30,[-0.50286216 -0.00536257],1,-1.0,[-0.5083802  -0.00551799],0
30,[-0.5083802  -0.00551799],1,-1.0,[-0.5140123 -0.0056321],0
30,[-0.5140123 -0.0056321],1,-1.0,[-0.51971626 -0.00570398],0
30,[-0.51971626 -0.00570398],1,-1.0,[-0.52544934 -0.0057331 ],0
30,[-0.52544934 -0.0057331 ],1,-1.0,[-0.5311686  -0.00571922],0
30,[-0.5311686  -0.00571922],1,-1.0,[-0.536831   -0.00566245],0
30,[-0.536831   -0.00566245],1,-1.0,[-0.5423943  -0.00556324],0
30,[-0.5423943  -0.00556324],1,-1.0,[-0.54781663 -0.00542235],0
30,[-0.54781663 -0.00542235],1,-1.0,[-0.5530575  -0.00524087],0
30,[-0.5530575  -0.00524087],1,-1.0,[-0.5580777  -0.00502022],0
30,[-0.5580777  -0.00502022],1,-1.0,[-0.5628398  -0.00476209],0
30,[-0.5628398  -0.00476209],1,-1.0,[-0.56730825 -0.00446846],0
30,[-0.56730825 -0.00446846],1,-1.0,[-0.5714498  -0.00414158],0
30,[-0.5714498  -0.00414158],1,-1.0,[-0.57523376 -0.00378393],0
30,[-0.57523376 -0.00378393],1,-1.0,[-0.578632   -0.00339821],0
30,[-0.578632   -0.00339821],1,-1.0,[-0.5816193  -0.00298733],0
30,[-0.5816193  -0.00298733],1,-1.0,[-0.5841737  -0.00255437],0
30,[-0.5841737  -0.00255437],1,-1.0,[-0.58627623 -0.00210256],0
30,[-0.58627623 -0.00210256],1,-1.0,[-0.5879115  -0.00163524],0
30,[-0.5879115  -0.00163524],1,-1.0,[-0.5890674  -0.00115589],0
30,[-0.5890674  -0.00115589],1,-1.0,[-0.5897354  -0.00066802],0
30,[-0.5897354  -0.00066802],1,-1.0,[-5.8991063e-01 -1.7524498e-04],0
30,[-5.8991063e-01 -1.7524498e-04],1,-1.0,[-5.8959180e-01  3.1882006e-04],0
30,[-5.8959180e-01  3.1882006e-04],1,-1.0,[-0.5887813   0.00081054],0
30,[-0.5887813   0.00081054],1,-1.0,[-0.58748496  0.0012963 ],0
30,[-0.58748496  0.0012963 ],1,-1.0,[-0.58571243  0.00177252],0
30,[-0.58571243  0.00177252],1,-1.0,[-0.5834768   0.00223568],0
30,[-0.5834768   0.00223568],1,-1.0,[-0.5807944   0.00268235],0
30,[-0.5807944   0.00268235],1,-1.0,[-0.5776852   0.00310922],0
30,[-0.5776852   0.00310922],1,-1.0,[-0.57417214  0.00351309],0
30,[-0.57417214  0.00351309],1,-1.0,[-0.5702812   0.00389094],0
30,[-0.5702812   0.00389094],1,-1.0,[-0.5660413   0.00423991],0
30,[-0.5660413   0.00423991],1,-1.0,[-0.5614839   0.00455737],0
30,[-0.5614839   0.00455737],1,-1.0,[-0.556643   0.0048409],0
30,[-0.556643   0.0048409],1,-1.0,[-0.5515547   0.00508832],0
30,[-0.5515547   0.00508832],1,-1.0,[-0.54625696  0.00529775],0
30,[-0.54625696  0.00529775],1,-1.0,[-0.54078937  0.00546755],0
30,[-0.54078937  0.00546755],1,-1.0,[-0.53519297  0.00559642],0
30,[-0.53519297  0.00559642],1,-1.0,[-0.5295096   0.00568336],0
30,[-0.5295096   0.00568336],1,-1.0,[-0.5237819   0.00572769],0
30,[-0.5237819   0.00572769],1,-1.0,[-0.5180528   0.00572907],0
30,[-0.5180528   0.00572907],1,-1.0,[-0.51236534  0.00568747],0
30,[-0.51236534  0.00568747],1,-1.0,[-0.50676215  0.00560324],0
30,[-0.50676215  0.00560324],1,-1.0,[-0.50128514  0.00547702],0
30,[-0.50128514  0.00547702],1,-1.0,[-0.49597532  0.00530979],0
30,[-0.49597532  0.00530979],1,-1.0,[-0.49087247  0.00510285],0
30,[-0.49087247  0.00510285],1,-1.0,[-0.48601466  0.0048578 ],0
30,[-0.48601466  0.0048578 ],1,-1.0,[-0.48143816  0.00457651],0
30,[-0.48143816  0.00457651],1,-1.0,[-0.477177    0.00426115],0
30,[-0.477177    0.00426115],1,-1.0,[-0.4732629   0.00391411],0
30,[-0.4732629   0.00391411],1,-1.0,[-0.46972486  0.00353803],0
30,[-0.46972486  0.00353803],1,-1.0,[-0.46658915  0.00313573],0
30,[-0.46658915  0.00313573],1,-1.0,[-0.4638789   0.00271024],0
30,[-0.4638789   0.00271024],1,-1.0,[-0.46161416  0.00226473],0
30,[-0.46161416  0.00226473],1,-1.0,[-0.45981166  0.00180252],0
30,[-0.45981166  0.00180252],1,-1.0,[-0.45848462  0.00132703],0
30,[-0.45848462  0.00132703],1,-1.0,[-0.45764285  0.00084178],0
30,[-0.45764285  0.00084178],1,-1.0,[-4.5729253e-01  3.5032781e-04],0
30,[-4.5729253e-01  3.5032781e-04],1,-1.0,[-4.5743620e-01 -1.4369606e-04],0
30,[-4.5743620e-01 -1.4369606e-04],1,-1.0,[-0.45807287 -0.00063666],0
30,[-0.45807287 -0.00063666],1,-1.0,[-0.45919782 -0.00112495],0
30,[-0.45919782 -0.00112495],1,-1.0,[-0.46080276 -0.00160496],0
30,[-0.46080276 -0.00160496],1,-1.0,[-0.46287593 -0.00207315],0
30,[-0.46287593 -0.00207315],1,-1.0,[-0.46540198 -0.00252605],0
30,[-0.46540198 -0.00252605],1,-1.0,[-0.4683623  -0.00296031],0
30,[-0.4683623  -0.00296031],1,-1.0,[-0.47173497 -0.00337269],0
30,[-0.47173497 -0.00337269],1,-1.0,[-0.4754951  -0.00376011],0
30,[-0.4754951  -0.00376011],1,-1.0,[-0.47961473 -0.00411963],0
30,[-0.47961473 -0.00411963],1,-1.0,[-0.48406327 -0.00444856],0
30,[-0.48406327 -0.00444856],1,-1.0,[-0.48880765 -0.00474438],0
30,[-0.48880765 -0.00474438],1,-1.0,[-0.4938125  -0.00500484],0
30,[-0.4938125  -0.00500484],1,-1.0,[-0.49904042 -0.00522794],0
30,[-0.49904042 -0.00522794],1,-1.0,[-0.5044524  -0.00541196],0
30,[-0.5044524  -0.00541196],1,-1.0,[-0.51000786 -0.00555548],0
30,[-0.51000786 -0.00555548],1,-1.0,[-0.51566523 -0.00565738],0
30,[-0.51566523 -0.00565738],1,-1.0,[-0.52138215 -0.00571688],0
30,[-0.52138215 -0.00571688],1,-1.0,[-0.52711564 -0.0057335 ],0
30,[-0.52711564 -0.0057335 ],1,-1.0,[-0.5328227  -0.00570713],0
30,[-0.5328227  -0.00570713],1,-1.0,[-0.53846073 -0.00563795],0
30,[-0.53846073 -0.00563795],1,-1.0,[-0.5439872  -0.00552653],0
30,[-0.5439872  -0.00552653],1,-1.0,[-0.54936093 -0.00537371],0
30,[-0.54936093 -0.00537371],1,-1.0,[-0.55454165 -0.00518069],0
30,[-0.55454165 -0.00518069],1,-1.0,[-0.55949056 -0.00494895],0
30,[-0.55949056 -0.00494895],1,-1.0,[-0.56417084 -0.00468028],0
30,[-0.56417084 -0.00468028],1,-1.0,[-0.5685476  -0.00437674],0
30,[-0.5685476  -0.00437674],1,-1.0,[-0.5725882  -0.00404064],0
30,[-0.5725882  -0.00404064],1,-1.0,[-0.5762628  -0.00367454],0
30,[-0.5762628  -0.00367454],1,-1.0,[-0.579544  -0.0032812],0
30,[-0.579544  -0.0032812],1,-1.0,[-0.5824076  -0.00286358],0
30,[-0.5824076  -0.00286358],1,-1.0,[-0.5848324 -0.0024248],0
30,[-0.5848324 -0.0024248],1,-1.0,[-0.5868005  -0.00196813],0
30,[-0.5868005  -0.00196813],1,-1.0,[-0.5882974  -0.00149695],0
30,[-0.5882974  -0.00149695],1,-1.0,[-0.5893122  -0.00101475],0
30,[-0.5893122  -0.00101475],1,-1.0,[-5.8983725e-01 -5.2508659e-04],0
30,[-5.8983725e-01 -5.2508659e-04],1,-1.0,[-5.8986884e-01 -3.1560874e-05],0
30,[-5.8986884e-01 -3.1560874e-05],1,-1.0,[-5.8940667e-01  4.6219691e-04],0
30,[-5.8940667e-01  4.6219691e-04],1,-1.0,[-0.58845407  0.00095256],0
30,[-0.58845407  0.00095256],1,-1.0,[-0.5870182   0.00143591],0
30,[-0.5870182   0.00143591],1,-1.0,[-0.5851095   0.00190869],0
30,[-0.5851095   0.00190869],1,-1.0,[-0.5827421   0.00236741],0
30,[-0.5827421   0.00236741],1,-1.0,[-0.5799334   0.00280866],0
30,[-0.5799334   0.00280866],1,-1.0,[-0.57670426  0.00322916],0
30,[-0.57670426  0.00322916],1,-1.0,[-0.5730785   0.00362577],0
30,[-0.5730785   0.00362577],1,-1.0,[-0.569083   0.0039955],0
30,[-0.569083   0.0039955],1,-1.0,[-0.56474745  0.00433558],0
30,[-0.56474745  0.00433558],1,-1.0,[-0.560104    0.00464341],0
30,[-0.560104    0.00464341],1,-1.0,[-0.55518734  0.00491665],0
30,[-0.55518734  0.00491665],1,-1.0,[-0.55003417  0.00515321],0
30,[-0.55003417  0.00515321],1,-1.0,[-0.54468286  0.00535127],0
30,[-0.54468286  0.00535127],1,-1.0,[-0.5391736   0.00550929],0
30,[-0.5391736   0.00550929],1,-1.0,[-0.5335475   0.00562606],0
30,[-0.5335475   0.00562606],1,-1.0,[-0.5278469   0.00570067],0
30,[-0.5278469   0.00570067],1,-1.0,[-0.52211434  0.00573253],0
30,[-0.52211434  0.00573253],1,-1.0,[-0.51639295  0.00572139],0
30,[-0.51639295  0.00572139],1,-1.0,[-0.51072556  0.00566735],0
30,[-0.51072556  0.00566735],1,-1.0,[-0.5051547   0.00557083],0
30,[-0.5051547   0.00557083],1,-1.0,[-0.49972218  0.00543257],0
30,[-0.49972218  0.00543257],1,-1.0,[-0.49446854  0.00525365],0
30,[-0.49446854  0.00525365],1,-1.0,[-0.48943308  0.00503545],0
30,[-0.48943308  0.00503545],1,-1.0,[-0.48465344  0.00477966],0
30,[-0.48465344  0.00477966],1,-1.0,[-0.4801652   0.00448823],0
30,[-0.4801652   0.00448823],1,-1.0,[-0.4760018  0.0041634],0
30,[-0.4760018  0.0041634],1,-1.0,[-0.47219416  0.00380763],0
30,[-0.47219416  0.00380763],1,-1.0,[-0.46877053  0.00342363],0
30,[-0.46877053  0.00342363],1,-1.0,[-0.46575627  0.00301427],0
30,[-0.46575627  0.00301427],1,-1.0,[-0.46317366  0.00258262],0
30,[-0.46317366  0.00258262],1,-1.0,[-0.46104175  0.00213191],0
30,[-0.46104175  0.00213191],1,-1.0,[-0.45937628  0.00166548],0
30,[-0.45937628  0.00166548],1,-1.0,[-0.4581895   0.00118679],0
30,[-0.4581895   0.00118679],1,-1.0,[-0.45749012  0.00069936],0
30,[-0.45749012  0.00069936],1,-1.0,[-4.5728335e-01  2.0678861e-04],0
30,[-4.5728335e-01  2.0678861e-04],1,-1.0,[-4.5757064e-01 -2.8730277e-04],0
30,[-4.5757064e-01 -2.8730277e-04],1,-1.0,[-0.4583499  -0.00077928],0
30,[-0.4583499  -0.00077928],1,-1.0,[-0.45961544 -0.00126553],0
30,[-0.45961544 -0.00126553],1,-1.0,[-0.46135792 -0.00174246],0
30,[-0.46135792 -0.00174246],1,-1.0,[-0.46356446 -0.00220656],0
30,[-0.46356446 -0.00220656],1,-1.0,[-0.46621886 -0.00265439],0
30,[-0.46621886 -0.00265439],1,-1.0,[-0.46930146 -0.00308262],0
30,[-0.46930146 -0.00308262],1,-1.0,[-0.47278953 -0.00348805],0
30,[-0.47278953 -0.00348805],1,-1.0,[-0.47665715 -0.00386764],0
30,[-0.47665715 -0.00386764],1,-1.0,[-0.4808757  -0.00421854],0
30,[-0.4808757  -0.00421854],1,-1.0,[-0.4854138  -0.00453809],0
30,[-0.4854138  -0.00453809],1,-1.0,[-0.49023765 -0.00482385],0
30,[-0.49023765 -0.00482385],1,-1.0,[-0.4953113  -0.00507364],0
30,[-0.4953113  -0.00507364],1,-1.0,[-0.5005968  -0.00528554],0
30,[-0.5005968  -0.00528554],1,-1.0,[-0.50605476 -0.00545792],0
30,[-0.50605476 -0.00545792],1,-1.0,[-0.5116442  -0.00558944],0
30,[-0.5116442  -0.00558944],1,-1.0,[-0.51732326 -0.00567908],0
30,[-0.51732326 -0.00567908],1,-1.0,[-0.5230494  -0.00572614],0
30,[-0.5230494  -0.00572614],1,-1.0,[-0.5287797  -0.00573026],0
30,[-0.5287797  -0.00573026],1,-1.0,[-0.5344711  -0.00569141],0
30,[-0.5344711  -0.00569141],1,-1.0,[-0.54008096 -0.00560988],0
30,[-0.54008096 -0.00560988],1,-1.0,[-0.5455673  -0.00548631],0
30,[-0.5455673  -0.00548631],1,-1.0,[-0.55088896 -0.00532167],0
30,[-0.55088896 -0.00532167],1,-1.0,[-0.5560062  -0.00511722],0
30,[-0.5560062  -0.00511722],1,-1.0,[-0.5608807  -0.00487455],0
30,[-0.5608807  -0.00487455],1,-1.0,[-0.56547624 -0.00459552],0
30,[-0.56547624 -0.00459552],1,-1.0,[-0.5697585  -0.00428226],0
30,[-0.5697585  -0.00428226],1,-1.0,[-0.57369566 -0.00393717],0
30,[-0.57369566 -0.00393717],1,-1.0,[-0.5772585  -0.00356286],0
30,[-0.5772585  -0.00356286],1,-1.0,[-0.5804207  -0.00316214],0
30,[-0.5804207  -0.00316214],1,-1.0,[-0.58315873 -0.00273804],0
30,[-0.58315873 -0.00273804],1,-1.0,[-0.58545244 -0.00229371],0
30,[-0.58545244 -0.00229371],1,-1.0,[-0.58728486 -0.00183247],0
30,[-0.58728486 -0.00183247],1,-1.0,[-0.5886426  -0.00135772],0
30,[-0.5886426  -0.00135772],1,-1.0,[-0.5895156  -0.00087299],0
30,[-0.5895156  -0.00087299],1,-1.0,[-5.8989745e-01 -3.8182506e-04],0
30,[-5.8989745e-01 -3.8182506e-04],1,-1.0,[-5.8978528e-01  1.1214285e-04],0
30,[-5.8978528e-01  1.1214285e-04],1,-1.0,[-0.58918     0.00060529],0
30,[-0.58918     0.00060529],1,-1.0,[-0.588086    0.00109398],0
30,[-0.588086    0.00109398],1,-1.0,[-0.5865114   0.00157462],0
30,[-0.5865114   0.00157462],1,-1.0,[-0.5844677   0.00204367],0
30,[-0.5844677   0.00204367],1,-1.0,[-0.5819701   0.00249765],0
30,[-0.5819701   0.00249765],1,-1.0,[-0.5790369  0.0029332],0
30,[-0.5790369  0.0029332],1,-1.0,[-0.5756898   0.00334708],0
30,[-0.5756898   0.00334708],1,-1.0,[-0.5719536   0.00373617],0
30,[-0.5719536   0.00373617],1,-1.0,[-0.5678561   0.00409756],0
30,[-0.5678561   0.00409756],1,-1.0,[-0.56342757  0.00442852],0
30,[-0.56342757  0.00442852],1,-1.0,[-0.55870104  0.00472652],0
30,[-0.55870104  0.00472652],1,-1.0,[-0.5537117  0.0049893],0
30,[-0.5537117  0.0049893],1,-1.0,[-0.5484969   0.00521484],0
30,[-0.5484969   0.00521484],1,-1.0,[-0.54309547  0.0054014 ],0
30,[-0.54309547  0.0054014 ],1,-1.0,[-0.53754795  0.00554755],0
30,[-0.53754795  0.00554755],1,-1.0,[-0.5318958   0.00565213],0
30,[-0.5318958   0.00565213],1,-1.0,[-0.52618146  0.00571436],0
30,[-0.52618146  0.00571436],1,-1.0,[-0.52044773  0.00573373],1
31,"(array([-0.56939787,  0.        ], dtype=float32), {})",1,-1.0,[-5.6905544e-01  3.4241329e-04],0
31,[-5.6905544e-01  3.4241329e-04],1,-1.0,[-0.56837314  0.00068228],0
31,[-0.56837314  0.00068228],1,-1.0,[-0.56735605  0.00101708],0
31,[-0.56735605  0.00101708],1,-1.0,[-0.5660117   0.00134432],0
31,[-0.5660117   0.00134432],1,-1.0,[-0.5643502   0.00166156],0
31,[-0.5643502   0.00166156],1,-1.0,[-0.5623838   0.00196643],0
31,[-0.5623838   0.00196643],1,-1.0,[-0.5601271   0.00225667],0
31,[-0.5601271   0.00225667],1,-1.0,[-0.557597    0.00253008],0
31,[-0.557597    0.00253008],1,-1.0,[-0.5548124   0.00278462],0
31,[-0.5548124   0.00278462],1,-1.0,[-0.551794    0.00301838],0
31,[-0.551794    0.00301838],1,-1.0,[-0.5485644  0.0032296],0
31,[-0.5485644  0.0032296],1,-1.0,[-0.5451477   0.00341666],0
31,[-0.5451477   0.00341666],1,-1.0,[-0.5415696   0.00357817],0
31,[-0.5415696   0.00357817],1,-1.0,[-0.5378567   0.00371288],0
31,[-0.5378567   0.00371288],1,-1.0,[-0.5340369   0.00381979],0
31,[-0.5340369   0.00381979],1,-1.0,[-0.53013885  0.00389806],0
31,[-0.53013885  0.00389806],1,-1.0,[-0.5261917   0.00394711],0
31,[-0.5261917   0.00394711],1,-1.0,[-0.5222252   0.00396655],0
31,[-0.5222252   0.00396655],1,-1.0,[-0.51826894  0.00395625],0
31,[-0.51826894  0.00395625],1,-1.0,[-0.5143527   0.00391628],0
31,[-0.5143527   0.00391628],1,-1.0,[-0.51050574  0.00384694],0
31,[-0.51050574  0.00384694],1,-1.0,[-0.50675696  0.00374877],0
31,[-0.50675696  0.00374877],1,-1.0,[-0.5031344   0.00362251],0
31,[-0.5031344   0.00362251],1,-1.0,[-0.49966532  0.00346912],0
31,[-0.49966532  0.00346912],1,-1.0,[-0.49637553  0.00328978],0
31,[-0.49637553  0.00328978],1,-1.0,[-0.4932897   0.00308583],0
31,[-0.4932897   0.00308583],1,-1.0,[-0.49043086  0.00285882],0
31,[-0.49043086  0.00285882],1,-1.0,[-0.4878204   0.00261048],0
31,[-0.4878204   0.00261048],1,-1.0,[-0.48547775  0.00234265],0
31,[-0.48547775  0.00234265],1,-1.0,[-0.48342037  0.00205737],0
31,[-0.48342037  0.00205737],1,-1.0,[-0.4816636   0.00175676],0
31,[-0.4816636   0.00175676],1,-1.0,[-0.48022056  0.00144307],0
31,[-0.48022056  0.00144307],1,-1.0,[-0.4791019   0.00111865],0
31,[-0.4791019   0.00111865],1,-1.0,[-0.47831598  0.00078592],0
31,[-0.47831598  0.00078592],1,-1.0,[-4.7786865e-01  4.4734107e-04],0
31,[-4.7786865e-01  4.4734107e-04],1,-1.0,[-4.7776321e-01  1.0543986e-04],0
31,[-4.7776321e-01  1.0543986e-04],1,-1.0,[-4.7800043e-01 -2.3724469e-04],0
31,[-4.7800043e-01 -2.3724469e-04],1,-1.0,[-0.4785786  -0.00057817],0
31,[-0.4785786  -0.00057817],1,-1.0,[-0.4794934  -0.00091479],0
31,[-0.4794934  -0.00091479],1,-1.0,[-0.480738   -0.00124462],0
31,[-0.480738   -0.00124462],1,-1.0,[-0.4823032  -0.00156519],0
31,[-0.4823032  -0.00156519],1,-1.0,[-0.48417732 -0.00187411],0
31,[-0.48417732 -0.00187411],1,-1.0,[-0.4863464  -0.00216909],0
31,[-0.4863464  -0.00216909],1,-1.0,[-0.4887943 -0.0024479],0
31,[-0.4887943 -0.0024479],1,-1.0,[-0.49150276 -0.00270846],0
31,[-0.49150276 -0.00270846],1,-1.0,[-0.49445155 -0.00294881],0
31,[-0.49445155 -0.00294881],1,-1.0,[-0.4976187  -0.00316713],0
31,[-0.4976187  -0.00316713],1,-1.0,[-0.5009805  -0.00336178],0
31,[-0.5009805  -0.00336178],1,-1.0,[-0.5045118  -0.00353129],0
31,[-0.5045118  -0.00353129],1,-1.0,[-0.50818616 -0.00367437],0
31,[-0.50818616 -0.00367437],1,-1.0,[-0.51197606 -0.00378992],0
31,[-0.51197606 -0.00378992],1,-1.0,[-0.5158531  -0.00387707],0
31,[-0.5158531  -0.00387707],1,-1.0,[-0.51978827 -0.00393516],0
31,[-0.51978827 -0.00393516],1,-1.0,[-0.52375203 -0.00396374],0
31,[-0.52375203 -0.00396374],1,-1.0,[-0.5277146  -0.00396259],0
31,[-0.5277146  -0.00396259],1,-1.0,[-0.5316463  -0.00393172],0
31,[-0.5316463  -0.00393172],1,-1.0,[-0.5355177  -0.00387137],0
31,[-0.5355177  -0.00387137],1,-1.0,[-0.5392997 -0.003782 ],0
31,[-0.5392997 -0.003782 ],1,-1.0,[-0.542964   -0.00366428],0
31,[-0.542964   -0.00366428],1,-1.0,[-0.5464831  -0.00351913],0
31,[-0.5464831  -0.00351913],1,-1.0,[-0.54983073 -0.00334763],0
31,[-0.54983073 -0.00334763],1,-1.0,[-0.55298185 -0.00315109],0
31,[-0.55298185 -0.00315109],1,-1.0,[-0.55591285 -0.002931  ],0
31,[-0.55591285 -0.002931  ],1,-1.0,[-0.55860186 -0.00268903],0
31,[-0.55860186 -0.00268903],1,-1.0,[-0.56102884 -0.00242699],0
31,[-0.56102884 -0.00242699],1,-1.0,[-0.5631757  -0.00214685],0
31,[-0.5631757  -0.00214685],1,-1.0,[-0.5650264  -0.00185072],0
31,[-0.5650264  -0.00185072],1,-1.0,[-0.56656724 -0.00154081],0
31,[-0.56656724 -0.00154081],1,-1.0,[-0.5677867  -0.00121944],0
31,[-0.5677867  -0.00121944],1,-1.0,[-0.5686757 -0.000889 ],0
31,[-0.5686757 -0.000889 ],1,-1.0,[-5.6922764e-01 -5.5195420e-04],0
31,[-5.6922764e-01 -5.5195420e-04],1,-1.0,[-5.6943846e-01 -2.1080556e-04],0
31,[-5.6943846e-01 -2.1080556e-04],1,-1.0,[-5.6930649e-01  1.3190926e-04],0
31,[-5.6930649e-01  1.3190926e-04],1,-1.0,[-5.6883287e-01  4.7364406e-04],0
31,[-5.6883287e-01  4.7364406e-04],1,-1.0,[-0.568021    0.00081186],0
31,[-0.568021    0.00081186],1,-1.0,[-0.56687695  0.00114404],0
31,[-0.56687695  0.00114404],1,-1.0,[-0.56540924  0.00146772],0
31,[-0.56540924  0.00146772],1,-1.0,[-0.5636288   0.00178047],0
31,[-0.5636288   0.00178047],1,-1.0,[-0.5615488   0.00207998],0
31,[-0.5615488   0.00207998],1,-1.0,[-0.55918485  0.00236399],0
31,[-0.55918485  0.00236399],1,-1.0,[-0.55655444  0.00263038],0
31,[-0.55655444  0.00263038],1,-1.0,[-0.5536773   0.00287714],0
31,[-0.5536773   0.00287714],1,-1.0,[-0.5505749   0.00310242],0
31,[-0.5505749   0.00310242],1,-1.0,[-0.54727036  0.00330452],0
31,[-0.54727036  0.00330452],1,-1.0,[-0.54378843  0.00348191],0
31,[-0.54378843  0.00348191],1,-1.0,[-0.5401552   0.00363324],0
31,[-0.5401552   0.00363324],1,-1.0,[-0.5363978   0.00375736],0
31,[-0.5363978   0.00375736],1,-1.0,[-0.5325445   0.00385333],0
31,[-0.5325445   0.00385333],1,-1.0,[-0.52862406  0.00392042],0
31,[-0.52862406  0.00392042],1,-1.0,[-0.52466595  0.00395811],0
31,[-0.52466595  0.00395811],1,-1.0,[-0.52069986  0.00396611],0
31,[-0.52069986  0.00396611],1,-1.0,[-0.5167555   0.00394437],0
31,[-0.5167555   0.00394437],1,-1.0,[-0.51286244  0.00389305],0
31,[-0.51286244  0.00389305],1,-1.0,[-0.5090499   0.00381254],0
31,[-0.5090499   0.00381254],1,-1.0,[-0.5053464   0.00370346],0
31,[-0.5053464   0.00370346],1,-1.0,[-0.5017798   0.00356663],0
31,[-0.5017798   0.00356663],1,-1.0,[-0.4983767   0.00340311],0
31,[-0.4983767   0.00340311],1,-1.0,[-0.49516258  0.00321412],0
31,[-0.49516258  0.00321412],1,-1.0,[-0.49216148  0.00300111],0
31,[-0.49216148  0.00300111],1,-1.0,[-0.4893958   0.00276568],0
31,[-0.4893958   0.00276568],1,-1.0,[-0.48688617  0.00250961],0
31,[-0.48688617  0.00250961],1,-1.0,[-0.48465136  0.00223482],0
31,[-0.48465136  0.00223482],1,-1.0,[-0.48270798  0.00194338],0
31,[-0.48270798  0.00194338],1,-1.0,[-0.48107052  0.00163747],0
31,[-0.48107052  0.00163747],1,-1.0,[-0.47975114  0.00131937],0
31,[-0.47975114  0.00131937],1,-1.0,[-0.4787597   0.00099146],0
31,[-0.4787597   0.00099146],1,-1.0,[-0.47810352  0.00065618],0
31,[-0.47810352  0.00065618],1,-1.0,[-4.777875e-01  3.160230e-04],0
31,[-4.777875e-01  3.160230e-04],1,-1.0,[-4.7781396e-01 -2.6481044e-05],0
31,[-4.7781396e-01 -2.6481044e-05],1,-1.0,[-4.7818276e-01 -3.6878837e-04],0
31,[-4.7818276e-01 -3.6878837e-04],1,-1.0,[-0.4788911  -0.00070836],0
31,[-0.4788911  -0.00070836],1,-1.0,[-0.47993377 -0.00104266],0
31,[-0.47993377 -0.00104266],1,-1.0,[-0.48130298 -0.00136921],0
31,[-0.48130298 -0.00136921],1,-1.0,[-0.48298857 -0.00168558],0
31,[-0.48298857 -0.00168558],1,-1.0,[-0.48497796 -0.0019894 ],0
31,[-0.48497796 -0.0019894 ],1,-1.0,[-0.48725638 -0.00227841],0
31,[-0.48725638 -0.00227841],1,-1.0,[-0.4898068  -0.00255044],0
31,[-0.4898068  -0.00255044],1,-1.0,[-0.49261025 -0.00280344],0
31,[-0.49261025 -0.00280344],1,-1.0,[-0.4956458  -0.00303552],0
31,[-0.4956458  -0.00303552],1,-1.0,[-0.4988907  -0.00324493],0
31,[-0.4988907  -0.00324493],1,-1.0,[-0.50232077 -0.00343007],0
31,[-0.50232077 -0.00343007],1,-1.0,[-0.50591034 -0.00358954],0
31,[-0.50591034 -0.00358954],1,-1.0,[-0.50963247 -0.00372214],0
31,[-0.50963247 -0.00372214],1,-1.0,[-0.5134593  -0.00382686],0
31,[-0.5134593  -0.00382686],1,-1.0,[-0.51736224 -0.0039029 ],0
31,[-0.51736224 -0.0039029 ],1,-1.0,[-0.5213119  -0.00394967],0
31,[-0.5213119  -0.00394967],1,-1.0,[-0.5252787  -0.00396682],0
31,[-0.5252787  -0.00396682],1,-1.0,[-0.5292329  -0.00395422],0
31,[-0.5292329  -0.00395422],1,-1.0,[-0.5331449  -0.00391196],0
31,[-0.5331449  -0.00391196],1,-1.0,[-0.5369853  -0.00384038],0
31,[-0.5369853  -0.00384038],1,-1.0,[-0.5407253  -0.00374001],0
31,[-0.5407253  -0.00374001],1,-1.0,[-0.5443369  -0.00361161],0
31,[-0.5443369  -0.00361161],1,-1.0,[-0.5477931  -0.00345618],0
31,[-0.5477931  -0.00345618],1,-1.0,[-0.55106795 -0.00327488],0
31,[-0.55106795 -0.00327488],1,-1.0,[-0.55413705 -0.0030691 ],0
31,[-0.55413705 -0.0030691 ],1,-1.0,[-0.55697745 -0.00284038],0
31,[-0.55697745 -0.00284038],1,-1.0,[-0.55956787 -0.00259046],0
31,[-0.55956787 -0.00259046],1,-1.0,[-0.5618891  -0.00232121],0
31,[-0.5618891  -0.00232121],1,-1.0,[-0.5639238  -0.00203467],0
31,[-0.5639238  -0.00203467],1,-1.0,[-0.5656567  -0.00173297],0
31,[-0.5656567  -0.00173297],1,-1.0,[-0.5670751  -0.00141837],0
31,[-0.5670751  -0.00141837],1,-1.0,[-0.5681683  -0.00109322],0
31,[-0.5681683  -0.00109322],1,-1.0,[-0.56892824 -0.00075994],0
31,[-0.56892824 -0.00075994],1,-1.0,[-5.6934929e-01 -4.2101822e-04],0
31,[-5.6934929e-01 -4.2101822e-04],1,-1.0,[-5.6942827e-01 -7.8965786e-05],0
31,[-5.6942827e-01 -7.8965786e-05],1,-1.0,[-5.691646e-01  2.636733e-04],0
31,[-5.691646e-01  2.636733e-04],1,-1.0,[-0.5685602   0.00060435],0
31,[-0.5685602   0.00060435],1,-1.0,[-0.5676197   0.00094054],0
31,[-0.5676197   0.00094054],1,-1.0,[-0.5663499   0.00126974],0
31,[-0.5663499   0.00126974],1,-1.0,[-0.56476045  0.0015895 ],0
31,[-0.56476045  0.0015895 ],1,-1.0,[-0.562863    0.00189742],0
31,[-0.562863    0.00189742],1,-1.0,[-0.5606718   0.00219123],0
31,[-0.5606718   0.00219123],1,-1.0,[-0.5582031  0.0024687],0
31,[-0.5582031  0.0024687],1,-1.0,[-0.5554753   0.00272777],0
31,[-0.5554753   0.00272777],1,-1.0,[-0.55250883  0.00296648],0
31,[-0.55250883  0.00296648],1,-1.0,[-0.5493258   0.00318303],0
31,[-0.5493258   0.00318303],1,-1.0,[-0.54595     0.00337579],0
31,[-0.54595     0.00337579],1,-1.0,[-0.54240674  0.0035433 ],0
31,[-0.54240674  0.0035433 ],1,-1.0,[-0.53872246  0.00368428],0
31,[-0.53872246  0.00368428],1,-1.0,[-0.53492475  0.00379767],0
31,[-0.53492475  0.00379767],1,-1.0,[-0.53104216  0.0038826 ],0
31,[-0.53104216  0.0038826 ],1,-1.0,[-0.5271037   0.00393842],0
31,[-0.5271037   0.00393842],1,-1.0,[-0.523139    0.00396471],0
31,[-0.523139    0.00396471],1,-1.0,[-0.5191778   0.00396126],0
31,[-0.5191778   0.00396126],1,-1.0,[-0.51524967  0.0039281 ],0
31,[-0.51524967  0.0039281 ],1,-1.0,[-0.5113842   0.00386549],0
31,[-0.5113842   0.00386549],1,-1.0,[-0.50761026  0.0037739 ],0
31,[-0.50761026  0.0037739 ],1,-1.0,[-0.50395626  0.00365404],0
31,[-0.50395626  0.00365404],1,-1.0,[-0.5004494  0.0035068],0
31,[-0.5004494  0.0035068],1,-1.0,[-0.49711612  0.00333332],0
31,[-0.49711612  0.00333332],1,-1.0,[-0.49398118  0.00313491],0
31,[-0.49398118  0.00313491],1,-1.0,[-0.49106812  0.00291307],0
31,[-0.49106812  0.00291307],1,-1.0,[-0.48839864  0.00266948],0
31,[-0.48839864  0.00266948],1,-1.0,[-0.48599267  0.00240597],0
31,[-0.48599267  0.00240597],1,-1.0,[-0.48386815  0.00212452],0
31,[-0.48386815  0.00212452],1,-1.0,[-0.4820409   0.00182724],0
31,[-0.4820409   0.00182724],1,-1.0,[-0.48052454  0.00151637],0
31,[-0.48052454  0.00151637],1,-1.0,[-0.47933033  0.00119421],0
31,[-0.47933033  0.00119421],1,-1.0,[-0.47846717  0.00086317],0
31,[-0.47846717  0.00086317],1,-1.0,[-0.47794145  0.00052572],0
31,[-0.47794145  0.00052572],1,-1.0,[-4.7775710e-01  1.8435708e-04],0
31,[-4.7775710e-01  1.8435708e-04],1,-1.0,[-4.7791547e-01 -1.5837280e-04],0
31,[-4.7791547e-01 -1.5837280e-04],1,-1.0,[-0.4784154  -0.00049993],0
31,[-0.4784154  -0.00049993],1,-1.0,[-0.47925314 -0.00083776],0
31,[-0.47925314 -0.00083776],1,-1.0,[-0.48042253 -0.00116938],0
31,[-0.48042253 -0.00116938],1,-1.0,[-0.48191482 -0.00149229],0
31,[-0.48191482 -0.00149229],1,-1.0,[-0.48371893 -0.00180411],0
31,[-0.48371893 -0.00180411],1,-1.0,[-0.48582143 -0.00210249],0
31,[-0.48582143 -0.00210249],1,-1.0,[-0.48820665 -0.00238522],0
31,[-0.48820665 -0.00238522],1,-1.0,[-0.4908568  -0.00265016],0
31,[-0.4908568  -0.00265016],1,-1.0,[-0.49375215 -0.00289533],0
31,[-0.49375215 -0.00289533],1,-1.0,[-0.49687102 -0.00311888],0
31,[-0.49687102 -0.00311888],1,-1.0,[-0.50019014 -0.00331913],0
31,[-0.50019014 -0.00331913],1,-1.0,[-0.5036847  -0.00349455],0
31,[-0.5036847  -0.00349455],1,-1.0,[-0.5073285  -0.00364381],0
31,[-0.5073285  -0.00364381],1,-1.0,[-0.5110943  -0.00376579],0
31,[-0.5110943  -0.00376579],1,-1.0,[-0.51495385 -0.00385955],0
31,[-0.51495385 -0.00385955],1,-1.0,[-0.5188782  -0.00392438],0
31,[-0.5188782  -0.00392438],1,-1.0,[-0.522838   -0.00395979],0
31,[-0.522838   -0.00395979],1,-1.0,[-0.5268035  -0.00396549],1
32,"(array([-0.5684973,  0.       ], dtype=float32), {})",1,-1.0,[-5.681616e-01  3.357217e-04],0
32,[-5.681616e-01  3.357217e-04],1,-1.0,[-0.56749266  0.00066895],0
32,[-0.56749266  0.00066895],1,-1.0,[-0.5664954  0.0009972],0
32,[-0.5664954  0.0009972],1,-1.0,[-0.5651774   0.00131804],0
32,[-0.5651774   0.00131804],1,-1.0,[-0.5635483   0.00162907],0
32,[-0.5635483   0.00162907],1,-1.0,[-0.56162035  0.00192798],0
32,[-0.56162035  0.00192798],1,-1.0,[-0.55940783  0.00221252],0
32,[-0.55940783  0.00221252],1,-1.0,[-0.55692726  0.00248057],0
32,[-0.55692726  0.00248057],1,-1.0,[-0.55419713  0.00273012],0
32,[-0.55419713  0.00273012],1,-1.0,[-0.5512379   0.00295928],0
32,[-0.5512379   0.00295928],1,-1.0,[-0.5480715   0.00316634],0
32,[-0.5480715   0.00316634],1,-1.0,[-0.5447218   0.00334972],0
32,[-0.5447218   0.00334972],1,-1.0,[-0.54121375  0.00350804],0
32,[-0.54121375  0.00350804],1,-1.0,[-0.5375737   0.00364009],0
32,[-0.5375737   0.00364009],1,-1.0,[-0.5338288   0.00374487],0
32,[-0.5338288   0.00374487],1,-1.0,[-0.53000724  0.00382158],0
32,[-0.53000724  0.00382158],1,-1.0,[-0.5261376   0.00386964],0
32,[-0.5261376   0.00386964],1,-1.0,[-0.5222489   0.00388868],0
32,[-0.5222489   0.00388868],1,-1.0,[-0.51837033  0.00387856],0
32,[-0.51837033  0.00387856],1,-1.0,[-0.514531    0.00383935],0
32,[-0.514531    0.00383935],1,-1.0,[-0.51075965  0.00377135],0
32,[-0.51075965  0.00377135],1,-1.0,[-0.50708455  0.00367508],0
32,[-0.50708455  0.00367508],1,-1.0,[-0.5035333   0.00355127],0
32,[-0.5035333   0.00355127],1,-1.0,[-0.50013244  0.00340087],0
32,[-0.50013244  0.00340087],1,-1.0,[-0.49690738  0.00322502],0
32,[-0.49690738  0.00322502],1,-1.0,[-0.49388236  0.00302505],0
32,[-0.49388236  0.00302505],1,-1.0,[-0.49107987  0.00280247],0
32,[-0.49107987  0.00280247],1,-1.0,[-0.48852092  0.00255897],0
32,[-0.48852092  0.00255897],1,-1.0,[-0.48622453  0.00229637],0
32,[-0.48622453  0.00229637],1,-1.0,[-0.4842079   0.00201665],0
32,[-0.4842079   0.00201665],1,-1.0,[-0.482486   0.0017219],0
32,[-0.482486   0.0017219],1,-1.0,[-0.48107165  0.00141434],0
32,[-0.48107165  0.00141434],1,-1.0,[-0.4799754   0.00109625],0
32,[-0.4799754   0.00109625],1,-1.0,[-0.4792054   0.00077001],0
32,[-0.4792054   0.00077001],1,-1.0,[-4.7876737e-01  4.3803974e-04],0
32,[-4.7876737e-01  4.3803974e-04],1,-1.0,[-4.7866455e-01  1.0281692e-04],0
32,[-4.7866455e-01  1.0281692e-04],1,-1.0,[-4.7889772e-01 -2.3317005e-04],0
32,[-4.7889772e-01 -2.3317005e-04],1,-1.0,[-0.47946516 -0.00056742],0
32,[-0.47946516 -0.00056742],1,-1.0,[-0.4803626  -0.00089746],0
32,[-0.4803626  -0.00089746],1,-1.0,[-0.48158342 -0.00122082],0
32,[-0.48158342 -0.00122082],1,-1.0,[-0.48311853 -0.0015351 ],0
32,[-0.48311853 -0.0015351 ],1,-1.0,[-0.4849565  -0.00183796],0
32,[-0.4849565  -0.00183796],1,-1.0,[-0.4870836  -0.00212713],0
32,[-0.4870836  -0.00212713],1,-1.0,[-0.48948407 -0.00240045],0
32,[-0.48948407 -0.00240045],1,-1.0,[-0.49213994 -0.00265586],0
32,[-0.49213994 -0.00265586],1,-1.0,[-0.4950314  -0.00289145],0
32,[-0.4950314  -0.00289145],1,-1.0,[-0.49813682 -0.00310544],0
32,[-0.49813682 -0.00310544],1,-1.0,[-0.501433   -0.00329622],0
32,[-0.501433   -0.00329622],1,-1.0,[-0.5048954  -0.00346234],0
32,[-0.5048954  -0.00346234],1,-1.0,[-0.50849795 -0.00360255],0
32,[-0.50849795 -0.00360255],1,-1.0,[-0.5122137  -0.00371576],0
32,[-0.5122137  -0.00371576],1,-1.0,[-0.5160148  -0.00380113],0
32,[-0.5160148  -0.00380113],1,-1.0,[-0.51987284 -0.00385801],0
32,[-0.51987284 -0.00385801],1,-1.0,[-0.52375877 -0.00388595],0
32,[-0.52375877 -0.00388595],1,-1.0,[-0.52764356 -0.00388475],0
32,[-0.52764356 -0.00388475],1,-1.0,[-0.53149796 -0.00385442],0
32,[-0.53149796 -0.00385442],1,-1.0,[-0.53529316 -0.00379518],0
32,[-0.53529316 -0.00379518],1,-1.0,[-0.53900063 -0.00370749],0
32,[-0.53900063 -0.00370749],1,-1.0,[-0.54259264 -0.00359202],0
32,[-0.54259264 -0.00359202],1,-1.0,[-0.54604226 -0.00344964],0
32,[-0.54604226 -0.00344964],1,-1.0,[-0.54932374 -0.00328144],0
32,[-0.54932374 -0.00328144],1,-1.0,[-0.5524124 -0.0030887],0
32,[-0.5524124 -0.0030887],1,-1.0,[-0.5552853  -0.00287286],0
32,[-0.5552853  -0.00287286],1,-1.0,[-0.5579209  -0.00263557],0
32,[-0.5579209  -0.00263557],1,-1.0,[-0.56029946 -0.00237861],0
32,[-0.56029946 -0.00237861],1,-1.0,[-0.5624034  -0.00210391],0
32,[-0.5624034  -0.00210391],1,-1.0,[-0.5642169  -0.00181353],0
32,[-0.5642169  -0.00181353],1,-1.0,[-0.5657266  -0.00150965],0
32,[-0.5657266  -0.00150965],1,-1.0,[-0.5669211  -0.00119453],0
32,[-0.5669211  -0.00119453],1,-1.0,[-0.56779164 -0.00087053],0
32,[-0.56779164 -0.00087053],1,-1.0,[-5.6833166e-01 -5.4005289e-04],0
32,[-5.6833166e-01 -5.4005289e-04],1,-1.0,[-5.6853724e-01 -2.0556229e-04],0
32,[-5.6853724e-01 -2.0556229e-04],1,-1.0,[-5.6840676e-01  1.3045612e-04],0
32,[-5.6840676e-01  1.3045612e-04],1,-1.0,[-5.6794125e-01  4.6550497e-04],0
32,[-5.6794125e-01  4.6550497e-04],1,-1.0,[-0.56714416  0.00079709],0
32,[-0.56714416  0.00079709],1,-1.0,[-0.56602144  0.00112276],0
32,[-0.56602144  0.00112276],1,-1.0,[-0.56458133  0.00144007],0
32,[-0.56458133  0.00144007],1,-1.0,[-0.5628347   0.00174666],0
32,[-0.5628347   0.00174666],1,-1.0,[-0.5607944   0.00204025],0
32,[-0.5607944   0.00204025],1,-1.0,[-0.5584758   0.00231864],0
32,[-0.5584758   0.00231864],1,-1.0,[-0.55589604  0.00257974],0
32,[-0.55589604  0.00257974],1,-1.0,[-0.5530745   0.00282159],0
32,[-0.5530745   0.00282159],1,-1.0,[-0.5500321   0.00304237],0
32,[-0.5500321   0.00304237],1,-1.0,[-0.5467917   0.00324042],0
32,[-0.5467917   0.00324042],1,-1.0,[-0.54337746  0.00341422],0
32,[-0.54337746  0.00341422],1,-1.0,[-0.53981495  0.00356248],0
32,[-0.53981495  0.00356248],1,-1.0,[-0.5361309   0.00368405],0
32,[-0.5361309   0.00368405],1,-1.0,[-0.5323529   0.00377802],0
32,[-0.5323529   0.00377802],1,-1.0,[-0.52850926  0.00384367],0
32,[-0.52850926  0.00384367],1,-1.0,[-0.52462876  0.00388049],0
32,[-0.52462876  0.00388049],1,-1.0,[-0.5207405   0.00388822],0
32,[-0.5207405   0.00388822],1,-1.0,[-0.5168738   0.00386678],0
32,[-0.5168738   0.00386678],1,-1.0,[-0.5130574   0.00381635],0
32,[-0.5130574   0.00381635],1,-1.0,[-0.5093201  0.0037373],0
32,[-0.5093201  0.0037373],1,-1.0,[-0.50568986  0.00363024],0
32,[-0.50568986  0.00363024],1,-1.0,[-0.50219387  0.00349599],0
32,[-0.50219387  0.00349599],1,-1.0,[-0.4988583   0.00333556],0
32,[-0.4988583   0.00333556],1,-1.0,[-0.49570814  0.00315018],0
32,[-0.49570814  0.00315018],1,-1.0,[-0.4927669   0.00294124],0
32,[-0.4927669   0.00294124],1,-1.0,[-0.49005654  0.00271033],0
32,[-0.49005654  0.00271033],1,-1.0,[-0.48759735  0.00245919],0
32,[-0.48759735  0.00245919],1,-1.0,[-0.48540765  0.00218971],0
32,[-0.48540765  0.00218971],1,-1.0,[-0.48350376  0.0019039 ],0
32,[-0.48350376  0.0019039 ],1,-1.0,[-0.48189983  0.00160391],0
32,[-0.48189983  0.00160391],1,-1.0,[-0.48060784  0.00129198],0
32,[-0.48060784  0.00129198],1,-1.0,[-0.4796374   0.00097045],0
32,[-0.4796374   0.00097045],1,-1.0,[-0.4789957   0.00064169],0
32,[-0.4789957   0.00064169],1,-1.0,[-4.7868755e-01  3.0816460e-04],0
32,[-4.7868755e-01  3.0816460e-04],1,-1.0,[-4.7871521e-01 -2.7651407e-05],0
32,[-4.7871521e-01 -2.7651407e-05],1,-1.0,[-4.7907847e-01 -3.6326190e-04],0
32,[-4.7907847e-01 -3.6326190e-04],1,-1.0,[-0.47977462 -0.00069617],0
32,[-0.47977462 -0.00069617],1,-1.0,[-0.48079854 -0.00102391],0
32,[-0.48079854 -0.00102391],1,-1.0,[-0.48214257 -0.00134403],0
32,[-0.48214257 -0.00134403],1,-1.0,[-0.48379672 -0.00165415],0
32,[-0.48379672 -0.00165415],1,-1.0,[-0.48574868 -0.00195196],0
32,[-0.48574868 -0.00195196],1,-1.0,[-0.48798388 -0.00223522],0
32,[-0.48798388 -0.00223522],1,-1.0,[-0.49048573 -0.00250182],0
32,[-0.49048573 -0.00250182],1,-1.0,[-0.4932355  -0.00274976],0
32,[-0.4932355  -0.00274976],1,-1.0,[-0.49621266 -0.00297717],0
32,[-0.49621266 -0.00297717],1,-1.0,[-0.499395   -0.00318234],0
32,[-0.499395   -0.00318234],1,-1.0,[-0.5027587  -0.00336371],0
32,[-0.5027587  -0.00336371],1,-1.0,[-0.50627863 -0.00351991],0
32,[-0.50627863 -0.00351991],1,-1.0,[-0.50992835 -0.00364975],0
32,[-0.50992835 -0.00364975],1,-1.0,[-0.51368064 -0.00375225],0
32,[-0.51368064 -0.00375225],1,-1.0,[-0.51750726 -0.00382662],0
32,[-0.51750726 -0.00382662],1,-1.0,[-0.52137953 -0.00387231],0
32,[-0.52137953 -0.00387231],1,-1.0,[-0.5252685  -0.00388895],0
32,[-0.5252685  -0.00388895],1,-1.0,[-0.52914494 -0.00387643],0
32,[-0.52914494 -0.00387643],1,-1.0,[-0.5329798  -0.00383484],0
32,[-0.5329798  -0.00383484],1,-1.0,[-0.53674424 -0.00376449],0
32,[-0.53674424 -0.00376449],1,-1.0,[-0.54041016 -0.00366592],0
32,[-0.54041016 -0.00366592],1,-1.0,[-0.5439501  -0.00353989],0
32,[-0.5439501  -0.00353989],1,-1.0,[-0.5473374  -0.00338735],0
32,[-0.5473374  -0.00338735],1,-1.0,[-0.5505469  -0.00320946],0
32,[-0.5505469  -0.00320946],1,-1.0,[-0.5535544  -0.00300757],0
32,[-0.5535544  -0.00300757],1,-1.0,[-0.55633765 -0.0027832 ],0
32,[-0.55633765 -0.0027832 ],1,-1.0,[-0.5588757  -0.00253806],0
32,[-0.5588757  -0.00253806],1,-1.0,[-0.56114966 -0.00227397],0
32,[-0.56114966 -0.00227397],1,-1.0,[-0.5631426  -0.00199294],0
32,[-0.5631426  -0.00199294],1,-1.0,[-0.56483966 -0.00169705],0
32,[-0.56483966 -0.00169705],1,-1.0,[-0.5662282  -0.00138854],0
32,[-0.5662282  -0.00138854],1,-1.0,[-0.5672979  -0.00106969],0
32,[-0.5672979  -0.00106969],1,-1.0,[-0.5680408  -0.00074288],0
32,[-0.5680408  -0.00074288],1,-1.0,[-5.6845134e-01 -4.1055249e-04],0
32,[-5.6845134e-01 -4.1055249e-04],1,-1.0,[-5.6852651e-01 -7.5172546e-05],0
32,[-5.6852651e-01 -7.5172546e-05],1,-1.0,[-5.6826574e-01  2.6076607e-04],0
32,[-5.6826574e-01  2.6076607e-04],1,-1.0,[-0.56767094  0.00059477],0
32,[-0.56767094  0.00059477],1,-1.0,[-0.5667466   0.00092435],0
32,[-0.5667466   0.00092435],1,-1.0,[-0.56549954  0.00124705],0
32,[-0.56549954  0.00124705],1,-1.0,[-0.5639391   0.00156048],0
32,[-0.5639391   0.00156048],1,-1.0,[-0.5620768   0.00186229],0
32,[-0.5620768   0.00186229],1,-1.0,[-0.55992657  0.00215024],0
32,[-0.55992657  0.00215024],1,-1.0,[-0.5575044   0.00242216],0
32,[-0.5575044   0.00242216],1,-1.0,[-0.5548284   0.00267601],0
32,[-0.5548284   0.00267601],1,-1.0,[-0.5519185   0.00290989],0
32,[-0.5519185   0.00290989],1,-1.0,[-0.5487965   0.00312203],0
32,[-0.5487965   0.00312203],1,-1.0,[-0.5454856   0.00331084],0
32,[-0.5454856   0.00331084],1,-1.0,[-0.5420107   0.00347487],0
32,[-0.5420107   0.00347487],1,-1.0,[-0.53839785  0.00361289],0
32,[-0.53839785  0.00361289],1,-1.0,[-0.534674    0.00372385],0
32,[-0.534674    0.00372385],1,-1.0,[-0.5308671  0.0038069],0
32,[-0.5308671  0.0038069],1,-1.0,[-0.52700573  0.0038614 ],0
32,[-0.52700573  0.0038614 ],1,-1.0,[-0.52311873  0.00388696],0
32,[-0.52311873  0.00388696],1,-1.0,[-0.5192354   0.00388336],0
32,[-0.5192354   0.00388336],1,-1.0,[-0.5153848   0.00385063],0
32,[-0.5153848   0.00385063],1,-1.0,[-0.5115957   0.00378903],0
32,[-0.5115957   0.00378903],1,-1.0,[-0.5078967   0.00369903],0
32,[-0.5078967   0.00369903],1,-1.0,[-0.5043154   0.00358131],0
32,[-0.5043154   0.00358131],1,-1.0,[-0.50087863  0.00343676],0
32,[-0.50087863  0.00343676],1,-1.0,[-0.49761215  0.00326649],0
32,[-0.49761215  0.00326649],1,-1.0,[-0.49454036  0.00307179],0
32,[-0.49454036  0.00307179],1,-1.0,[-0.49168622  0.00285413],0
32,[-0.49168622  0.00285413],1,-1.0,[-0.48907107  0.00261515],0
32,[-0.48907107  0.00261515],1,-1.0,[-0.48671442  0.00235665],0
32,[-0.48671442  0.00235665],1,-1.0,[-0.48463383  0.00208059],0
32,[-0.48463383  0.00208059],1,-1.0,[-0.48284483  0.00178901],0
32,[-0.48284483  0.00178901],1,-1.0,[-0.4813607   0.00148412],0
32,[-0.4813607   0.00148412],1,-1.0,[-0.4801925   0.00116818],0
32,[-0.4801925   0.00116818],1,-1.0,[-0.47934896  0.00084355],0
32,[-0.47934896  0.00084355],1,-1.0,[-0.4788363   0.00051265],0
32,[-0.4788363   0.00051265],1,-1.0,[-4.7865835e-01  1.7794418e-04],0
32,[-4.7865835e-01  1.7794418e-04],1,-1.0,[-4.7881645e-01 -1.5808875e-04],0
32,[-4.7881645e-01 -1.5808875e-04],1,-1.0,[-0.4793094  -0.00049295],0
32,[-0.4793094  -0.00049295],1,-1.0,[-0.48013353 -0.00082414],0
32,[-0.48013353 -0.00082414],1,-1.0,[-0.48128274 -0.00114921],0
32,[-0.48128274 -0.00114921],1,-1.0,[-0.48274848 -0.00146573],0
32,[-0.48274848 -0.00146573],1,-1.0,[-0.4845198  -0.00177134],0
32,[-0.4845198  -0.00177134],1,-1.0,[-0.48658356 -0.00206376],0
32,[-0.48658356 -0.00206376],1,-1.0,[-0.48892435 -0.0023408 ],0
32,[-0.48892435 -0.0023408 ],1,-1.0,[-0.49152476 -0.00260039],0
32,[-0.49152476 -0.00260039],1,-1.0,[-0.49436533 -0.00284057],0
32,[-0.49436533 -0.00284057],1,-1.0,[-0.49742487 -0.00305954],0
32,[-0.49742487 -0.00305954],1,-1.0,[-0.5006805  -0.00325565],0
32,[-0.5006805  -0.00325565],1,-1.0,[-0.50410795 -0.0034274 ],0
32,[-0.50410795 -0.0034274 ],1,-1.0,[-0.5076814 -0.0035735],0
32,[-0.5076814 -0.0035735],1,-1.0,[-0.51137424 -0.00369283],0
32,[-0.51137424 -0.00369283],1,-1.0,[-0.5151588 -0.0037845],0
32,[-0.5151588 -0.0037845],1,-1.0,[-0.51900655 -0.00384779],0
32,[-0.51900655 -0.00384779],1,-1.0,[-0.5228888  -0.00388223],0
32,[-0.5228888  -0.00388223],1,-1.0,[-0.5267763  -0.00388755],1
33,"(array([-0.41675645,  0.        ], dtype=float32), {})",1,-1.0,[-0.41754413 -0.00078767],0
33,[-0.41754413 -0.00078767],1,-1.0,[-0.41911384 -0.00156972],0
33,[-0.41911384 -0.00156972],1,-1.0,[-0.42145446 -0.00234059],0
33,[-0.42145446 -0.00234059],1,-1.0,[-0.4245492  -0.00309474],0
33,[-0.4245492  -0.00309474],1,-1.0,[-0.42837593 -0.00382673],0
33,[-0.42837593 -0.00382673],1,-1.0,[-0.43290713 -0.00453123],0
33,[-0.43290713 -0.00453123],1,-1.0,[-0.4381102  -0.00520305],0
33,[-0.4381102  -0.00520305],1,-1.0,[-0.4439474  -0.00583721],0
33,[-0.4439474  -0.00583721],1,-1.0,[-0.45037633 -0.00642893],0
33,[-0.45037633 -0.00642893],1,-1.0,[-0.45735002 -0.00697369],0
33,[-0.45735002 -0.00697369],1,-1.0,[-0.46481732 -0.00746729],0
33,[-0.46481732 -0.00746729],1,-1.0,[-0.4727232  -0.00790587],0
33,[-0.4727232  -0.00790587],1,-1.0,[-0.48100916 -0.00828596],0
33,[-0.48100916 -0.00828596],1,-1.0,[-0.48961365 -0.00860451],0
33,[-0.48961365 -0.00860451],1,-1.0,[-0.49847263 -0.00885896],0
33,[-0.49847263 -0.00885896],1,-1.0,[-0.50751984 -0.00904723],0
33,[-0.50751984 -0.00904723],1,-1.0,[-0.51668763 -0.00916777],0
33,[-0.51668763 -0.00916777],1,-1.0,[-0.5259072 -0.0092196],0
33,[-0.5259072 -0.0092196],1,-1.0,[-0.5351095  -0.00920229],0
33,[-0.5351095  -0.00920229],1,-1.0,[-0.54422545 -0.00911598],0
33,[-0.54422545 -0.00911598],1,-1.0,[-0.55318683 -0.00896137],0
33,[-0.55318683 -0.00896137],1,-1.0,[-0.5619266  -0.00873975],0
33,[-0.5619266  -0.00873975],1,-1.0,[-0.57037956 -0.00845293],0
33,[-0.57037956 -0.00845293],1,-1.0,[-0.57848275 -0.00810322],0
33,[-0.57848275 -0.00810322],1,-1.0,[-0.5861762  -0.00769345],0
33,[-0.5861762  -0.00769345],1,-1.0,[-0.5934031  -0.00722687],0
33,[-0.5934031  -0.00722687],1,-1.0,[-0.60011023 -0.00670716],0
33,[-0.60011023 -0.00670716],1,-1.0,[-0.6062486  -0.00613835],0
33,[-0.6062486  -0.00613835],1,-1.0,[-0.6117734  -0.00552481],0
33,[-0.6117734  -0.00552481],1,-1.0,[-0.61664456 -0.00487118],0
33,[-0.61664456 -0.00487118],1,-1.0,[-0.62082696 -0.00418237],0
33,[-0.62082696 -0.00418237],1,-1.0,[-0.6242904  -0.00346345],0
33,[-0.6242904  -0.00346345],1,-1.0,[-0.6270101 -0.0027197],0
33,[-0.6270101 -0.0027197],1,-1.0,[-0.62896657 -0.00195649],0
33,[-0.62896657 -0.00195649],1,-1.0,[-0.6301459  -0.00117933],0
33,[-0.6301459  -0.00117933],1,-1.0,[-6.3053966e-01 -3.9376336e-04],0
33,[-6.3053966e-01 -3.9376336e-04],1,-1.0,[-6.3014507e-01  3.9460513e-04],0
33,[-6.3014507e-01  3.9460513e-04],1,-1.0,[-0.6289649   0.00118016],0
33,[-0.6289649   0.00118016],1,-1.0,[-0.6270076   0.00195732],0
33,[-0.6270076   0.00195732],1,-1.0,[-0.62428707  0.0027205 ],0
33,[-0.62428707  0.0027205 ],1,-1.0,[-0.62082285  0.00346423],0
33,[-0.62082285  0.00346423],1,-1.0,[-0.61663973  0.00418312],0
33,[-0.61663973  0.00418312],1,-1.0,[-0.6117678  0.0048719],0
33,[-0.6117678  0.0048719],1,-1.0,[-0.60624236  0.00552548],0
33,[-0.60624236  0.00552548],1,-1.0,[-0.6001034   0.00613898],0
33,[-0.6001034   0.00613898],1,-1.0,[-0.59339565  0.00670774],0
33,[-0.59339565  0.00670774],1,-1.0,[-0.5861682  0.0072274],0
33,[-0.5861682  0.0072274],1,-1.0,[-0.57847434  0.00769392],0
33,[-0.57847434  0.00769392],1,-1.0,[-0.5703707   0.00810363],0
33,[-0.5703707   0.00810363],1,-1.0,[-0.5619174   0.00845327],0
33,[-0.5619174   0.00845327],1,-1.0,[-0.5531774   0.00874003],0
33,[-0.5531774   0.00874003],1,-1.0,[-0.5442158   0.00896158],0
33,[-0.5442158   0.00896158],1,-1.0,[-0.5350997  0.0091161],0
33,[-0.5350997  0.0091161],1,-1.0,[-0.5258974   0.00920234],0
33,[-0.5258974   0.00920234],1,-1.0,[-0.5166778   0.00921958],0
33,[-0.5166778   0.00921958],1,-1.0,[-0.5075101   0.00916768],0
33,[-0.5075101   0.00916768],1,-1.0,[-0.49846303  0.00904706],0
33,[-0.49846303  0.00904706],1,-1.0,[-0.48960432  0.00885872],0
33,[-0.48960432  0.00885872],1,-1.0,[-0.48100013  0.00860421],0
33,[-0.48100013  0.00860421],1,-1.0,[-0.47271454  0.00828558],0
33,[-0.47271454  0.00828558],1,-1.0,[-0.4648091   0.00790543],0
33,[-0.4648091   0.00790543],1,-1.0,[-0.4573423   0.00746679],0
33,[-0.4573423   0.00746679],1,-1.0,[-0.45036918  0.00697313],0
33,[-0.45036918  0.00697313],1,-1.0,[-0.44394085  0.00642832],0
33,[-0.44394085  0.00642832],1,-1.0,[-0.4381043   0.00583656],0
33,[-0.4381043   0.00583656],1,-1.0,[-0.43290195  0.00520235],0
33,[-0.43290195  0.00520235],1,-1.0,[-0.42837146  0.00453049],0
33,[-0.42837146  0.00453049],1,-1.0,[-0.4245455   0.00382596],0
33,[-0.4245455   0.00382596],1,-1.0,[-0.42145154  0.00309395],0
33,[-0.42145154  0.00309395],1,-1.0,[-0.41911176  0.00233978],0
33,[-0.41911176  0.00233978],1,-1.0,[-0.41754287  0.00156889],0
33,[-0.41754287  0.00156889],1,-1.0,[-0.41675603  0.00078683],0
33,[-0.41675603  0.00078683],1,-1.0,[-4.167569e-01 -8.425270e-07],0
33,[-4.167569e-01 -8.425270e-07],1,-1.0,[-0.41754538 -0.00078851],0
33,[-0.41754538 -0.00078851],1,-1.0,[-0.41911596 -0.00157056],0
33,[-0.41911596 -0.00157056],1,-1.0,[-0.42145735 -0.00234141],0
33,[-0.42145735 -0.00234141],1,-1.0,[-0.4245529  -0.00309554],0
33,[-0.4245529  -0.00309554],1,-1.0,[-0.4283804 -0.0038275],0
33,[-0.4283804 -0.0038275],1,-1.0,[-0.43291235 -0.00453196],0
33,[-0.43291235 -0.00453196],1,-1.0,[-0.4381161  -0.00520375],0
33,[-0.4381161  -0.00520375],1,-1.0,[-0.44395396 -0.00583787],0
33,[-0.44395396 -0.00583787],1,-1.0,[-0.4503835  -0.00642954],0
33,[-0.4503835  -0.00642954],1,-1.0,[-0.45735776 -0.00697425],0
33,[-0.45735776 -0.00697425],1,-1.0,[-0.46482554 -0.00746779],0
33,[-0.46482554 -0.00746779],1,-1.0,[-0.47273186 -0.00790631],0
33,[-0.47273186 -0.00790631],1,-1.0,[-0.4810182  -0.00828633],0
33,[-0.4810182  -0.00828633],1,-1.0,[-0.489623   -0.00860482],0
33,[-0.489623   -0.00860482],1,-1.0,[-0.4984822 -0.0088592],0
33,[-0.4984822 -0.0088592],1,-1.0,[-0.5075296  -0.00904739],0
33,[-0.5075296  -0.00904739],1,-1.0,[-0.51669747 -0.00916786],0
33,[-0.51669747 -0.00916786],1,-1.0,[-0.52591705 -0.00921962],0
33,[-0.52591705 -0.00921962],1,-1.0,[-0.5351193  -0.00920223],0
33,[-0.5351193  -0.00920223],1,-1.0,[-0.54423517 -0.00911585],0
33,[-0.54423517 -0.00911585],1,-1.0,[-0.5531963  -0.00896117],0
33,[-0.5531963  -0.00896117],1,-1.0,[-0.5619358  -0.00873948],0
33,[-0.5619358  -0.00873948],1,-1.0,[-0.5703884  -0.00845259],0
33,[-0.5703884  -0.00845259],1,-1.0,[-0.5784912  -0.00810282],0
33,[-0.5784912  -0.00810282],1,-1.0,[-0.5861842  -0.00769298],0
33,[-0.5861842  -0.00769298],1,-1.0,[-0.59341055 -0.00722634],0
33,[-0.59341055 -0.00722634],1,-1.0,[-0.6001171  -0.00670658],0
33,[-0.6001171  -0.00670658],1,-1.0,[-0.6062548  -0.00613772],0
33,[-0.6062548  -0.00613772],1,-1.0,[-0.611779   -0.00552413],0
33,[-0.611779   -0.00552413],1,-1.0,[-0.61664945 -0.00487046],0
33,[-0.61664945 -0.00487046],1,-1.0,[-0.620831   -0.00418161],0
33,[-0.620831   -0.00418161],1,-1.0,[-0.6242937  -0.00346267],0
33,[-0.6242937  -0.00346267],1,-1.0,[-0.6270126  -0.00271889],0
33,[-0.6270126  -0.00271889],1,-1.0,[-0.62896824 -0.00195567],0
33,[-0.62896824 -0.00195567],1,-1.0,[-0.63014674 -0.00117849],0
33,[-0.63014674 -0.00117849],1,-1.0,[-6.3053966e-01 -3.9292159e-04],0
33,[-6.3053966e-01 -3.9292159e-04],1,-1.0,[-6.3014424e-01  3.9544690e-04],0
33,[-6.3014424e-01  3.9544690e-04],1,-1.0,[-0.62896323  0.001181  ],0
33,[-0.62896323  0.001181  ],1,-1.0,[-0.6270051   0.00195814],0
33,[-0.6270051   0.00195814],1,-1.0,[-0.6242838   0.00272131],0
33,[-0.6242838   0.00272131],1,-1.0,[-0.6208188   0.00346501],0
33,[-0.6208188   0.00346501],1,-1.0,[-0.6166349   0.00418387],0
33,[-0.6166349   0.00418387],1,-1.0,[-0.6117623   0.00487262],0
33,[-0.6117623   0.00487262],1,-1.0,[-0.6062361   0.00552616],0
33,[-0.6062361   0.00552616],1,-1.0,[-0.6000965   0.00613961],0
33,[-0.6000965   0.00613961],1,-1.0,[-0.5933882   0.00670832],0
33,[-0.5933882   0.00670832],1,-1.0,[-0.58616024  0.00722793],0
33,[-0.58616024  0.00722793],1,-1.0,[-0.5784659   0.00769439],0
33,[-0.5784659   0.00769439],1,-1.0,[-0.57036185  0.00810404],0
33,[-0.57036185  0.00810404],1,-1.0,[-0.56190825  0.00845361],0
33,[-0.56190825  0.00845361],1,-1.0,[-0.55316794  0.0087403 ],0
33,[-0.55316794  0.0087403 ],1,-1.0,[-0.54420614  0.00896178],0
33,[-0.54420614  0.00896178],1,-1.0,[-0.5350899   0.00911623],0
33,[-0.5350899   0.00911623],1,-1.0,[-0.5258875  0.0092024],0
33,[-0.5258875  0.0092024],1,-1.0,[-0.51666796  0.00921956],0
33,[-0.51666796  0.00921956],1,-1.0,[-0.50750035  0.00916759],0
33,[-0.50750035  0.00916759],1,-1.0,[-0.49845347  0.0090469 ],0
33,[-0.49845347  0.0090469 ],1,-1.0,[-0.48959497  0.00885849],0
33,[-0.48959497  0.00885849],1,-1.0,[-0.4809911  0.0086039],0
33,[-0.4809911  0.0086039],1,-1.0,[-0.47270587  0.00828521],0
33,[-0.47270587  0.00828521],1,-1.0,[-0.46480086  0.007905  ],0
33,[-0.46480086  0.007905  ],1,-1.0,[-0.45733458  0.00746629],0
33,[-0.45733458  0.00746629],1,-1.0,[-0.450362    0.00697258],0
33,[-0.450362    0.00697258],1,-1.0,[-0.4439343   0.00642771],0
33,[-0.4439343   0.00642771],1,-1.0,[-0.4380984  0.0058359],0
33,[-0.4380984  0.0058359],1,-1.0,[-0.43289673  0.00520166],0
33,[-0.43289673  0.00520166],1,-1.0,[-0.428367    0.00452975],0
33,[-0.428367    0.00452975],1,-1.0,[-0.42454177  0.00382519],0
33,[-0.42454177  0.00382519],1,-1.0,[-0.42144865  0.00309315],0
33,[-0.42144865  0.00309315],1,-1.0,[-0.41910967  0.00233896],0
33,[-0.41910967  0.00233896],1,-1.0,[-0.41754162  0.00156806],0
33,[-0.41754162  0.00156806],1,-1.0,[-0.41675562  0.00078599],0
33,[-0.41675562  0.00078599],1,-1.0,[-4.1675732e-01 -1.6850540e-06],0
33,[-4.1675732e-01 -1.6850540e-06],1,-1.0,[-0.41754666 -0.00078935],0
33,[-0.41754666 -0.00078935],1,-1.0,[-0.41911805 -0.00157139],0
33,[-0.41911805 -0.00157139],1,-1.0,[-0.42146027 -0.00234222],0
33,[-0.42146027 -0.00234222],1,-1.0,[-0.42455658 -0.00309633],0
33,[-0.42455658 -0.00309633],1,-1.0,[-0.42838487 -0.00382827],0
33,[-0.42838487 -0.00382827],1,-1.0,[-0.43291757 -0.0045327 ],0
33,[-0.43291757 -0.0045327 ],1,-1.0,[-0.438122   -0.00520445],0
33,[-0.438122   -0.00520445],1,-1.0,[-0.44396052 -0.00583852],0
33,[-0.44396052 -0.00583852],1,-1.0,[-0.45039067 -0.00643014],0
33,[-0.45039067 -0.00643014],1,-1.0,[-0.45736548 -0.0069748 ],0
33,[-0.45736548 -0.0069748 ],1,-1.0,[-0.46483377 -0.00746829],0
33,[-0.46483377 -0.00746829],1,-1.0,[-0.4727405  -0.00790675],0
33,[-0.4727405  -0.00790675],1,-1.0,[-0.48102722 -0.00828671],0
33,[-0.48102722 -0.00828671],1,-1.0,[-0.48963234 -0.00860513],0
33,[-0.48963234 -0.00860513],1,-1.0,[-0.49849176 -0.00885943],0
33,[-0.49849176 -0.00885943],1,-1.0,[-0.50753933 -0.00904756],0
33,[-0.50753933 -0.00904756],1,-1.0,[-0.5167073  -0.00916796],0
33,[-0.5167073  -0.00916796],1,-1.0,[-0.52592695 -0.00921964],0
33,[-0.52592695 -0.00921964],1,-1.0,[-0.53512913 -0.00920218],0
33,[-0.53512913 -0.00920218],1,-1.0,[-0.5442448  -0.00911572],0
33,[-0.5442448  -0.00911572],1,-1.0,[-0.5532058  -0.00896097],0
33,[-0.5532058  -0.00896097],1,-1.0,[-0.561945   -0.00873921],0
33,[-0.561945   -0.00873921],1,-1.0,[-0.57039726 -0.00845225],0
33,[-0.57039726 -0.00845225],1,-1.0,[-0.5784997  -0.00810241],0
33,[-0.5784997  -0.00810241],1,-1.0,[-0.5861922  -0.00769251],0
33,[-0.5861922  -0.00769251],1,-1.0,[-0.593418   -0.00722582],0
33,[-0.593418   -0.00722582],1,-1.0,[-0.600124   -0.00670599],0
33,[-0.600124   -0.00670599],1,-1.0,[-0.6062611  -0.00613708],0
33,[-0.6062611  -0.00613708],1,-1.0,[-0.6117845  -0.00552345],0
33,[-0.6117845  -0.00552345],1,-1.0,[-0.6166543  -0.00486975],0
33,[-0.6166543  -0.00486975],1,-1.0,[-0.6208351  -0.00418086],0
33,[-0.6208351  -0.00418086],1,-1.0,[-0.624297   -0.00346189],0
33,[-0.624297   -0.00346189],1,-1.0,[-0.6270151  -0.00271808],0
33,[-0.6270151  -0.00271808],1,-1.0,[-0.62896997 -0.00195484],0
33,[-0.62896997 -0.00195484],1,-1.0,[-0.6301476  -0.00117766],0
33,[-0.6301476  -0.00117766],1,-1.0,[-6.3053966e-01 -3.9207979e-04],0
33,[-6.3053966e-01 -3.9207979e-04],1,-1.0,[-6.3014340e-01  3.9628867e-04],0
33,[-6.3014340e-01  3.9628867e-04],1,-1.0,[-0.62896156  0.00118184],0
33,[-0.62896156  0.00118184],1,-1.0,[-0.6270026   0.00195896],0
33,[-0.6270026   0.00195896],1,-1.0,[-0.62428045  0.00272211],0
33,[-0.62428045  0.00272211],1,-1.0,[-0.6208147  0.0034658],0
33,[-0.6208147  0.0034658],1,-1.0,[-0.6166301   0.00418462],0
33,[-0.6166301   0.00418462],1,-1.0,[-0.61175674  0.00487334],0
33,[-0.61175674  0.00487334],1,-1.0,[-0.6062299   0.00552684],0
33,[-0.6062299   0.00552684],1,-1.0,[-0.6000896   0.00614024],0
33,[-0.6000896   0.00614024],1,-1.0,[-0.59338075  0.0067089 ],0
33,[-0.59338075  0.0067089 ],1,-1.0,[-0.58615226  0.00722845],0
33,[-0.58615226  0.00722845],1,-1.0,[-0.5784574   0.00769486],0
33,[-0.5784574   0.00769486],1,-1.0,[-0.570353    0.00810444],0
33,[-0.570353    0.00810444],1,-1.0,[-0.561899    0.00845395],0
33,[-0.561899    0.00845395],1,-1.0,[-0.55315846  0.00874057],0
33,[-0.55315846  0.00874057],1,-1.0,[-0.5441965   0.00896198],0
33,[-0.5441965   0.00896198],1,-1.0,[-0.53508013  0.00911636],0
33,[-0.53508013  0.00911636],1,-1.0,[-0.52587765  0.00920246],1
34,"(array([-0.55228984,  0.        ], dtype=float32), {})",1,-1.0,[-5.5207491e-01  2.1491747e-04],0
34,[-5.5207491e-01  2.1491747e-04],1,-1.0,[-5.5164671e-01  4.2822896e-04],0
34,[-5.5164671e-01  4.2822896e-04],1,-1.0,[-0.55100834  0.00063834],0
34,[-0.55100834  0.00063834],1,-1.0,[-0.5501647   0.00084368],0
34,[-0.5501647   0.00084368],1,-1.0,[-0.549122    0.00104271],0
34,[-0.549122    0.00104271],1,-1.0,[-0.54788804  0.00123395],0
34,[-0.54788804  0.00123395],1,-1.0,[-0.5464721   0.00141596],0
34,[-0.5464721   0.00141596],1,-1.0,[-0.5448847   0.00158737],0
34,[-0.5448847   0.00158737],1,-1.0,[-0.5431378   0.00174691],0
34,[-0.5431378   0.00174691],1,-1.0,[-0.5412444   0.00189337],0
34,[-0.5412444   0.00189337],1,-1.0,[-0.5392188   0.00202565],0
34,[-0.5392188   0.00202565],1,-1.0,[-0.537076    0.00214276],0
34,[-0.537076    0.00214276],1,-1.0,[-0.5348322   0.00224381],0
34,[-0.5348322   0.00224381],1,-1.0,[-0.53250414  0.00232804],0
34,[-0.53250414  0.00232804],1,-1.0,[-0.53010935  0.00239482],0
34,[-0.53010935  0.00239482],1,-1.0,[-0.5276657   0.00244365],0
34,[-0.5276657   0.00244365],1,-1.0,[-0.52519155  0.00247415],0
34,[-0.52519155  0.00247415],1,-1.0,[-0.52270544  0.0024861 ],0
34,[-0.52270544  0.0024861 ],1,-1.0,[-0.520226   0.0024794],0
34,[-0.520226   0.0024794],1,-1.0,[-0.5177719  0.0024541],0
34,[-0.5177719  0.0024541],1,-1.0,[-0.51536155  0.0024104 ],0
34,[-0.51536155  0.0024104 ],1,-1.0,[-0.5130129   0.00234863],0
34,[-0.5130129   0.00234863],1,-1.0,[-0.5107436   0.00226925],0
34,[-0.5107436   0.00226925],1,-1.0,[-0.5085708   0.00217286],0
34,[-0.5085708   0.00217286],1,-1.0,[-0.5065106   0.00206019],0
34,[-0.5065106   0.00206019],1,-1.0,[-0.50457853  0.00193208],0
34,[-0.50457853  0.00193208],1,-1.0,[-0.502789    0.00178951],0
34,[-0.502789    0.00178951],1,-1.0,[-0.5011555   0.00163354],0
34,[-0.5011555   0.00163354],1,-1.0,[-0.49969015  0.00146534],0
34,[-0.49969015  0.00146534],1,-1.0,[-0.49840397  0.00128618],0
34,[-0.49840397  0.00128618],1,-1.0,[-0.49730656  0.0010974 ],0
34,[-0.49730656  0.0010974 ],1,-1.0,[-0.49640614  0.00090041],0
34,[-0.49640614  0.00090041],1,-1.0,[-0.49570945  0.00069669],0
34,[-0.49570945  0.00069669],1,-1.0,[-4.952217e-01  4.877644e-04],0
34,[-4.952217e-01  4.877644e-04],1,-1.0,[-4.9494651e-01  2.7519328e-04],0
34,[-4.9494651e-01  2.7519328e-04],1,-1.0,[-4.9488595e-01  6.0565751e-05],0
34,[-4.9488595e-01  6.0565751e-05],1,-1.0,[-4.9504045e-01 -1.5451433e-04],0
34,[-4.9504045e-01 -1.5451433e-04],1,-1.0,[-4.9540889e-01 -3.6843983e-04],0
34,[-4.9540889e-01 -3.6843983e-04],1,-1.0,[-0.4959885  -0.00057961],0
34,[-0.4959885  -0.00057961],1,-1.0,[-0.49677494 -0.00078645],0
34,[-0.49677494 -0.00078645],1,-1.0,[-0.49776238 -0.00098741],0
34,[-0.49776238 -0.00098741],1,-1.0,[-0.49894336 -0.00118099],0
34,[-0.49894336 -0.00118099],1,-1.0,[-0.5003091  -0.00136574],0
34,[-0.5003091  -0.00136574],1,-1.0,[-0.50184935 -0.00154027],0
34,[-0.50184935 -0.00154027],1,-1.0,[-0.5035527  -0.00170328],0
34,[-0.5035527  -0.00170328],1,-1.0,[-0.5054062  -0.00185353],0
34,[-0.5054062  -0.00185353],1,-1.0,[-0.5073961  -0.00198991],0
34,[-0.5073961  -0.00198991],1,-1.0,[-0.5095075  -0.00211138],0
34,[-0.5095075  -0.00211138],1,-1.0,[-0.5117245  -0.00221703],0
34,[-0.5117245  -0.00221703],1,-1.0,[-0.5140306  -0.00230607],0
34,[-0.5140306  -0.00230607],1,-1.0,[-0.5164084  -0.00237782],0
34,[-0.5164084  -0.00237782],1,-1.0,[-0.51884013 -0.00243175],0
34,[-0.51884013 -0.00243175],1,-1.0,[-0.5213076  -0.00246744],0
34,[-0.5213076  -0.00246744],1,-1.0,[-0.5237922  -0.00248462],0
34,[-0.5237922  -0.00248462],1,-1.0,[-0.52627534 -0.00248317],0
34,[-0.52627534 -0.00248317],1,-1.0,[-0.52873844 -0.00246309],0
34,[-0.52873844 -0.00246309],1,-1.0,[-0.531163   -0.00242455],0
34,[-0.531163   -0.00242455],1,-1.0,[-0.53353083 -0.00236782],0
34,[-0.53353083 -0.00236782],1,-1.0,[-0.5358242  -0.00229334],0
34,[-0.5358242  -0.00229334],1,-1.0,[-0.53802586 -0.00220167],0
34,[-0.53802586 -0.00220167],1,-1.0,[-0.54011935 -0.0020935 ],0
34,[-0.54011935 -0.0020935 ],1,-1.0,[-0.542089   -0.00196965],0
34,[-0.542089   -0.00196965],1,-1.0,[-0.54392004 -0.00183104],0
34,[-0.54392004 -0.00183104],1,-1.0,[-0.54559875 -0.00167873],0
34,[-0.54559875 -0.00167873],1,-1.0,[-0.54711264 -0.00151385],0
34,[-0.54711264 -0.00151385],1,-1.0,[-0.54845023 -0.00133764],0
34,[-0.54845023 -0.00133764],1,-1.0,[-0.5496017  -0.00115143],0
34,[-0.5496017  -0.00115143],1,-1.0,[-0.55055827 -0.0009566 ],0
34,[-0.55055827 -0.0009566 ],1,-1.0,[-0.5513129  -0.00075463],0
34,[-0.5513129  -0.00075463],1,-1.0,[-5.5185992e-01 -5.4701086e-04],0
34,[-5.5185992e-01 -5.4701086e-04],1,-1.0,[-5.5219525e-01 -3.3530605e-04],0
34,[-5.5219525e-01 -3.3530605e-04],1,-1.0,[-5.52316308e-01 -1.21095625e-04],0
34,[-5.52316308e-01 -1.21095625e-04],1,-1.0,[-5.522223e-01  9.401967e-05],0
34,[-5.522223e-01  9.401967e-05],1,-1.0,[-5.5191386e-01  3.0843241e-04],0
34,[-5.5191386e-01  3.0843241e-04],1,-1.0,[-5.5139333e-01  5.2054034e-04],0
34,[-5.5139333e-01  5.2054034e-04],1,-1.0,[-0.5506646   0.00072876],0
34,[-0.5506646   0.00072876],1,-1.0,[-0.54973304  0.00093153],0
34,[-0.54973304  0.00093153],1,-1.0,[-0.54860574  0.00112733],0
34,[-0.54860574  0.00112733],1,-1.0,[-0.547291    0.00131471],0
34,[-0.547291    0.00131471],1,-1.0,[-0.5457987   0.00149225],0
34,[-0.5457987   0.00149225],1,-1.0,[-0.5441401   0.00165863],0
34,[-0.5441401   0.00165863],1,-1.0,[-0.5423275   0.00181259],0
34,[-0.5423275   0.00181259],1,-1.0,[-0.5403745   0.00195298],0
34,[-0.5403745   0.00195298],1,-1.0,[-0.5382958   0.00207875],0
34,[-0.5382958   0.00207875],1,-1.0,[-0.5361068   0.00218894],0
34,[-0.5361068   0.00218894],1,-1.0,[-0.53382415  0.00228273],0
34,[-0.53382415  0.00228273],1,-1.0,[-0.5314647   0.00235941],0
34,[-0.5314647   0.00235941],1,-1.0,[-0.5290463  0.0024184],0
34,[-0.5290463  0.0024184],1,-1.0,[-0.52658707  0.00245925],0
34,[-0.52658707  0.00245925],1,-1.0,[-0.5241054   0.00248166],0
34,[-0.5241054   0.00248166],1,-1.0,[-0.5216199   0.00248546],0
34,[-0.5216199   0.00248546],1,-1.0,[-0.5191493   0.00247062],0
34,[-0.5191493   0.00247062],1,-1.0,[-0.51671207  0.00243725],0
34,[-0.51671207  0.00243725],1,-1.0,[-0.51432645  0.00238561],0
34,[-0.51432645  0.00238561],1,-1.0,[-0.5120104   0.00231607],0
34,[-0.5120104   0.00231607],1,-1.0,[-0.5097812   0.00222918],0
34,[-0.5097812   0.00222918],1,-1.0,[-0.5076556   0.00212557],0
34,[-0.5076556   0.00212557],1,-1.0,[-0.50564957  0.00200605],0
34,[-0.50564957  0.00200605],1,-1.0,[-0.5037781   0.00187149],0
34,[-0.5037781   0.00187149],1,-1.0,[-0.50205517  0.00172293],0
34,[-0.50205517  0.00172293],1,-1.0,[-0.5004937   0.00156146],0
34,[-0.5004937   0.00156146],1,-1.0,[-0.4991054   0.00138831],0
34,[-0.4991054   0.00138831],1,-1.0,[-0.49790064  0.00120478],0
34,[-0.49790064  0.00120478],1,-1.0,[-0.4968884   0.00101223],0
34,[-0.4968884   0.00101223],1,-1.0,[-0.4960763   0.00081212],0
34,[-0.4960763   0.00081212],1,-1.0,[-0.49547035  0.00060593],0
34,[-0.49547035  0.00060593],1,-1.0,[-4.9507511e-01  3.9522018e-04],0
34,[-4.9507511e-01  3.9522018e-04],1,-1.0,[-4.9489358e-01  1.8155375e-04],0
34,[-4.9489358e-01  1.8155375e-04],1,-1.0,[-4.9492705e-01 -3.3469314e-05],0
34,[-4.9492705e-01 -3.3469314e-05],1,-1.0,[-4.9517527e-01 -2.4824229e-04],0
34,[-4.9517527e-01 -2.4824229e-04],1,-1.0,[-4.9563643e-01 -4.6116026e-04],0
34,[-4.9563643e-01 -4.6116026e-04],1,-1.0,[-0.49630708 -0.00067063],0
34,[-0.49630708 -0.00067063],1,-1.0,[-0.49718216 -0.00087509],0
34,[-0.49718216 -0.00087509],1,-1.0,[-0.49825516 -0.00107301],0
34,[-0.49825516 -0.00107301],1,-1.0,[-0.49951807 -0.0012629 ],0
34,[-0.49951807 -0.0012629 ],1,-1.0,[-0.5009614  -0.00144335],0
34,[-0.5009614  -0.00144335],1,-1.0,[-0.50257444 -0.001613  ],0
34,[-0.50257444 -0.001613  ],1,-1.0,[-0.504345   -0.00177058],0
34,[-0.504345   -0.00177058],1,-1.0,[-0.5062599 -0.0019149],0
34,[-0.5062599 -0.0019149],1,-1.0,[-0.5083048  -0.00204488],0
34,[-0.5083048  -0.00204488],1,-1.0,[-0.5104643  -0.00215955],0
34,[-0.5104643  -0.00215955],1,-1.0,[-0.5127224  -0.00225803],0
34,[-0.5127224  -0.00225803],1,-1.0,[-0.515062   -0.00233959],0
34,[-0.515062   -0.00233959],1,-1.0,[-0.5174656  -0.00240361],0
34,[-0.5174656  -0.00240361],1,-1.0,[-0.51991516 -0.00244961],0
34,[-0.51991516 -0.00244961],1,-1.0,[-0.5223924  -0.00247723],0
34,[-0.5223924  -0.00247723],1,-1.0,[-0.5248787  -0.00248628],0
34,[-0.5248787  -0.00248628],1,-1.0,[-0.5273554  -0.00247668],0
34,[-0.5273554  -0.00247668],1,-1.0,[-0.5298039  -0.00244851],0
34,[-0.5298039  -0.00244851],1,-1.0,[-0.5322058  -0.00240197],0
34,[-0.5322058  -0.00240197],1,-1.0,[-0.5345433  -0.00233743],0
34,[-0.5345433  -0.00233743],1,-1.0,[-0.53679866 -0.00225536],0
34,[-0.53679866 -0.00225536],1,-1.0,[-0.53895503 -0.00215638],0
34,[-0.53895503 -0.00215638],1,-1.0,[-0.54099625 -0.00204125],0
34,[-0.54099625 -0.00204125],1,-1.0,[-0.5429071  -0.00191083],0
34,[-0.5429071  -0.00191083],1,-1.0,[-0.5446732 -0.0017661],0
34,[-0.5446732 -0.0017661],1,-1.0,[-0.54628134 -0.00160815],0
34,[-0.54628134 -0.00160815],1,-1.0,[-0.5477195  -0.00143816],0
34,[-0.5477195  -0.00143816],1,-1.0,[-0.5489769  -0.00125741],0
34,[-0.5489769  -0.00125741],1,-1.0,[-0.5500442  -0.00106726],0
34,[-0.5500442  -0.00106726],1,-1.0,[-0.5509133  -0.00086913],0
34,[-0.5509133  -0.00086913],1,-1.0,[-0.5515778 -0.0006645],0
34,[-0.5515778 -0.0006645],1,-1.0,[-5.5203271e-01 -4.5490018e-04],0
34,[-5.5203271e-01 -4.5490018e-04],1,-1.0,[-5.5227458e-01 -2.4190434e-04],0
34,[-5.5227458e-01 -2.4190434e-04],1,-1.0,[-5.5230170e-01 -2.7100874e-05],0
34,[-5.5230170e-01 -2.7100874e-05],1,-1.0,[-5.521138e-01  1.879051e-04],0
34,[-5.521138e-01  1.879051e-04],1,-1.0,[-5.5171227e-01  4.0150696e-04],0
34,[-5.5171227e-01  4.0150696e-04],1,-1.0,[-0.5511002   0.00061211],0
34,[-0.5511002   0.00061211],1,-1.0,[-0.55028206  0.00081813],0
34,[-0.55028206  0.00081813],1,-1.0,[-0.549264    0.00101805],0
34,[-0.549264    0.00101805],1,-1.0,[-0.5480536   0.00121034],0
34,[-0.5480536   0.00121034],1,-1.0,[-0.54666007  0.00139359],0
34,[-0.54666007  0.00139359],1,-1.0,[-0.54509366  0.00156641],0
34,[-0.54509366  0.00156641],1,-1.0,[-0.54336613  0.00172751],0
34,[-0.54336613  0.00172751],1,-1.0,[-0.54149044  0.00187568],0
34,[-0.54149044  0.00187568],1,-1.0,[-0.5394806  0.0020098],0
34,[-0.5394806  0.0020098],1,-1.0,[-0.5373518   0.00212887],0
34,[-0.5373518   0.00212887],1,-1.0,[-0.5351198   0.00223199],0
34,[-0.5351198   0.00223199],1,-1.0,[-0.5328014   0.00231838],0
34,[-0.5328014   0.00231838],1,-1.0,[-0.530414    0.00238739],0
34,[-0.530414    0.00238739],1,-1.0,[-0.5279755  0.0024385],0
34,[-0.5279755  0.0024385],1,-1.0,[-0.5255042   0.00247133],0
34,[-0.5255042   0.00247133],1,-1.0,[-0.52301854  0.00248562],0
34,[-0.52301854  0.00248562],1,-1.0,[-0.52053726  0.00248127],0
34,[-0.52053726  0.00248127],1,-1.0,[-0.518079    0.00245831],0
34,[-0.518079    0.00245831],1,-1.0,[-0.5156621   0.00241691],0
34,[-0.5156621   0.00241691],1,-1.0,[-0.51330465  0.00235739],0
34,[-0.51330465  0.00235739],1,-1.0,[-0.5110245  0.0022802],0
34,[-0.5110245  0.0022802],1,-1.0,[-0.5088386   0.00218591],0
34,[-0.5088386   0.00218591],1,-1.0,[-0.50676334  0.00207525],0
34,[-0.50676334  0.00207525],1,-1.0,[-0.50481427  0.00194903],0
34,[-0.50481427  0.00194903],1,-1.0,[-0.50300604  0.00180823],0
34,[-0.50300604  0.00180823],1,-1.0,[-0.5013522   0.00165388],0
34,[-0.5013522   0.00165388],1,-1.0,[-0.49986503  0.00148715],0
34,[-0.49986503  0.00148715],1,-1.0,[-0.49855575  0.0013093 ],0
34,[-0.49855575  0.0013093 ],1,-1.0,[-0.49743408  0.00112165],0
34,[-0.49743408  0.00112165],1,-1.0,[-0.49650845  0.00092562],0
34,[-0.49650845  0.00092562],1,-1.0,[-0.4957858   0.00072267],0
34,[-0.4957858   0.00072267],1,-1.0,[-0.49527147  0.00051431],0
34,[-0.49527147  0.00051431],1,-1.0,[-4.9496937e-01  3.0211161e-04],0
34,[-4.9496937e-01  3.0211161e-04],1,-1.0,[-4.9488172e-01  8.7655004e-05],0
34,[-4.9488172e-01  8.7655004e-05],1,-1.0,[-4.9500918e-01 -1.2745659e-04],0
34,[-4.9500918e-01 -1.2745659e-04],1,-1.0,[-4.9535078e-01 -3.4161579e-04],0
34,[-4.9535078e-01 -3.4161579e-04],1,-1.0,[-0.49590403 -0.00055322],0
34,[-0.49590403 -0.00055322],1,-1.0,[-0.4966647  -0.00076069],0
34,[-0.4966647  -0.00076069],1,-1.0,[-0.4976272  -0.00096248],0
34,[-0.4976272  -0.00096248],1,-1.0,[-0.49878424 -0.00115707],0
34,[-0.49878424 -0.00115707],1,-1.0,[-0.50012726 -0.00134301],0
34,[-0.50012726 -0.00134301],1,-1.0,[-0.50164616 -0.0015189 ],0
34,[-0.50164616 -0.0015189 ],1,-1.0,[-0.5033296  -0.00168342],0
34,[-0.5033296  -0.00168342],1,-1.0,[-0.5051649  -0.00183535],0
34,[-0.5051649  -0.00183535],1,-1.0,[-0.5071385  -0.00197353],0
34,[-0.5071385  -0.00197353],1,-1.0,[-0.5092354  -0.00209693],0
34,[-0.5092354  -0.00209693],1,-1.0,[-0.51144004 -0.00220463],0
34,[-0.51144004 -0.00220463],1,-1.0,[-0.51373583 -0.0022958 ],0
34,[-0.51373583 -0.0022958 ],1,-1.0,[-0.5161056  -0.00236976],0
34,[-0.5161056  -0.00236976],1,-1.0,[-0.51853156 -0.00242595],0
34,[-0.51853156 -0.00242595],1,-1.0,[-0.5209955  -0.00246395],0
34,[-0.5209955  -0.00246395],1,-1.0,[-0.523479   -0.00248348],0
34,[-0.523479   -0.00248348],1,-1.0,[-0.52596337 -0.00248438],1
35,"(array([-0.5333816,  0.       ], dtype=float32), {})",1,-1.0,[-5.3330827e-01  7.3360672e-05],0
35,[-5.3330827e-01  7.3360672e-05],1,-1.0,[-5.3316206e-01  1.4617137e-04],0
35,[-5.3316206e-01  1.4617137e-04],1,-1.0,[-5.3294420e-01  2.1788625e-04],0
35,[-5.3294420e-01  2.1788625e-04],1,-1.0,[-5.3265619e-01  2.8796762e-04],0
35,[-5.3265619e-01  2.8796762e-04],1,-1.0,[-5.3230035e-01  3.5589008e-04],0
35,[-5.3230035e-01  3.5589008e-04],1,-1.0,[-5.318792e-01  4.211443e-04],0
35,[-5.318792e-01  4.211443e-04],1,-1.0,[-5.3139591e-01  4.8324096e-04],0
35,[-5.3139591e-01  4.8324096e-04],1,-1.0,[-0.5308542   0.00054171],0
35,[-0.5308542   0.00054171],1,-1.0,[-0.5302581   0.00059613],0
35,[-0.5302581   0.00059613],1,-1.0,[-0.529612    0.00064607],0
35,[-0.529612    0.00064607],1,-1.0,[-0.5289209   0.00069116],0
35,[-0.5289209   0.00069116],1,-1.0,[-0.5281898   0.00073108],0
35,[-0.5281898   0.00073108],1,-1.0,[-0.5274243   0.00076551],0
35,[-0.5274243   0.00076551],1,-1.0,[-0.5266301  0.0007942],0
35,[-0.5266301  0.0007942],1,-1.0,[-0.52581316  0.00081694],0
35,[-0.52581316  0.00081694],1,-1.0,[-0.5249796   0.00083354],0
35,[-0.5249796   0.00083354],1,-1.0,[-0.5241357  0.0008439],0
35,[-0.5241357  0.0008439],1,-1.0,[-0.5232878   0.00084793],0
35,[-0.5232878   0.00084793],1,-1.0,[-0.52244216  0.00084559],0
35,[-0.52244216  0.00084559],1,-1.0,[-0.52160525  0.00083692],0
35,[-0.52160525  0.00083692],1,-1.0,[-0.5207833   0.00082197],0
35,[-0.5207833   0.00082197],1,-1.0,[-0.51998246  0.00080085],0
35,[-0.51998246  0.00080085],1,-1.0,[-0.5192087   0.00077373],0
35,[-0.5192087   0.00077373],1,-1.0,[-0.5184679   0.00074081],0
35,[-0.5184679   0.00074081],1,-1.0,[-0.5177656   0.00070233],0
35,[-0.5177656   0.00070233],1,-1.0,[-0.517107    0.00065858],0
35,[-0.517107    0.00065858],1,-1.0,[-0.51649714  0.00060989],0
35,[-0.51649714  0.00060989],1,-1.0,[-0.5159405   0.00055664],0
35,[-0.5159405   0.00055664],1,-1.0,[-5.154413e-01  4.992029e-04],0
35,[-5.154413e-01  4.992029e-04],1,-1.0,[-5.1500326e-01  4.3802778e-04],0
35,[-5.1500326e-01  4.3802778e-04],1,-1.0,[-5.1462966e-01  3.7356844e-04],0
35,[-5.1462966e-01  3.7356844e-04],1,-1.0,[-5.1432335e-01  3.0630830e-04],0
35,[-5.1432335e-01  3.0630830e-04],1,-1.0,[-5.1408660e-01  2.3675173e-04],0
35,[-5.1408660e-01  2.3675173e-04],1,-1.0,[-5.1392120e-01  1.6542022e-04],0
35,[-5.1392120e-01  1.6542022e-04],1,-1.0,[-5.1382834e-01  9.2848568e-05],0
35,[-5.1382834e-01  9.2848568e-05],1,-1.0,[-5.1380879e-01  1.9580853e-05],0
35,[-5.1380879e-01  1.9580853e-05],1,-1.0,[-5.1386261e-01 -5.3833657e-05],0
35,[-5.1386261e-01 -5.3833657e-05],1,-1.0,[-5.1398945e-01 -1.2684459e-04],0
35,[-5.1398945e-01 -1.2684459e-04],1,-1.0,[-5.1418835e-01 -1.9890458e-04],0
35,[-5.1418835e-01 -1.9890458e-04],1,-1.0,[-5.144578e-01 -2.694734e-04],0
35,[-5.144578e-01 -2.694734e-04],1,-1.0,[-5.1479584e-01 -3.3802196e-04],0
35,[-5.1479584e-01 -3.3802196e-04],1,-1.0,[-5.1519990e-01 -4.0403625e-04],0
35,[-5.1519990e-01 -4.0403625e-04],1,-1.0,[-5.156669e-01 -4.670213e-04],0
35,[-5.156669e-01 -4.670213e-04],1,-1.0,[-0.5161934 -0.0005265],0
35,[-0.5161934 -0.0005265],1,-1.0,[-0.5167754  -0.00058204],0
35,[-0.5167754  -0.00058204],1,-1.0,[-0.51740867 -0.00063321],0
35,[-0.51740867 -0.00063321],1,-1.0,[-0.5180883  -0.00067964],0
35,[-0.5180883  -0.00067964],1,-1.0,[-0.51880926 -0.00072096],0
35,[-0.51880926 -0.00072096],1,-1.0,[-0.5195661  -0.00075688],0
35,[-0.5195661  -0.00075688],1,-1.0,[-0.52035326 -0.00078713],0
35,[-0.52035326 -0.00078713],1,-1.0,[-0.5211647  -0.00081147],0
35,[-0.5211647  -0.00081147],1,-1.0,[-0.5219945  -0.00082972],0
35,[-0.5219945  -0.00082972],1,-1.0,[-0.5228362  -0.00084175],0
35,[-0.5228362  -0.00084175],1,-1.0,[-0.52368367 -0.00084747],0
35,[-0.52368367 -0.00084747],1,-1.0,[-0.52453053 -0.00084684],0
35,[-0.52453053 -0.00084684],1,-1.0,[-0.52537036 -0.00083985],0
35,[-0.52537036 -0.00083985],1,-1.0,[-0.52619696 -0.00082656],0
35,[-0.52619696 -0.00082656],1,-1.0,[-0.527004   -0.00080708],0
35,[-0.527004   -0.00080708],1,-1.0,[-0.52778554 -0.00078154],0
35,[-0.52778554 -0.00078154],1,-1.0,[-0.52853566 -0.00075014],0
35,[-0.52853566 -0.00075014],1,-1.0,[-0.5292488  -0.00071311],0
35,[-0.5292488  -0.00071311],1,-1.0,[-0.5299195  -0.00067074],0
35,[-0.5299195  -0.00067074],1,-1.0,[-0.53054285 -0.00062334],0
35,[-0.53054285 -0.00062334],1,-1.0,[-0.5311141  -0.00057126],0
35,[-0.5311141  -0.00057126],1,-1.0,[-5.3162903e-01 -5.1489874e-04],0
35,[-5.3162903e-01 -5.1489874e-04],1,-1.0,[-5.3208369e-01 -4.5467768e-04],0
35,[-5.3208369e-01 -4.5467768e-04],1,-1.0,[-5.3247476e-01 -3.9104762e-04],0
35,[-5.3247476e-01 -3.9104762e-04],1,-1.0,[-5.3279924e-01 -3.2448568e-04],0
35,[-5.3279924e-01 -3.2448568e-04],1,-1.0,[-5.330547e-01 -2.554910e-04],0
35,[-5.330547e-01 -2.554910e-04],1,-1.0,[-5.3323931e-01 -1.8458087e-04],0
35,[-5.3323931e-01 -1.8458087e-04],1,-1.0,[-5.33351600e-01 -1.12286965e-04],0
35,[-5.33351600e-01 -1.12286965e-04],1,-1.0,[-5.3339076e-01 -3.9151266e-05],0
35,[-5.3339076e-01 -3.9151266e-05],1,-1.0,[-5.3335649e-01  3.4277942e-05],0
35,[-5.3335649e-01  3.4277942e-05],1,-1.0,[-5.3324902e-01  1.0745018e-04],0
35,[-5.3324902e-01  1.0745018e-04],1,-1.0,[-5.3306919e-01  1.7981688e-04],0
35,[-5.3306919e-01  1.7981688e-04],1,-1.0,[-5.328184e-01  2.508355e-04],0
35,[-5.328184e-01  2.508355e-04],1,-1.0,[-5.3249842e-01  3.1997362e-04],0
35,[-5.3249842e-01  3.1997362e-04],1,-1.0,[-5.321117e-01  3.867128e-04],0
35,[-5.321117e-01  3.867128e-04],1,-1.0,[-5.3166115e-01  4.5055262e-04],0
35,[-5.3166115e-01  4.5055262e-04],1,-1.0,[-5.3115010e-01  5.1101437e-04],0
35,[-5.3115010e-01  5.1101437e-04],1,-1.0,[-0.5305825   0.00056764],0
35,[-0.5305825   0.00056764],1,-1.0,[-0.5299624   0.00062002],0
35,[-0.5299624   0.00062002],1,-1.0,[-0.5292947   0.00066774],0
35,[-0.5292947   0.00066774],1,-1.0,[-0.52858424  0.00071046],0
35,[-0.52858424  0.00071046],1,-1.0,[-0.5278364   0.00074785],0
35,[-0.5278364   0.00074785],1,-1.0,[-0.52705675  0.00077963],0
35,[-0.52705675  0.00077963],1,-1.0,[-0.5262512   0.00080557],0
35,[-0.5262512   0.00080557],1,-1.0,[-0.52542573  0.00082546],0
35,[-0.52542573  0.00082546],1,-1.0,[-0.52458656  0.00083916],0
35,[-0.52458656  0.00083916],1,-1.0,[-0.52374     0.00084657],0
35,[-0.52374     0.00084657],1,-1.0,[-0.52289236  0.00084763],0
35,[-0.52289236  0.00084763],1,-1.0,[-0.52205     0.00084233],0
35,[-0.52205     0.00084233],1,-1.0,[-0.5212193   0.00083072],0
35,[-0.5212193   0.00083072],1,-1.0,[-0.5204065   0.00081287],0
35,[-0.5204065   0.00081287],1,-1.0,[-0.51961756  0.00078893],0
35,[-0.51961756  0.00078893],1,-1.0,[-0.5188585   0.00075907],0
35,[-0.5188585   0.00075907],1,-1.0,[-0.51813495  0.00072352],0
35,[-0.51813495  0.00072352],1,-1.0,[-0.5174524   0.00068254],0
35,[-0.5174524   0.00068254],1,-1.0,[-0.51681596  0.00063645],0
35,[-0.51681596  0.00063645],1,-1.0,[-0.5162304   0.00058558],0
35,[-0.5162304   0.00058558],1,-1.0,[-0.51570004  0.00053032],0
35,[-0.51570004  0.00053032],1,-1.0,[-5.1522899e-01  4.7108516e-04],0
35,[-5.1522899e-01  4.7108516e-04],1,-1.0,[-5.1482064e-01  4.0831827e-04],0
35,[-5.1482064e-01  4.0831827e-04],1,-1.0,[-5.1447815e-01  3.4249004e-04],0
35,[-5.1447815e-01  3.4249004e-04],1,-1.0,[-5.1420408e-01  2.7409403e-04],0
35,[-5.1420408e-01  2.7409403e-04],1,-1.0,[-5.1400042e-01  2.0364311e-04],0
35,[-5.1400042e-01  2.0364311e-04],1,-1.0,[-5.1386875e-01  1.3166550e-04],0
35,[-5.1386875e-01  1.3166550e-04],1,-1.0,[-5.1381004e-01  5.8700807e-05],0
35,[-5.1381004e-01  5.8700807e-05],1,-1.0,[-5.1382476e-01 -1.4703953e-05],0
35,[-5.1382476e-01 -1.4703953e-05],1,-1.0,[-5.139128e-01 -8.799848e-05],0
35,[-5.139128e-01 -8.799848e-05],1,-1.0,[-5.1407343e-01 -1.6063330e-04],0
35,[-5.1407343e-01 -1.6063330e-04],1,-1.0,[-5.1430547e-01 -2.3206387e-04],0
35,[-5.1430547e-01 -2.3206387e-04],1,-1.0,[-5.1460725e-01 -3.0175466e-04],0
35,[-5.1460725e-01 -3.0175466e-04],1,-1.0,[-5.1497638e-01 -3.6918314e-04],0
35,[-5.1497638e-01 -3.6918314e-04],1,-1.0,[-5.1541024e-01 -4.3384370e-04],0
35,[-5.1541024e-01 -4.3384370e-04],1,-1.0,[-5.159055e-01 -4.952515e-04],0
35,[-5.159055e-01 -4.952515e-04],1,-1.0,[-0.51645845 -0.00055295],0
35,[-0.51645845 -0.00055295],1,-1.0,[-0.5170649  -0.00060649],0
35,[-0.5170649  -0.00060649],1,-1.0,[-0.51772046 -0.00065549],0
35,[-0.51772046 -0.00065549],1,-1.0,[-0.51842004 -0.00069958],0
35,[-0.51842004 -0.00069958],1,-1.0,[-0.5191584  -0.00073842],0
35,[-0.5191584  -0.00073842],1,-1.0,[-0.5199302  -0.00077172],0
35,[-0.5199302  -0.00077172],1,-1.0,[-0.52072936 -0.00079924],0
35,[-0.52072936 -0.00079924],1,-1.0,[-0.5215501  -0.00082076],0
35,[-0.5215501  -0.00082076],1,-1.0,[-0.52238625 -0.00083612],0
35,[-0.52238625 -0.00083612],1,-1.0,[-0.5232315  -0.00084521],0
35,[-0.5232315  -0.00084521],1,-1.0,[-0.52407944 -0.00084797],0
35,[-0.52407944 -0.00084797],1,-1.0,[-0.5249238  -0.00084436],0
35,[-0.5249238  -0.00084436],1,-1.0,[-0.5257582  -0.00083443],0
35,[-0.5257582  -0.00083443],1,-1.0,[-0.52657646 -0.00081823],0
35,[-0.52657646 -0.00081823],1,-1.0,[-0.52737236 -0.0007959 ],0
35,[-0.52737236 -0.0007959 ],1,-1.0,[-0.52813995 -0.0007676 ],0
35,[-0.52813995 -0.0007676 ],1,-1.0,[-0.5288735  -0.00073354],0
35,[-0.5288735  -0.00073354],1,-1.0,[-0.5295675  -0.00069398],0
35,[-0.5295675  -0.00069398],1,-1.0,[-0.5302167  -0.00064922],0
35,[-0.5302167  -0.00064922],1,-1.0,[-0.53081626 -0.00059959],0
35,[-0.53081626 -0.00059959],1,-1.0,[-0.53136176 -0.00054546],0
35,[-0.53136176 -0.00054546],1,-1.0,[-5.3184897e-01 -4.8724143e-04],0
35,[-5.3184897e-01 -4.8724143e-04],1,-1.0,[-5.3227437e-01 -4.2537122e-04],0
35,[-5.3227437e-01 -4.2537122e-04],1,-1.0,[-5.3263468e-01 -3.6031177e-04],0
35,[-5.3263468e-01 -3.6031177e-04],1,-1.0,[-5.3292722e-01 -2.9255092e-04],0
35,[-5.3292722e-01 -2.9255092e-04],1,-1.0,[-5.3314984e-01 -2.2259678e-04],0
35,[-5.3314984e-01 -2.2259678e-04],1,-1.0,[-5.3330076e-01 -1.5097384e-04],0
35,[-5.3330076e-01 -1.5097384e-04],1,-1.0,[-5.333790e-01 -7.821905e-05],0
35,[-5.333790e-01 -7.821905e-05],1,-1.0,[-5.3338391e-01 -4.8778766e-06],0
35,[-5.3338391e-01 -4.8778766e-06],1,-1.0,[-5.3331536e-01  6.8499867e-05],0
35,[-5.3331536e-01  6.8499867e-05],1,-1.0,[-5.3317404e-01  1.4136407e-04],0
35,[-5.3317404e-01  1.4136407e-04],1,-1.0,[-5.3296083e-01  2.1316850e-04],0
35,[-5.3296083e-01  2.1316850e-04],1,-1.0,[-5.326775e-01  2.833748e-04],0
35,[-5.326775e-01  2.833748e-04],1,-1.0,[-5.3232604e-01  3.5145661e-04],0
35,[-5.3232604e-01  3.5145661e-04],1,-1.0,[-5.3190911e-01  4.1690344e-04],0
35,[-5.3190911e-01  4.1690344e-04],1,-1.0,[-5.3142989e-01  4.7922452e-04],0
35,[-5.3142989e-01  4.7922452e-04],1,-1.0,[-0.53089195  0.00053795],0
35,[-0.53089195  0.00053795],1,-1.0,[-0.5302993   0.00059265],0
35,[-0.5302993   0.00059265],1,-1.0,[-0.5296564  0.0006429],0
35,[-0.5296564  0.0006429],1,-1.0,[-0.52896804  0.00068833],0
35,[-0.52896804  0.00068833],1,-1.0,[-0.5282395   0.00072859],0
35,[-0.5282395   0.00072859],1,-1.0,[-0.5274761  0.0007634],0
35,[-0.5274761  0.0007634],1,-1.0,[-0.52668357  0.00079248],0
35,[-0.52668357  0.00079248],1,-1.0,[-0.525868    0.00081561],0
35,[-0.525868    0.00081561],1,-1.0,[-0.5250353   0.00083263],0
35,[-0.5250353   0.00083263],1,-1.0,[-0.5241919   0.00084341],0
35,[-0.5241919   0.00084341],1,-1.0,[-0.5233441   0.00084786],0
35,[-0.5233441   0.00084786],1,-1.0,[-0.52249813  0.00084595],0
35,[-0.52249813  0.00084595],1,-1.0,[-0.52166045  0.00083769],0
35,[-0.52166045  0.00083769],1,-1.0,[-0.5208373   0.00082315],0
35,[-0.5208373   0.00082315],1,-1.0,[-0.52003485  0.00080244],0
35,[-0.52003485  0.00080244],1,-1.0,[-0.51925915  0.00077571],0
35,[-0.51925915  0.00077571],1,-1.0,[-0.51851594  0.00074317],0
35,[-0.51851594  0.00074317],1,-1.0,[-0.51781094  0.00070505],0
35,[-0.51781094  0.00070505],1,-1.0,[-0.51714927  0.00066164],0
35,[-0.51714927  0.00066164],1,-1.0,[-0.516536    0.00061327],0
35,[-0.516536    0.00061327],1,-1.0,[-0.5159757   0.00056031],0
35,[-0.5159757   0.00056031],1,-1.0,[-5.154726e-01  5.031379e-04],0
35,[-5.154726e-01  5.031379e-04],1,-1.0,[-5.1503038e-01  4.4219737e-04],0
35,[-5.1503038e-01  4.4219737e-04],1,-1.0,[-5.1465243e-01  3.7794138e-04],0
35,[-5.1465243e-01  3.7794138e-04],1,-1.0,[-5.1434159e-01  3.1085184e-04],0
35,[-5.1434159e-01  3.1085184e-04],1,-1.0,[-5.1410013e-01  2.4143176e-04],0
35,[-5.1410013e-01  2.4143176e-04],1,-1.0,[-5.1392996e-01  1.7020167e-04],0
35,[-5.1392996e-01  1.7020167e-04],1,-1.0,[-5.138323e-01  9.769559e-05],0
35,[-5.138323e-01  9.769559e-05],1,-1.0,[-5.1380777e-01  2.4457106e-05],0
35,[-5.1380777e-01  2.4457106e-05],1,-1.0,[-5.1385677e-01 -4.8964728e-05],0
35,[-5.1385677e-01 -4.8964728e-05],1,-1.0,[-5.1397878e-01 -1.2201948e-04],0
35,[-5.1397878e-01 -1.2201948e-04],1,-1.0,[-5.1417291e-01 -1.9415948e-04],0
35,[-5.1417291e-01 -1.9415948e-04],1,-1.0,[-5.1443779e-01 -2.6484387e-04],0
35,[-5.1443779e-01 -2.6484387e-04],1,-1.0,[-5.1477134e-01 -3.3354270e-04],0
35,[-5.1477134e-01 -3.3354270e-04],1,-1.0,[-5.1517105e-01 -3.9974088e-04],0
35,[-5.1517105e-01 -3.9974088e-04],1,-1.0,[-5.15634e-01 -4.62942e-04],0
35,[-5.15634e-01 -4.62942e-04],1,-1.0,[-0.5161567  -0.00052267],0
35,[-0.5161567  -0.00052267],1,-1.0,[-0.51673514 -0.00057848],0
35,[-0.51673514 -0.00057848],1,-1.0,[-0.5173651  -0.00062996],0
35,[-0.5173651  -0.00062996],1,-1.0,[-0.51804185 -0.00067671],0
35,[-0.51804185 -0.00067671],1,-1.0,[-0.5187602  -0.00071838],0
35,[-0.5187602  -0.00071838],1,-1.0,[-0.51951486 -0.00075467],0
35,[-0.51951486 -0.00075467],1,-1.0,[-0.52030015 -0.0007853 ],0
35,[-0.52030015 -0.0007853 ],1,-1.0,[-0.52111024 -0.00081004],0
35,[-0.52111024 -0.00081004],1,-1.0,[-0.5219389 -0.0008287],0
35,[-0.5219389 -0.0008287],1,-1.0,[-0.52278006 -0.00084115],0
35,[-0.52278006 -0.00084115],1,-1.0,[-0.52362734 -0.00084729],0
35,[-0.52362734 -0.00084729],1,-1.0,[-0.52447444 -0.00084708],1
36,"(array([-0.46865928,  0.        ], dtype=float32), {})",1,-1.0,[-4.6906945e-01 -4.1018327e-04],0
36,[-4.6906945e-01 -4.1018327e-04],1,-1.0,[-0.46988678 -0.00081733],0
36,[-0.46988678 -0.00081733],1,-1.0,[-0.47110522 -0.00121843],0
36,[-0.47110522 -0.00121843],1,-1.0,[-0.47271574 -0.00161051],0
36,[-0.47271574 -0.00161051],1,-1.0,[-0.47470638 -0.00199065],0
36,[-0.47470638 -0.00199065],1,-1.0,[-0.4770624  -0.00235603],0
36,[-0.4770624  -0.00235603],1,-1.0,[-0.4797663  -0.00270392],0
36,[-0.4797663  -0.00270392],1,-1.0,[-0.48279804 -0.00303172],0
36,[-0.48279804 -0.00303172],1,-1.0,[-0.486135   -0.00333696],0
36,[-0.486135   -0.00333696],1,-1.0,[-0.48975235 -0.00361735],0
36,[-0.48975235 -0.00361735],1,-1.0,[-0.4936231  -0.00387076],0
36,[-0.4936231  -0.00387076],1,-1.0,[-0.49771836 -0.00409527],0
36,[-0.49771836 -0.00409527],1,-1.0,[-0.50200754 -0.00428918],0
36,[-0.50200754 -0.00428918],1,-1.0,[-0.5064586 -0.004451 ],0
36,[-0.5064586 -0.004451 ],1,-1.0,[-0.51103806 -0.0045795 ],0
36,[-0.51103806 -0.0045795 ],1,-1.0,[-0.5157117  -0.00467368],0
36,[-0.5157117  -0.00467368],1,-1.0,[-0.5204446  -0.00473283],0
36,[-0.5204446  -0.00473283],1,-1.0,[-0.525201   -0.00475648],0
36,[-0.525201   -0.00475648],1,-1.0,[-0.5299455  -0.00474447],0
36,[-0.5299455  -0.00474447],1,-1.0,[-0.5346424  -0.00469687],0
36,[-0.5346424  -0.00469687],1,-1.0,[-0.53925645 -0.00461406],0
36,[-0.53925645 -0.00461406],1,-1.0,[-0.5437531  -0.00449667],0
36,[-0.5437531  -0.00449667],1,-1.0,[-0.5480987 -0.0043456],0
36,[-0.5480987 -0.0043456],1,-1.0,[-0.5522607  -0.00416202],0
36,[-0.5522607  -0.00416202],1,-1.0,[-0.556208   -0.00394732],0
36,[-0.556208   -0.00394732],1,-1.0,[-0.5599112  -0.00370314],0
36,[-0.5599112  -0.00370314],1,-1.0,[-0.5633425  -0.00343133],0
36,[-0.5633425  -0.00343133],1,-1.0,[-0.56647646 -0.00313396],0
36,[-0.56647646 -0.00313396],1,-1.0,[-0.56928974 -0.00281327],0
36,[-0.56928974 -0.00281327],1,-1.0,[-0.57176137 -0.00247166],0
36,[-0.57176137 -0.00247166],1,-1.0,[-0.5738731  -0.00211169],0
36,[-0.5738731  -0.00211169],1,-1.0,[-0.57560915 -0.00173606],0
36,[-0.57560915 -0.00173606],1,-1.0,[-0.5769567  -0.00134756],0
36,[-0.5769567  -0.00134756],1,-1.0,[-0.5779058  -0.00094909],0
36,[-0.5779058  -0.00094909],1,-1.0,[-5.7844937e-01 -5.4358417e-04],0
36,[-5.7844937e-01 -5.4358417e-04],1,-1.0,[-5.7858342e-01 -1.3405865e-04],0
36,[-5.7858342e-01 -1.3405865e-04],1,-1.0,[-5.783070e-01  2.764587e-04],0
36,[-5.783070e-01  2.764587e-04],1,-1.0,[-0.57762206  0.00068493],0
36,[-0.57762206  0.00068493],1,-1.0,[-0.57653373  0.00108833],0
36,[-0.57653373  0.00108833],1,-1.0,[-0.57505006  0.00148368],0
36,[-0.57505006  0.00148368],1,-1.0,[-0.573182    0.00186803],0
36,[-0.573182    0.00186803],1,-1.0,[-0.5709435   0.00223854],0
36,[-0.5709435   0.00223854],1,-1.0,[-0.56835103  0.00259243],0
36,[-0.56835103  0.00259243],1,-1.0,[-0.56542397  0.00292706],0
36,[-0.56542397  0.00292706],1,-1.0,[-0.56218404  0.00323993],0
36,[-0.56218404  0.00323993],1,-1.0,[-0.5586554   0.00352867],0
36,[-0.5586554   0.00352867],1,-1.0,[-0.5548642   0.00379111],0
36,[-0.5548642   0.00379111],1,-1.0,[-0.550839    0.00402526],0
36,[-0.550839    0.00402526],1,-1.0,[-0.54660964  0.00422934],0
36,[-0.54660964  0.00422934],1,-1.0,[-0.5422079   0.00440178],0
36,[-0.5422079   0.00440178],1,-1.0,[-0.5376666   0.00454128],0
36,[-0.5376666   0.00454128],1,-1.0,[-0.53301984  0.00464675],0
36,[-0.53301984  0.00464675],1,-1.0,[-0.52830243  0.0047174 ],0
36,[-0.52830243  0.0047174 ],1,-1.0,[-0.52354974  0.00475268],0
36,[-0.52354974  0.00475268],1,-1.0,[-0.51879746  0.00475231],0
36,[-0.51879746  0.00475231],1,-1.0,[-0.5140811  0.0047163],0
36,[-0.5140811  0.0047163],1,-1.0,[-0.5094362   0.00464493],0
36,[-0.5094362   0.00464493],1,-1.0,[-0.5048975   0.00453874],0
36,[-0.5048975   0.00453874],1,-1.0,[-0.5004989   0.00439856],0
36,[-0.5004989   0.00439856],1,-1.0,[-0.49627346  0.00422545],0
36,[-0.49627346  0.00422545],1,-1.0,[-0.49225274  0.00402074],0
36,[-0.49225274  0.00402074],1,-1.0,[-0.48846674  0.00378599],0
36,[-0.48846674  0.00378599],1,-1.0,[-0.48494378  0.00352298],0
36,[-0.48494378  0.00352298],1,-1.0,[-0.48171005  0.00323372],0
36,[-0.48171005  0.00323372],1,-1.0,[-0.47878966  0.00292038],0
36,[-0.47878966  0.00292038],1,-1.0,[-0.47620434  0.00258532],0
36,[-0.47620434  0.00258532],1,-1.0,[-0.47397327  0.00223106],0
36,[-0.47397327  0.00223106],1,-1.0,[-0.47211304  0.00186024],0
36,[-0.47211304  0.00186024],1,-1.0,[-0.47063738  0.00147564],0
36,[-0.47063738  0.00147564],1,-1.0,[-0.4695573   0.00108009],0
36,[-0.4695573   0.00108009],1,-1.0,[-0.46888074  0.00067656],0
36,[-0.46888074  0.00067656],1,-1.0,[-4.6861273e-01  2.6801153e-04],0
36,[-4.6861273e-01  2.6801153e-04],1,-1.0,[-4.6875525e-01 -1.4251603e-04],0
36,[-4.6875525e-01 -1.4251603e-04],1,-1.0,[-0.46930724 -0.00055199],0
36,[-0.46930724 -0.00055199],1,-1.0,[-0.4702646  -0.00095738],0
36,[-0.4702646  -0.00095738],1,-1.0,[-0.4716203  -0.00135568],0
36,[-0.4716203  -0.00135568],1,-1.0,[-0.47336423 -0.00174394],0
36,[-0.47336423 -0.00174394],1,-1.0,[-0.4754835  -0.00211927],0
36,[-0.4754835  -0.00211927],1,-1.0,[-0.4779624  -0.00247889],0
36,[-0.4779624  -0.00247889],1,-1.0,[-0.48078248 -0.00282009],0
36,[-0.48078248 -0.00282009],1,-1.0,[-0.4839228  -0.00314033],0
36,[-0.4839228  -0.00314033],1,-1.0,[-0.48736003 -0.0034372 ],0
36,[-0.48736003 -0.0034372 ],1,-1.0,[-0.49106848 -0.00370845],0
36,[-0.49106848 -0.00370845],1,-1.0,[-0.4950205  -0.00395204],0
36,[-0.4950205  -0.00395204],1,-1.0,[-0.49918664 -0.00416612],0
36,[-0.49918664 -0.00416612],1,-1.0,[-0.5035357  -0.00434905],0
36,[-0.5035357  -0.00434905],1,-1.0,[-0.5080351  -0.00449943],0
36,[-0.5080351  -0.00449943],1,-1.0,[-0.5126512  -0.00461611],0
36,[-0.5126512  -0.00461611],1,-1.0,[-0.5173494  -0.00469821],0
36,[-0.5173494  -0.00469821],1,-1.0,[-0.5220945  -0.00474507],0
36,[-0.5220945  -0.00474507],1,-1.0,[-0.5268509  -0.00475636],0
36,[-0.5268509  -0.00475636],1,-1.0,[-0.53158283 -0.00473197],0
36,[-0.53158283 -0.00473197],1,-1.0,[-0.53625494 -0.00467209],0
36,[-0.53625494 -0.00467209],1,-1.0,[-0.5408321  -0.00457719],0
36,[-0.5408321  -0.00457719],1,-1.0,[-0.5452801 -0.004448 ],0
36,[-0.5452801 -0.004448 ],1,-1.0,[-0.5495656 -0.0042855],0
36,[-0.5495656 -0.0042855],1,-1.0,[-0.5536566  -0.00409095],0
36,[-0.5536566  -0.00409095],1,-1.0,[-0.5575224  -0.00386582],0
36,[-0.5575224  -0.00386582],1,-1.0,[-0.5611342  -0.00361183],0
36,[-0.5611342  -0.00361183],1,-1.0,[-0.5644651  -0.00333091],0
36,[-0.5644651  -0.00333091],1,-1.0,[-0.56749034 -0.00302518],0
36,[-0.56749034 -0.00302518],1,-1.0,[-0.5701873  -0.00269695],0
36,[-0.5701873  -0.00269695],1,-1.0,[-0.57253593 -0.00234867],0
36,[-0.57253593 -0.00234867],1,-1.0,[-0.57451886 -0.00198296],0
36,[-0.57451886 -0.00198296],1,-1.0,[-0.57612145 -0.00160254],0
36,[-0.57612145 -0.00160254],1,-1.0,[-0.57733166 -0.00121025],0
36,[-0.57733166 -0.00121025],1,-1.0,[-0.5781407  -0.00080899],0
36,[-0.5781407  -0.00080899],1,-1.0,[-5.7854241e-01 -4.0175297e-04],0
36,[-5.7854241e-01 -4.0175297e-04],1,-1.0,[-5.7853395e-01  8.4609337e-06],0
36,[-5.7853395e-01  8.4609337e-06],1,-1.0,[-5.7811534e-01  4.1861224e-04],0
36,[-5.7811534e-01  4.1861224e-04],1,-1.0,[-0.5772897   0.00082567],0
36,[-0.5772897   0.00082567],1,-1.0,[-0.5760631   0.00122661],0
36,[-0.5760631   0.00122661],1,-1.0,[-0.5744446   0.00161847],0
36,[-0.5744446   0.00161847],1,-1.0,[-0.5724463   0.00199834],0
36,[-0.5724463   0.00199834],1,-1.0,[-0.5700829   0.00236338],0
36,[-0.5700829   0.00236338],1,-1.0,[-0.567372    0.00271088],0
36,[-0.567372    0.00271088],1,-1.0,[-0.56433374  0.00303824],0
36,[-0.56433374  0.00303824],1,-1.0,[-0.56099075  0.00334299],0
36,[-0.56099075  0.00334299],1,-1.0,[-0.5573679   0.00362284],0
36,[-0.5573679   0.00362284],1,-1.0,[-0.55349225  0.00387568],0
36,[-0.55349225  0.00387568],1,-1.0,[-0.54939264  0.00409958],0
36,[-0.54939264  0.00409958],1,-1.0,[-0.5450998   0.00429284],0
36,[-0.5450998   0.00429284],1,-1.0,[-0.54064584  0.00445399],0
36,[-0.54064584  0.00445399],1,-1.0,[-0.536064    0.00458179],0
36,[-0.536064    0.00458179],1,-1.0,[-0.5313888   0.00467525],0
36,[-0.5313888   0.00467525],1,-1.0,[-0.52665514  0.00473367],0
36,[-0.52665514  0.00473367],1,-1.0,[-0.5218985  0.0047566],0
36,[-0.5218985  0.0047566],1,-1.0,[-0.5171547   0.00474384],0
36,[-0.5171547   0.00474384],1,-1.0,[-0.51245916  0.00469552],0
36,[-0.51245916  0.00469552],1,-1.0,[-0.5078472   0.00461198],0
36,[-0.5078472   0.00461198],1,-1.0,[-0.5033533   0.00449389],0
36,[-0.5033533   0.00449389],1,-1.0,[-0.49901116  0.00434214],0
36,[-0.49901116  0.00434214],1,-1.0,[-0.49485326  0.0041579 ],0
36,[-0.49485326  0.0041579 ],1,-1.0,[-0.49091068  0.00394258],0
36,[-0.49091068  0.00394258],1,-1.0,[-0.48721287  0.00369781],0
36,[-0.48721287  0.00369781],1,-1.0,[-0.4837874   0.00342546],0
36,[-0.4837874   0.00342546],1,-1.0,[-0.4806598   0.00312758],0
36,[-0.4806598   0.00312758],1,-1.0,[-0.4778534   0.00280643],0
36,[-0.4778534   0.00280643],1,-1.0,[-0.47538897  0.00246442],0
36,[-0.47538897  0.00246442],1,-1.0,[-0.47328487  0.0021041 ],0
36,[-0.47328487  0.0021041 ],1,-1.0,[-0.4715567   0.00172818],0
36,[-0.4715567   0.00172818],1,-1.0,[-0.47021723  0.00133945],0
36,[-0.47021723  0.00133945],1,-1.0,[-0.46927646  0.00094079],0
36,[-0.46927646  0.00094079],1,-1.0,[-0.46874127  0.00053518],0
36,[-0.46874127  0.00053518],1,-1.0,[-4.6861568e-01  1.2560084e-04],0
36,[-4.6861568e-01  1.2560084e-04],1,-1.0,[-4.6890056e-01 -2.8490499e-04],0
36,[-4.6890056e-01 -2.8490499e-04],1,-1.0,[-0.46959388 -0.0006933 ],0
36,[-0.46959388 -0.0006933 ],1,-1.0,[-0.47069046 -0.00109657],0
36,[-0.47069046 -0.00109657],1,-1.0,[-0.47218215 -0.00149172],0
36,[-0.47218215 -0.00149172],1,-1.0,[-0.47405797 -0.00187582],0
36,[-0.47405797 -0.00187582],1,-1.0,[-0.476304   -0.00224601],0
36,[-0.476304   -0.00224601],1,-1.0,[-0.4789035  -0.00259953],0
36,[-0.4789035  -0.00259953],1,-1.0,[-0.48183724 -0.00293374],0
36,[-0.48183724 -0.00293374],1,-1.0,[-0.48508337 -0.00324613],0
36,[-0.48508337 -0.00324613],1,-1.0,[-0.48861775 -0.00353435],0
36,[-0.48861775 -0.00353435],1,-1.0,[-0.49241397 -0.00379623],0
36,[-0.49241397 -0.00379623],1,-1.0,[-0.49644375 -0.00402978],0
36,[-0.49644375 -0.00402978],1,-1.0,[-0.50067693 -0.00423321],0
36,[-0.50067693 -0.00423321],1,-1.0,[-0.50508195 -0.00440499],0
36,[-0.50508195 -0.00440499],1,-1.0,[-0.50962573 -0.0045438 ],0
36,[-0.50962573 -0.0045438 ],1,-1.0,[-0.5142743  -0.00464856],0
36,[-0.5142743  -0.00464856],1,-1.0,[-0.5189928  -0.00471849],0
36,[-0.5189928  -0.00471849],1,-1.0,[-0.52374583 -0.00475303],0
36,[-0.52374583 -0.00475303],1,-1.0,[-0.52849776 -0.00475193],0
36,[-0.52849776 -0.00475193],1,-1.0,[-0.53321296 -0.00471519],0
36,[-0.53321296 -0.00471519],1,-1.0,[-0.53785604 -0.00464309],0
36,[-0.53785604 -0.00464309],1,-1.0,[-0.54239225 -0.00453619],0
36,[-0.54239225 -0.00453619],1,-1.0,[-0.54678756 -0.00439532],0
36,[-0.54678756 -0.00439532],1,-1.0,[-0.55100906 -0.00422154],0
36,[-0.55100906 -0.00422154],1,-1.0,[-0.5550253 -0.0040162],0
36,[-0.5550253 -0.0040162],1,-1.0,[-0.5588061  -0.00378085],0
36,[-0.5588061  -0.00378085],1,-1.0,[-0.5623234  -0.00351728],0
36,[-0.5623234  -0.00351728],1,-1.0,[-0.5655509 -0.0032275],0
36,[-0.5655509 -0.0032275],1,-1.0,[-0.5684646  -0.00291369],0
36,[-0.5684646  -0.00291369],1,-1.0,[-0.57104284 -0.00257821],0
36,[-0.57104284 -0.00257821],1,-1.0,[-0.5732664  -0.00222358],0
36,[-0.5732664  -0.00222358],1,-1.0,[-0.57511884 -0.00185245],0
36,[-0.57511884 -0.00185245],1,-1.0,[-0.5765864  -0.00146759],0
36,[-0.5765864  -0.00146759],1,-1.0,[-0.5776583  -0.00107185],0
36,[-0.5776583  -0.00107185],1,-1.0,[-0.57832646 -0.00066818],0
36,[-0.57832646 -0.00066818],1,-1.0,[-5.7858604e-01 -2.5956353e-04],0
36,[-5.7858604e-01 -2.5956353e-04],1,-1.0,[-5.7843506e-01  1.5097298e-04],0
36,[-5.7843506e-01  1.5097298e-04],1,-1.0,[-5.7787466e-01  5.6039251e-04],0
36,[-5.7787466e-01  5.6039251e-04],1,-1.0,[-0.576909    0.00096567],0
36,[-0.576909    0.00096567],1,-1.0,[-0.5755452   0.00136379],0
36,[-0.5755452   0.00136379],1,-1.0,[-0.5737934   0.00175181],0
36,[-0.5737934   0.00175181],1,-1.0,[-0.57166654  0.00212685],0
36,[-0.57166654  0.00212685],1,-1.0,[-0.5691804   0.00248611],0
36,[-0.5691804   0.00248611],1,-1.0,[-0.5663535   0.00282691],0
36,[-0.5663535   0.00282691],1,-1.0,[-0.56320685  0.00314669],0
36,[-0.56320685  0.00314669],1,-1.0,[-0.5597638   0.00344305],0
36,[-0.5597638   0.00344305],1,-1.0,[-0.55605     0.00371376],0
36,[-0.55605     0.00371376],1,-1.0,[-0.55209327  0.00395676],0
36,[-0.55209327  0.00395676],1,-1.0,[-0.547923    0.00417021],0
36,[-0.547923    0.00417021],1,-1.0,[-0.5435706   0.00435248],0
36,[-0.5435706   0.00435248],1,-1.0,[-0.5390684   0.00450218],0
36,[-0.5390684   0.00450218],1,-1.0,[-0.53445023  0.00461816],0
36,[-0.53445023  0.00461816],1,-1.0,[-0.5297507   0.00469953],0
36,[-0.5297507   0.00469953],1,-1.0,[-0.52500504  0.00474567],0
36,[-0.52500504  0.00474567],1,-1.0,[-0.52024883  0.00475621],1
37,"(array([-0.4563306,  0.       ], dtype=float32), {})",1,-1.0,[-0.45683166 -0.00050109],0
37,[-0.45683166 -0.00050109],1,-1.0,[-0.4578302  -0.00099851],0
37,[-0.4578302  -0.00099851],1,-1.0,[-0.45931876 -0.00148858],0
37,[-0.45931876 -0.00148858],1,-1.0,[-0.46128646 -0.00196769],0
37,[-0.46128646 -0.00196769],1,-1.0,[-0.46371877 -0.00243232],0
37,[-0.46371877 -0.00243232],1,-1.0,[-0.46659777 -0.00287901],0
37,[-0.46659777 -0.00287901],1,-1.0,[-0.46990222 -0.00330443],0
37,[-0.46990222 -0.00330443],1,-1.0,[-0.47360763 -0.00370542],0
37,[-0.47360763 -0.00370542],1,-1.0,[-0.47768658 -0.00407895],0
37,[-0.47768658 -0.00407895],1,-1.0,[-0.48210877 -0.0044222 ],0
37,[-0.48210877 -0.0044222 ],1,-1.0,[-0.48684135 -0.00473257],0
37,[-0.48684135 -0.00473257],1,-1.0,[-0.49184906 -0.0050077 ],0
37,[-0.49184906 -0.0050077 ],1,-1.0,[-0.4970945  -0.00524546],0
37,[-0.4970945  -0.00524546],1,-1.0,[-0.50253856 -0.00544403],0
37,[-0.50253856 -0.00544403],1,-1.0,[-0.50814044 -0.00560188],0
37,[-0.50814044 -0.00560188],1,-1.0,[-0.5138582  -0.00571777],0
37,[-0.5138582  -0.00571777],1,-1.0,[-0.519649   -0.00579082],0
37,[-0.519649   -0.00579082],1,-1.0,[-0.5254695  -0.00582044],0
37,[-0.5254695  -0.00582044],1,-1.0,[-0.53127587 -0.00580641],0
37,[-0.53127587 -0.00580641],1,-1.0,[-0.53702474 -0.00574884],0
37,[-0.53702474 -0.00574884],1,-1.0,[-0.5426729  -0.00564817],0
37,[-0.5426729  -0.00564817],1,-1.0,[-0.5481781  -0.00550519],0
37,[-0.5481781  -0.00550519],1,-1.0,[-0.5534991  -0.00532102],0
37,[-0.5534991  -0.00532102],1,-1.0,[-0.55859613 -0.00509706],0
37,[-0.55859613 -0.00509706],1,-1.0,[-0.5634312  -0.00483507],0
37,[-0.5634312  -0.00483507],1,-1.0,[-0.56796825 -0.00453703],0
37,[-0.56796825 -0.00453703],1,-1.0,[-0.5721735  -0.00420524],0
37,[-0.5721735  -0.00420524],1,-1.0,[-0.5760157  -0.00384222],0
37,[-0.5760157  -0.00384222],1,-1.0,[-0.5794664  -0.00345071],0
37,[-0.5794664  -0.00345071],1,-1.0,[-0.5825001  -0.00303366],0
37,[-0.5825001  -0.00303366],1,-1.0,[-0.5850943 -0.0025942],0
37,[-0.5850943 -0.0025942],1,-1.0,[-0.5872299  -0.00213559],0
37,[-0.5872299  -0.00213559],1,-1.0,[-0.58889115 -0.00166125],0
37,[-0.58889115 -0.00166125],1,-1.0,[-0.59006584 -0.00117469],0
37,[-0.59006584 -0.00117469],1,-1.0,[-0.59074533 -0.00067948],0
37,[-0.59074533 -0.00067948],1,-1.0,[-5.9092456e-01 -1.7928112e-04],0
37,[-5.9092456e-01 -1.7928112e-04],1,-1.0,[-5.9060234e-01  3.2223630e-04],0
37,[-5.9060234e-01  3.2223630e-04],1,-1.0,[-0.589781    0.00082139],0
37,[-0.589781    0.00082139],1,-1.0,[-0.58846647  0.0013145 ],0
37,[-0.58846647  0.0013145 ],1,-1.0,[-0.58666855  0.00179794],0
37,[-0.58666855  0.00179794],1,-1.0,[-0.58440036  0.00226815],0
37,[-0.58440036  0.00226815],1,-1.0,[-0.58167875  0.00272163],0
37,[-0.58167875  0.00272163],1,-1.0,[-0.5785237   0.00315503],0
37,[-0.5785237   0.00315503],1,-1.0,[-0.5749586   0.00356511],0
37,[-0.5749586   0.00356511],1,-1.0,[-0.5710098   0.00394878],0
37,[-0.5710098   0.00394878],1,-1.0,[-0.56670666  0.00430317],0
37,[-0.56670666  0.00430317],1,-1.0,[-0.5620811   0.00462558],0
37,[-0.5620811   0.00462558],1,-1.0,[-0.55716753  0.00491355],0
37,[-0.55716753  0.00491355],1,-1.0,[-0.5520026  0.0051649],0
37,[-0.5520026  0.0051649],1,-1.0,[-0.54662496  0.00537767],0
37,[-0.54662496  0.00537767],1,-1.0,[-0.54107475  0.00555023],0
37,[-0.54107475  0.00555023],1,-1.0,[-0.5353935   0.00568124],0
37,[-0.5353935   0.00568124],1,-1.0,[-0.5296238   0.00576968],0
37,[-0.5296238   0.00576968],1,-1.0,[-0.52380896  0.00581486],0
37,[-0.52380896  0.00581486],1,-1.0,[-0.5179925   0.00581644],0
37,[-0.5179925   0.00581644],1,-1.0,[-0.5122181   0.00577439],0
37,[-0.5122181   0.00577439],1,-1.0,[-0.5065291   0.00568906],0
37,[-0.5065291   0.00568906],1,-1.0,[-0.500968    0.00556109],0
37,[-0.500968    0.00556109],1,-1.0,[-0.4955765   0.00539149],0
37,[-0.4955765   0.00539149],1,-1.0,[-0.49039492  0.00518157],0
37,[-0.49039492  0.00518157],1,-1.0,[-0.48546198  0.00493295],0
37,[-0.48546198  0.00493295],1,-1.0,[-0.48081443  0.00464755],0
37,[-0.48081443  0.00464755],1,-1.0,[-0.4764869   0.00432755],0
37,[-0.4764869   0.00432755],1,-1.0,[-0.4725115   0.00397538],0
37,[-0.4725115   0.00397538],1,-1.0,[-0.46891776  0.00359373],0
37,[-0.46891776  0.00359373],1,-1.0,[-0.4657323   0.00318546],0
37,[-0.4657323   0.00318546],1,-1.0,[-0.4629787   0.00275363],0
37,[-0.4629787   0.00275363],1,-1.0,[-0.4606772   0.00230148],0
37,[-0.4606772   0.00230148],1,-1.0,[-0.4588448   0.00183237],0
37,[-0.4588448   0.00183237],1,-1.0,[-0.45749506  0.00134976],0
37,[-0.45749506  0.00134976],1,-1.0,[-0.45663783  0.00085723],0
37,[-0.45663783  0.00085723],1,-1.0,[-4.5627943e-01  3.5839388e-04],0
37,[-4.5627943e-01  3.5839388e-04],1,-1.0,[-4.5642251e-01 -1.4307596e-04],0
37,[-4.5642251e-01 -1.4307596e-04],1,-1.0,[-0.457066   -0.00064349],0
37,[-0.457066   -0.00064349],1,-1.0,[-0.4582052  -0.00113918],0
37,[-0.4582052  -0.00113918],1,-1.0,[-0.45983168 -0.0016265 ],0
37,[-0.45983168 -0.0016265 ],1,-1.0,[-0.46193352 -0.00210184],0
37,[-0.46193352 -0.00210184],1,-1.0,[-0.4644952  -0.00256169],0
37,[-0.4644952  -0.00256169],1,-1.0,[-0.46749786 -0.00300265],0
37,[-0.46749786 -0.00300265],1,-1.0,[-0.47091928 -0.00342142],0
37,[-0.47091928 -0.00342142],1,-1.0,[-0.47473416 -0.00381488],0
37,[-0.47473416 -0.00381488],1,-1.0,[-0.47891423 -0.00418005],0
37,[-0.47891423 -0.00418005],1,-1.0,[-0.4834284  -0.00451418],0
37,[-0.4834284  -0.00451418],1,-1.0,[-0.48824313 -0.00481473],0
37,[-0.48824313 -0.00481473],1,-1.0,[-0.49332252 -0.0050794 ],0
37,[-0.49332252 -0.0050794 ],1,-1.0,[-0.4986287  -0.00530616],0
37,[-0.4986287  -0.00530616],1,-1.0,[-0.50412196 -0.00549326],0
37,[-0.50412196 -0.00549326],1,-1.0,[-0.5097612  -0.00563926],0
37,[-0.5097612  -0.00563926],1,-1.0,[-0.51550424 -0.00574301],0
37,[-0.51550424 -0.00574301],1,-1.0,[-0.52130795 -0.00580371],0
37,[-0.52130795 -0.00580371],1,-1.0,[-0.5271288  -0.00582089],0
37,[-0.5271288  -0.00582089],1,-1.0,[-0.5329232  -0.00579442],0
37,[-0.5329232  -0.00579442],1,-1.0,[-0.5386477  -0.00572449],0
37,[-0.5386477  -0.00572449],1,-1.0,[-0.54425937 -0.00561166],0
37,[-0.54425937 -0.00561166],1,-1.0,[-0.5497162  -0.00545681],0
37,[-0.5497162  -0.00545681],1,-1.0,[-0.5549773  -0.00526113],0
37,[-0.5549773  -0.00526113],1,-1.0,[-0.56000346 -0.00502614],0
37,[-0.56000346 -0.00502614],1,-1.0,[-0.5647571  -0.00475364],0
37,[-0.5647571  -0.00475364],1,-1.0,[-0.56920284 -0.00444574],0
37,[-0.56920284 -0.00444574],1,-1.0,[-0.57330763 -0.00410477],0
37,[-0.57330763 -0.00410477],1,-1.0,[-0.577041   -0.00373334],0
37,[-0.577041   -0.00373334],1,-1.0,[-0.5803752  -0.00333424],0
37,[-0.5803752  -0.00333424],1,-1.0,[-0.5832857  -0.00291047],0
37,[-0.5832857  -0.00291047],1,-1.0,[-0.5857509  -0.00246521],0
37,[-0.5857509  -0.00246521],1,-1.0,[-0.58775264 -0.00200176],0
37,[-0.58775264 -0.00200176],1,-1.0,[-0.5892762  -0.00152357],0
37,[-0.5892762  -0.00152357],1,-1.0,[-0.5903104  -0.00103417],0
37,[-0.5903104  -0.00103417],1,-1.0,[-5.9084755e-01 -5.3717010e-04],0
37,[-5.9084755e-01 -5.3717010e-04],1,-1.0,[-5.908838e-01 -3.621874e-05],0
37,[-5.908838e-01 -3.621874e-05],1,-1.0,[-5.9041876e-01  4.6499877e-04],0
37,[-5.9041876e-01  4.6499877e-04],1,-1.0,[-0.58945596  0.0009628 ],0
37,[-0.58945596  0.0009628 ],1,-1.0,[-0.58800244  0.00145352],0
37,[-0.58800244  0.00145352],1,-1.0,[-0.5860689   0.00193355],0
37,[-0.5860689   0.00193355],1,-1.0,[-0.58366954  0.00239934],0
37,[-0.58366954  0.00239934],1,-1.0,[-0.5808221   0.00284743],0
37,[-0.5808221   0.00284743],1,-1.0,[-0.5775476  0.0032745],0
37,[-0.5775476  0.0032745],1,-1.0,[-0.5738703   0.00367736],0
37,[-0.5738703   0.00367736],1,-1.0,[-0.5698173   0.00405296],0
37,[-0.5698173   0.00405296],1,-1.0,[-0.56541884  0.00439849],0
37,[-0.56541884  0.00439849],1,-1.0,[-0.5607075   0.00471132],0
37,[-0.5607075   0.00471132],1,-1.0,[-0.5557184   0.00498906],0
37,[-0.5557184   0.00498906],1,-1.0,[-0.5504888   0.00522959],0
37,[-0.5504888   0.00522959],1,-1.0,[-0.5450578   0.00543104],0
37,[-0.5450578   0.00543104],1,-1.0,[-0.5394659   0.00559188],0
37,[-0.5394659   0.00559188],1,-1.0,[-0.53375506  0.00571083],0
37,[-0.53375506  0.00571083],1,-1.0,[-0.5279681  0.005787 ],0
37,[-0.5279681  0.005787 ],1,-1.0,[-0.5221483   0.00581976],0
37,[-0.5221483   0.00581976],1,-1.0,[-0.5163394   0.00580889],0
37,[-0.5163394   0.00580889],1,-1.0,[-0.510585    0.00575445],0
37,[-0.510585    0.00575445],1,-1.0,[-0.5049281   0.00565687],0
37,[-0.5049281   0.00565687],1,-1.0,[-0.49941123  0.00551691],0
37,[-0.49941123  0.00551691],1,-1.0,[-0.49407557  0.00533566],0
37,[-0.49407557  0.00533566],1,-1.0,[-0.48896104  0.00511453],0
37,[-0.48896104  0.00511453],1,-1.0,[-0.48410583  0.00485521],0
37,[-0.48410583  0.00485521],1,-1.0,[-0.4795461   0.00455971],0
37,[-0.4795461   0.00455971],1,-1.0,[-0.47531584  0.00423027],0
37,[-0.47531584  0.00423027],1,-1.0,[-0.47144642  0.00386942],0
37,[-0.47144642  0.00386942],1,-1.0,[-0.46796656  0.00347987],0
37,[-0.46796656  0.00347987],1,-1.0,[-0.46490198  0.00306456],0
37,[-0.46490198  0.00306456],1,-1.0,[-0.4622754   0.00262661],0
37,[-0.4622754   0.00262661],1,-1.0,[-0.46010613  0.00216927],0
37,[-0.46010613  0.00216927],1,-1.0,[-0.45841017  0.00169595],0
37,[-0.45841017  0.00169595],1,-1.0,[-0.45720002  0.00121015],0
37,[-0.45720002  0.00121015],1,-1.0,[-0.4564846   0.00071544],0
37,[-0.4564846   0.00071544],1,-1.0,[-4.5626912e-01  2.1547942e-04],0
37,[-4.5626912e-01  2.1547942e-04],1,-1.0,[-4.5655516e-01 -2.8606635e-04],0
37,[-4.5655516e-01 -2.8606635e-04],1,-1.0,[-0.4573407  -0.00078551],0
37,[-0.4573407  -0.00078551],1,-1.0,[-0.45861986 -0.00127918],0
37,[-0.45861986 -0.00127918],1,-1.0,[-0.4603833  -0.00176344],0
37,[-0.4603833  -0.00176344],1,-1.0,[-0.46261802 -0.00223472],0
37,[-0.46261802 -0.00223472],1,-1.0,[-0.46530756 -0.00268953],0
37,[-0.46530756 -0.00268953],1,-1.0,[-0.46843204 -0.00312449],0
37,[-0.46843204 -0.00312449],1,-1.0,[-0.47196838 -0.00353635],0
37,[-0.47196838 -0.00353635],1,-1.0,[-0.47589043 -0.00392203],0
37,[-0.47589043 -0.00392203],1,-1.0,[-0.48016906 -0.00427863],0
37,[-0.48016906 -0.00427863],1,-1.0,[-0.48477247 -0.00460343],0
37,[-0.48477247 -0.00460343],1,-1.0,[-0.48966646 -0.00489397],0
37,[-0.48966646 -0.00489397],1,-1.0,[-0.49481446 -0.00514802],0
37,[-0.49481446 -0.00514802],1,-1.0,[-0.5001781  -0.00536363],0
37,[-0.5001781  -0.00536363],1,-1.0,[-0.5057173  -0.00553915],0
37,[-0.5057173  -0.00553915],1,-1.0,[-0.51139045 -0.00567319],0
37,[-0.51139045 -0.00567319],1,-1.0,[-0.5171552  -0.00576473],0
37,[-0.5171552  -0.00576473],1,-1.0,[-0.52296823 -0.00581306],0
37,[-0.52296823 -0.00581306],1,-1.0,[-0.528786   -0.00581779],0
37,[-0.528786   -0.00581779],1,-1.0,[-0.5345649  -0.00577888],0
37,[-0.5345649  -0.00577888],1,-1.0,[-0.54026157 -0.00569665],0
37,[-0.54026157 -0.00569665],1,-1.0,[-0.5458333  -0.00557174],0
37,[-0.5458333  -0.00557174],1,-1.0,[-0.5512384 -0.0054051],0
37,[-0.5512384 -0.0054051],1,-1.0,[-0.5564364  -0.00519804],0
37,[-0.5564364  -0.00519804],1,-1.0,[-0.5613886  -0.00495216],0
37,[-0.5613886  -0.00495216],1,-1.0,[-0.5660579  -0.00466934],0
37,[-0.5660579  -0.00466934],1,-1.0,[-0.5704097  -0.00435176],0
37,[-0.5704097  -0.00435176],1,-1.0,[-0.5744115  -0.00400183],0
37,[-0.5744115  -0.00400183],1,-1.0,[-0.57803375 -0.00362221],0
37,[-0.57803375 -0.00362221],1,-1.0,[-0.5812495  -0.00321576],0
37,[-0.5812495  -0.00321576],1,-1.0,[-0.584035   -0.00278553],0
37,[-0.584035   -0.00278553],1,-1.0,[-0.58636975 -0.00233474],0
37,[-0.58636975 -0.00233474],1,-1.0,[-0.58823645 -0.00186673],0
37,[-0.58823645 -0.00186673],1,-1.0,[-0.5896214  -0.00138498],0
37,[-0.5896214  -0.00138498],1,-1.0,[-0.5905145  -0.00089304],0
37,[-0.5905145  -0.00089304],1,-1.0,[-5.9090900e-01 -3.9453775e-04],0
37,[-5.9090900e-01 -3.9453775e-04],1,-1.0,[-5.9080213e-01  1.0686530e-04],0
37,[-5.9080213e-01  1.0686530e-04],1,-1.0,[-0.5901947   0.00060748],0
37,[-0.5901947   0.00060748],1,-1.0,[-0.58909106  0.00110364],0
37,[-0.58909106  0.00110364],1,-1.0,[-0.5874994   0.00159167],0
37,[-0.5874994   0.00159167],1,-1.0,[-0.5854314  0.002068 ],0
37,[-0.5854314  0.002068 ],1,-1.0,[-0.58290225  0.00252909],0
37,[-0.58290225  0.00252909],1,-1.0,[-0.5799308   0.00297152],0
37,[-0.5799308   0.00297152],1,-1.0,[-0.57653874  0.003392  ],0
37,[-0.57653874  0.003392  ],1,-1.0,[-0.57275134  0.00378739],0
37,[-0.57275134  0.00378739],1,-1.0,[-0.56859666  0.0041547 ],0
37,[-0.56859666  0.0041547 ],1,-1.0,[-0.5641055   0.00449116],0
37,[-0.5641055   0.00449116],1,-1.0,[-0.55931133  0.00479421],0
37,[-0.55931133  0.00479421],1,-1.0,[-0.55424976  0.00506154],0
37,[-0.55424976  0.00506154],1,-1.0,[-0.54895866  0.0052911 ],0
37,[-0.54895866  0.0052911 ],1,-1.0,[-0.54347754  0.00548112],0
37,[-0.54347754  0.00548112],1,-1.0,[-0.53784746  0.00563012],0
37,[-0.53784746  0.00563012],1,-1.0,[-0.53211045  0.00573695],0
37,[-0.53211045  0.00573695],1,-1.0,[-0.5263097   0.00580078],0
37,[-0.5263097   0.00580078],1,-1.0,[-0.52048856  0.00582111],1
38,"(array([-0.51768166,  0.        ], dtype=float32), {})",1,-1.0,[-5.1772600e-01 -4.4376127e-05],0
38,[-5.1772600e-01 -4.4376127e-05],1,-1.0,[-5.1781446e-01 -8.8419489e-05],0
38,[-5.1781446e-01 -8.8419489e-05],1,-1.0,[-5.1794624e-01 -1.3179981e-04],0
38,[-5.1794624e-01 -1.3179981e-04],1,-1.0,[-5.1812041e-01 -1.7419177e-04],0
38,[-5.1812041e-01 -1.7419177e-04],1,-1.0,[-5.1833570e-01 -2.1527747e-04],0
38,[-5.1833570e-01 -2.1527747e-04],1,-1.0,[-5.1859045e-01 -2.5474880e-04],0
38,[-5.1859045e-01 -2.5474880e-04],1,-1.0,[-5.1888275e-01 -2.9230976e-04],0
38,[-5.1888275e-01 -2.9230976e-04],1,-1.0,[-5.1921046e-01 -3.2767860e-04],0
38,[-5.1921046e-01 -3.2767860e-04],1,-1.0,[-5.1957107e-01 -3.6059011e-04],0
38,[-5.1957107e-01 -3.6059011e-04],1,-1.0,[-5.1996183e-01 -3.9079739e-04],0
38,[-5.1996183e-01 -3.9079739e-04],1,-1.0,[-5.2037990e-01 -4.1807388e-04],0
38,[-5.2037990e-01 -4.1807388e-04],1,-1.0,[-5.208221e-01 -4.422150e-04],0
38,[-5.208221e-01 -4.422150e-04],1,-1.0,[-5.2128518e-01 -4.6303964e-04],0
38,[-5.2128518e-01 -4.6303964e-04],1,-1.0,[-5.2176553e-01 -4.8039158e-04],0
38,[-5.2176553e-01 -4.8039158e-04],1,-1.0,[-5.222597e-01 -4.941406e-04],0
38,[-5.222597e-01 -4.941406e-04],1,-1.0,[-5.227639e-01 -5.041837e-04],0
38,[-5.227639e-01 -5.041837e-04],1,-1.0,[-5.232743e-01 -5.104454e-04],0
38,[-5.232743e-01 -5.104454e-04],1,-1.0,[-5.2378720e-01 -5.1287876e-04],0
38,[-5.2378720e-01 -5.1287876e-04],1,-1.0,[-5.2429867e-01 -5.1146554e-04],0
38,[-5.2429867e-01 -5.1146554e-04],1,-1.0,[-5.248049e-01 -5.062163e-04],0
38,[-5.248049e-01 -5.062163e-04],1,-1.0,[-5.2530205e-01 -4.9717049e-04],0
38,[-5.2530205e-01 -4.9717049e-04],1,-1.0,[-5.2578646e-01 -4.8439595e-04],0
38,[-5.2578646e-01 -4.8439595e-04],1,-1.0,[-5.262544e-01 -4.679885e-04],0
38,[-5.262544e-01 -4.679885e-04],1,-1.0,[-5.267025e-01 -4.480712e-04],0
38,[-5.267025e-01 -4.480712e-04],1,-1.0,[-5.2712733e-01 -4.2479348e-04],0
38,[-5.2712733e-01 -4.2479348e-04],1,-1.0,[-5.2752566e-01 -3.9832998e-04],0
38,[-5.2752566e-01 -3.9832998e-04],1,-1.0,[-5.278945e-01 -3.688792e-04],0
38,[-5.278945e-01 -3.688792e-04],1,-1.0,[-5.2823120e-01 -3.3666205e-04],0
38,[-5.2823120e-01 -3.3666205e-04],1,-1.0,[-5.2853310e-01 -3.0192014e-04],0
38,[-5.2853310e-01 -3.0192014e-04],1,-1.0,[-5.287980e-01 -2.649141e-04],0
38,[-5.287980e-01 -2.649141e-04],1,-1.0,[-5.2902395e-01 -2.2592138e-04],0
38,[-5.2902395e-01 -2.2592138e-04],1,-1.0,[-5.292092e-01 -1.852345e-04],0
38,[-5.292092e-01 -1.852345e-04],1,-1.0,[-5.2935231e-01 -1.4315854e-04],0
38,[-5.2935231e-01 -1.4315854e-04],1,-1.0,[-5.2945232e-01 -1.0000905e-04],0
38,[-5.2945232e-01 -1.0000905e-04],1,-1.0,[-5.295085e-01 -5.610960e-05],0
38,[-5.295085e-01 -5.610960e-05],1,-1.0,[-5.2952021e-01 -1.1789396e-05],0
38,[-5.2952021e-01 -1.1789396e-05],1,-1.0,[-5.2948761e-01  3.2619213e-05],0
38,[-5.2948761e-01  3.2619213e-05],1,-1.0,[-5.2941084e-01  7.6783217e-05],0
38,[-5.2941084e-01  7.6783217e-05],1,-1.0,[-5.29290438e-01  1.20371435e-04],0
38,[-5.29290438e-01  1.20371435e-04],1,-1.0,[-5.291274e-01  1.630570e-04],0
38,[-5.291274e-01  1.630570e-04],1,-1.0,[-5.2892286e-01  2.0451982e-04],0
38,[-5.2892286e-01  2.0451982e-04],1,-1.0,[-5.2867842e-01  2.4444892e-04],0
38,[-5.2867842e-01  2.4444892e-04],1,-1.0,[-5.283959e-01  2.825449e-04],0
38,[-5.283959e-01  2.825449e-04],1,-1.0,[-5.2807736e-01  3.1852201e-04],0
38,[-5.2807736e-01  3.1852201e-04],1,-1.0,[-5.2772528e-01  3.5211045e-04],0
38,[-5.2772528e-01  3.5211045e-04],1,-1.0,[-5.2734220e-01  3.8305827e-04],0
38,[-5.2734220e-01  3.8305827e-04],1,-1.0,[-5.2693105e-01  4.1113337e-04],0
38,[-5.2693105e-01  4.1113337e-04],1,-1.0,[-5.2649492e-01  4.3612515e-04],0
38,[-5.2649492e-01  4.3612515e-04],1,-1.0,[-5.260371e-01  4.578461e-04],0
38,[-5.260371e-01  4.578461e-04],1,-1.0,[-5.2556098e-01  4.7613334e-04],0
38,[-5.2556098e-01  4.7613334e-04],1,-1.0,[-5.2507013e-01  4.9084966e-04],0
38,[-5.2507013e-01  4.9084966e-04],1,-1.0,[-5.245682e-01  5.018846e-04],0
38,[-5.245682e-01  5.018846e-04],1,-1.0,[-5.2405906e-01  5.0915551e-04],0
38,[-5.2405906e-01  5.0915551e-04],1,-1.0,[-5.2354646e-01  5.1260774e-04],0
38,[-5.2354646e-01  5.1260774e-04],1,-1.0,[-5.230343e-01  5.122154e-04],0
38,[-5.230343e-01  5.122154e-04],1,-1.0,[-5.2252626e-01  5.0798146e-04],0
38,[-5.2252626e-01  5.0798146e-04],1,-1.0,[-5.220263e-01  4.999377e-04],0
38,[-5.220263e-01  4.999377e-04],1,-1.0,[-5.2153820e-01  4.8814435e-04],0
38,[-5.2153820e-01  4.8814435e-04],1,-1.0,[-5.2106547e-01  4.7269004e-04],0
38,[-5.2106547e-01  4.7269004e-04],1,-1.0,[-5.206118e-01  4.536906e-04],0
38,[-5.206118e-01  4.536906e-04],1,-1.0,[-5.2018052e-01  4.3128862e-04],0
38,[-5.2018052e-01  4.3128862e-04],1,-1.0,[-5.1977485e-01  4.0565213e-04],0
38,[-5.1977485e-01  4.0565213e-04],1,-1.0,[-5.1939791e-01  3.7697342e-04],0
38,[-5.1939791e-01  3.7697342e-04],1,-1.0,[-5.1905245e-01  3.4546762e-04],0
38,[-5.1905245e-01  3.4546762e-04],1,-1.0,[-5.1874107e-01  3.1137103e-04],0
38,[-5.1874107e-01  3.1137103e-04],1,-1.0,[-5.1846611e-01  2.7493938e-04],0
38,[-5.1846611e-01  2.7493938e-04],1,-1.0,[-5.1822966e-01  2.3644594e-04],0
38,[-5.1822966e-01  2.3644594e-04],1,-1.0,[-5.1803350e-01  1.9617936e-04],0
38,[-5.1803350e-01  1.9617936e-04],1,-1.0,[-5.1787907e-01  1.5444163e-04],0
38,[-5.1787907e-01  1.5444163e-04],1,-1.0,[-5.1776749e-01  1.1154576e-04],0
38,[-5.1776749e-01  1.1154576e-04],1,-1.0,[-5.1769966e-01  6.7813424e-05],0
38,[-5.1769966e-01  6.7813424e-05],1,-1.0,[-5.1767612e-01  2.3572564e-05],0
38,[-5.1767612e-01  2.3572564e-05],1,-1.0,[-5.1769698e-01 -2.0845062e-05],0
38,[-5.1769698e-01 -2.0845062e-05],1,-1.0,[-5.1776206e-01 -6.5106375e-05],0
38,[-5.1776206e-01 -6.5106375e-05],1,-1.0,[-5.1787096e-01 -1.0887947e-04],0
38,[-5.1787096e-01 -1.0887947e-04],1,-1.0,[-5.1802278e-01 -1.5183608e-04],0
38,[-5.1802278e-01 -1.5183608e-04],1,-1.0,[-5.1821643e-01 -1.9365409e-04],0
38,[-5.1821643e-01 -1.9365409e-04],1,-1.0,[-5.1845044e-01 -2.3401990e-04],0
38,[-5.1845044e-01 -2.3401990e-04],1,-1.0,[-5.1872307e-01 -2.7263077e-04],0
38,[-5.1872307e-01 -2.7263077e-04],1,-1.0,[-5.1903230e-01 -3.0919714e-04],0
38,[-5.1903230e-01 -3.0919714e-04],1,-1.0,[-5.1937574e-01 -3.4344476e-04],0
38,[-5.1937574e-01 -3.4344476e-04],1,-1.0,[-5.1975083e-01 -3.7511677e-04],0
38,[-5.1975083e-01 -3.7511677e-04],1,-1.0,[-5.2015483e-01 -4.0397563e-04],0
38,[-5.2015483e-01 -4.0397563e-04],1,-1.0,[-5.2058464e-01 -4.2980484e-04],0
38,[-5.2058464e-01 -4.2980484e-04],1,-1.0,[-5.2103704e-01 -4.5241066e-04],0
38,[-5.2103704e-01 -4.5241066e-04],1,-1.0,[-5.2150863e-01 -4.7162353e-04],0
38,[-5.2150863e-01 -4.7162353e-04],1,-1.0,[-5.2199596e-01 -4.8729929e-04],0
38,[-5.2199596e-01 -4.8729929e-04],1,-1.0,[-5.2249527e-01 -4.9932039e-04],0
38,[-5.2249527e-01 -4.9932039e-04],1,-1.0,[-5.2300286e-01 -5.0759659e-04],0
38,[-5.2300286e-01 -5.0759659e-04],1,-1.0,[-5.2351493e-01 -5.1206583e-04],0
38,[-5.2351493e-01 -5.1206583e-04],1,-1.0,[-5.2402765e-01 -5.1269459e-04],0
38,[-5.2402765e-01 -5.1269459e-04],1,-1.0,[-5.2453709e-01 -5.0947815e-04],0
38,[-5.2453709e-01 -5.0947815e-04],1,-1.0,[-5.2503955e-01 -5.0244061e-04],0
38,[-5.2503955e-01 -5.0244061e-04],1,-1.0,[-5.255312e-01 -4.916348e-04],0
38,[-5.255312e-01 -4.916348e-04],1,-1.0,[-5.260083e-01 -4.771418e-04],0
38,[-5.260083e-01 -4.771418e-04],1,-1.0,[-5.264674e-01 -4.590703e-04],0
38,[-5.264674e-01 -4.590703e-04],1,-1.0,[-5.2690494e-01 -4.3755586e-04],0
38,[-5.2690494e-01 -4.3755586e-04],1,-1.0,[-5.273177e-01 -4.127599e-04],0
38,[-5.273177e-01 -4.127599e-04],1,-1.0,[-5.2770257e-01 -3.8486841e-04],0
38,[-5.2770257e-01 -3.8486841e-04],1,-1.0,[-5.2805668e-01 -3.5409062e-04],0
38,[-5.2805668e-01 -3.5409062e-04],1,-1.0,[-5.2837735e-01 -3.2065736e-04],0
38,[-5.2837735e-01 -3.2065736e-04],1,-1.0,[-5.2866215e-01 -2.8481943e-04],0
38,[-5.2866215e-01 -2.8481943e-04],1,-1.0,[-5.2890903e-01 -2.4684554e-04],0
38,[-5.2890903e-01 -2.4684554e-04],1,-1.0,[-5.2911603e-01 -2.0702057e-04],0
38,[-5.2911603e-01 -2.0702057e-04],1,-1.0,[-5.2928168e-01 -1.6564313e-04],0
38,[-5.2928168e-01 -1.6564313e-04],1,-1.0,[-5.2940470e-01 -1.2302354e-04],0
38,[-5.2940470e-01 -1.2302354e-04],1,-1.0,[-5.2948415e-01 -7.9481419e-05],0
38,[-5.2948415e-01 -7.9481419e-05],1,-1.0,[-5.2951950e-01 -3.5343277e-05],0
38,[-5.2951950e-01 -3.5343277e-05],1,-1.0,[-5.2951044e-01  9.0598987e-06],0
38,[-5.2951044e-01  9.0598987e-06],1,-1.0,[-5.2945703e-01  5.3395135e-05],0
38,[-5.2945703e-01  5.3395135e-05],1,-1.0,[-5.293597e-01  9.732997e-05],0
38,[-5.293597e-01  9.732997e-05],1,-1.0,[-5.2921921e-01  1.4053495e-04],0
38,[-5.2921921e-01  1.4053495e-04],1,-1.0,[-5.2903652e-01  1.8268605e-04],0
38,[-5.2903652e-01  1.8268605e-04],1,-1.0,[-5.2881306e-01  2.2346721e-04],0
38,[-5.2881306e-01  2.2346721e-04],1,-1.0,[-5.2855045e-01  2.6257258e-04],0
38,[-5.2855045e-01  2.6257258e-04],1,-1.0,[-5.2825075e-01  2.9970889e-04],0
38,[-5.2825075e-01  2.9970889e-04],1,-1.0,[-5.2791613e-01  3.3459760e-04],0
38,[-5.2791613e-01  3.3459760e-04],1,-1.0,[-5.2754921e-01  3.6697707e-04],0
38,[-5.2754921e-01  3.6697707e-04],1,-1.0,[-5.2715260e-01  3.9660442e-04],0
38,[-5.2715260e-01  3.9660442e-04],1,-1.0,[-5.2672935e-01  4.2325741e-04],0
38,[-5.2672935e-01  4.2325741e-04],1,-1.0,[-5.2628261e-01  4.4673614e-04],0
38,[-5.2628261e-01  4.4673614e-04],1,-1.0,[-5.2581573e-01  4.6686447e-04],0
38,[-5.2581573e-01  4.6686447e-04],1,-1.0,[-5.2533221e-01  4.8349143e-04],0
38,[-5.2533221e-01  4.8349143e-04],1,-1.0,[-5.2483571e-01  4.9649226e-04],0
38,[-5.2483571e-01  4.9649226e-04],1,-1.0,[-5.2432996e-01  5.0576945e-04],0
38,[-5.2432996e-01  5.0576945e-04],1,-1.0,[-5.2381873e-01  5.1125337e-04],0
38,[-5.2381873e-01  5.1125337e-04],1,-1.0,[-5.2330583e-01  5.1290286e-04],0
38,[-5.2330583e-01  5.1290286e-04],1,-1.0,[-5.2279508e-01  5.1070563e-04],0
38,[-5.2279508e-01  5.1070563e-04],1,-1.0,[-5.222904e-01  5.046781e-04],0
38,[-5.222904e-01  5.046781e-04],1,-1.0,[-5.2179557e-01  4.9486547e-04],0
38,[-5.2179557e-01  4.9486547e-04],1,-1.0,[-5.2131420e-01  4.8134144e-04],0
38,[-5.2131420e-01  4.8134144e-04],1,-1.0,[-5.208500e-01  4.642074e-04],0
38,[-5.208500e-01  4.642074e-04],1,-1.0,[-5.2040642e-01  4.4359188e-04],0
38,[-5.2040642e-01  4.4359188e-04],1,-1.0,[-5.1998675e-01  4.1964959e-04],0
38,[-5.1998675e-01  4.1964959e-04],1,-1.0,[-5.1959419e-01  3.9256006e-04],0
38,[-5.1959419e-01  3.9256006e-04],1,-1.0,[-5.1923168e-01  3.6252654e-04],0
38,[-5.1923168e-01  3.6252654e-04],1,-1.0,[-5.189019e-01  3.297743e-04],0
38,[-5.189019e-01  3.297743e-04],1,-1.0,[-5.1860738e-01  2.9454895e-04],0
38,[-5.1860738e-01  2.9454895e-04],1,-1.0,[-5.1835024e-01  2.5711473e-04],0
38,[-5.1835024e-01  2.5711473e-04],1,-1.0,[-5.1813251e-01  2.1775239e-04],0
38,[-5.1813251e-01  2.1775239e-04],1,-1.0,[-5.1795572e-01  1.7675711e-04],0
38,[-5.1795572e-01  1.7675711e-04],1,-1.0,[-5.1782131e-01  1.3443633e-04],0
38,[-5.1782131e-01  1.3443633e-04],1,-1.0,[-5.1773018e-01  9.1107424e-05],0
38,[-5.1773018e-01  9.1107424e-05],1,-1.0,[-5.1768309e-01  4.7095316e-05],0
38,[-5.1768309e-01  4.7095316e-05],1,-1.0,[-5.1768035e-01  2.7300514e-06],0
38,[-5.1768035e-01  2.7300514e-06],1,-1.0,[-5.1772201e-01 -4.1655687e-05],0
38,[-5.1772201e-01 -4.1655687e-05],1,-1.0,[-5.178077e-01 -8.572905e-05],0
38,[-5.178077e-01 -8.572905e-05],1,-1.0,[-5.1793689e-01 -1.2915955e-04],0
38,[-5.1793689e-01 -1.2915955e-04],1,-1.0,[-5.1810855e-01 -1.7162149e-04],0
38,[-5.1810855e-01 -1.7162149e-04],1,-1.0,[-5.1832134e-01 -2.1279645e-04],0
38,[-5.1832134e-01 -2.1279645e-04],1,-1.0,[-5.1857370e-01 -2.5237567e-04],0
38,[-5.1857370e-01 -2.5237567e-04],1,-1.0,[-5.1886374e-01 -2.9006228e-04],0
38,[-5.1886374e-01 -2.9006228e-04],1,-1.0,[-5.1918936e-01 -3.2557364e-04],0
38,[-5.1918936e-01 -3.2557364e-04],1,-1.0,[-5.1954800e-01 -3.5864345e-04],0
38,[-5.1954800e-01 -3.5864345e-04],1,-1.0,[-5.1993698e-01 -3.8902363e-04],0
38,[-5.1993698e-01 -3.8902363e-04],1,-1.0,[-5.2035350e-01 -4.1648635e-04],0
38,[-5.2035350e-01 -4.1648635e-04],1,-1.0,[-5.2079433e-01 -4.4082556e-04],0
38,[-5.2079433e-01 -4.4082556e-04],1,-1.0,[-5.2125615e-01 -4.6185876e-04],0
38,[-5.2125615e-01 -4.6185876e-04],1,-1.0,[-5.2173561e-01 -4.7942807e-04],0
38,[-5.2173561e-01 -4.7942807e-04],1,-1.0,[-5.222290e-01 -4.934018e-04],0
38,[-5.222290e-01 -4.934018e-04],1,-1.0,[-5.227327e-01 -5.036750e-04],0
38,[-5.227327e-01 -5.036750e-04],1,-1.0,[-5.2324283e-01 -5.1017071e-04],0
38,[-5.2324283e-01 -5.1017071e-04],1,-1.0,[-5.2375567e-01 -5.1284011e-04],0
38,[-5.2375567e-01 -5.1284011e-04],1,-1.0,[-5.242674e-01 -5.116632e-04],0
38,[-5.242674e-01 -5.116632e-04],1,-1.0,[-5.2477401e-01 -5.0664885e-04],0
38,[-5.2477401e-01 -5.0664885e-04],1,-1.0,[-5.2527183e-01 -4.9783464e-04],0
38,[-5.2527183e-01 -4.9783464e-04],1,-1.0,[-5.2575713e-01 -4.8528673e-04],0
38,[-5.2575713e-01 -4.8528673e-04],1,-1.0,[-5.262262e-01 -4.690992e-04],0
38,[-5.262262e-01 -4.690992e-04],1,-1.0,[-5.2667564e-01 -4.4939353e-04],0
38,[-5.2667564e-01 -4.4939353e-04],1,-1.0,[-5.2710193e-01 -4.2631754e-04],0
38,[-5.2710193e-01 -4.2631754e-04],1,-1.0,[-5.275020e-01 -4.000443e-04],0
38,[-5.275020e-01 -4.000443e-04],1,-1.0,[-5.2787274e-01 -3.7077093e-04],0
38,[-5.2787274e-01 -3.7077093e-04],1,-1.0,[-5.2821147e-01 -3.3871696e-04],0
38,[-5.2821147e-01 -3.3871696e-04],1,-1.0,[-5.2851558e-01 -3.0412286e-04],0
38,[-5.2851558e-01 -3.0412286e-04],1,-1.0,[-5.2878284e-01 -2.6724808e-04],0
38,[-5.2878284e-01 -2.6724808e-04],1,-1.0,[-5.2901119e-01 -2.2836916e-04],0
38,[-5.2901119e-01 -2.2836916e-04],1,-1.0,[-5.2919900e-01 -1.8777768e-04],0
38,[-5.2919900e-01 -1.8777768e-04],1,-1.0,[-5.2934474e-01 -1.4577807e-04],0
38,[-5.2934474e-01 -1.4577807e-04],1,-1.0,[-5.29447436e-01 -1.02685284e-04],0
38,[-5.29447436e-01 -1.02685284e-04],1,-1.0,[-5.2950627e-01 -5.8822472e-05],0
38,[-5.2950627e-01 -5.8822472e-05],1,-1.0,[-5.29520810e-01 -1.45185595e-05],0
38,[-5.29520810e-01 -1.45185595e-05],1,-1.0,[-5.2949089e-01  2.9894225e-05],0
38,[-5.2949089e-01  2.9894225e-05],1,-1.0,[-5.294168e-01  7.408284e-05],0
38,[-5.294168e-01  7.408284e-05],1,-1.0,[-5.29299080e-01  1.17715914e-04],0
38,[-5.29299080e-01  1.17715914e-04],1,-1.0,[-5.2913862e-01  1.6046625e-04],0
38,[-5.2913862e-01  1.6046625e-04],1,-1.0,[-5.2893662e-01  2.0201327e-04],0
38,[-5.2893662e-01  2.0201327e-04],1,-1.0,[-5.2869457e-01  2.4204538e-04],0
38,[-5.2869457e-01  2.4204538e-04],1,-1.0,[-5.2841431e-01  2.8026238e-04],0
38,[-5.2841431e-01  2.8026238e-04],1,-1.0,[-5.2809793e-01  3.1637764e-04],0
38,[-5.2809793e-01  3.1637764e-04],1,-1.0,[-5.277478e-01  3.501203e-04],0
38,[-5.277478e-01  3.501203e-04],1,-1.0,[-5.273666e-01  3.812373e-04],0
38,[-5.273666e-01  3.812373e-04],1,-1.0,[-5.269571e-01  4.094952e-04],0
38,[-5.269571e-01  4.094952e-04],1,-1.0,[-5.2652240e-01  4.3468206e-04],0
38,[-5.2652240e-01  4.3468206e-04],1,-1.0,[-5.2606577e-01  4.5660895e-04],0
38,[-5.2606577e-01  4.5660895e-04],1,-1.0,[-5.2559066e-01  4.7511139e-04],0
38,[-5.2559066e-01  4.7511139e-04],1,-1.0,[-5.2510065e-01  4.9005059e-04],0
38,[-5.2510065e-01  4.9005059e-04],1,-1.0,[-5.245993e-01  5.013144e-04],0
38,[-5.245993e-01  5.013144e-04],1,-1.0,[-5.2409047e-01  5.0881848e-04],0
38,[-5.2409047e-01  5.0881848e-04],1,-1.0,[-5.2357799e-01  5.1250635e-04],0
38,[-5.2357799e-01  5.1250635e-04],1,-1.0,[-5.2306563e-01  5.1235047e-04],1
39,"(array([-0.45125666,  0.        ], dtype=float32), {})",1,-1.0,[-0.45179498 -0.00053832],0
39,[-0.45179498 -0.00053832],1,-1.0,[-0.45286766 -0.00107269],0
39,[-0.45286766 -0.00107269],1,-1.0,[-0.45446688 -0.0015992 ],0
39,[-0.45446688 -0.0015992 ],1,-1.0,[-0.45658085 -0.00211398],0
39,[-0.45658085 -0.00211398],1,-1.0,[-0.4591941  -0.00261324],0
39,[-0.4591941  -0.00261324],1,-1.0,[-0.46228737 -0.00309327],0
39,[-0.46228737 -0.00309327],1,-1.0,[-0.4658379  -0.00355052],0
39,[-0.4658379  -0.00355052],1,-1.0,[-0.46981946 -0.00398156],0
39,[-0.46981946 -0.00398156],1,-1.0,[-0.4742026  -0.00438316],0
39,[-0.4742026  -0.00438316],1,-1.0,[-0.47895488 -0.00475228],0
39,[-0.47895488 -0.00475228],1,-1.0,[-0.48404098 -0.0050861 ],0
39,[-0.48404098 -0.0050861 ],1,-1.0,[-0.48942307 -0.00538209],0
39,[-0.48942307 -0.00538209],1,-1.0,[-0.49506104 -0.00563796],0
39,[-0.49506104 -0.00563796],1,-1.0,[-0.5009128  -0.00585173],0
39,[-0.5009128  -0.00585173],1,-1.0,[-0.5069345  -0.00602175],0
39,[-0.5069345  -0.00602175],1,-1.0,[-0.5130812  -0.00614668],0
39,[-0.5130812  -0.00614668],1,-1.0,[-0.5193067  -0.00622554],0
39,[-0.5193067  -0.00622554],1,-1.0,[-0.5255645  -0.00625773],0
39,[-0.5255645  -0.00625773],1,-1.0,[-0.5318075  -0.00624299],0
39,[-0.5318075  -0.00624299],1,-1.0,[-0.5379889  -0.00618143],0
39,[-0.5379889  -0.00618143],1,-1.0,[-0.54406244 -0.00607354],0
39,[-0.54406244 -0.00607354],1,-1.0,[-0.5499826  -0.00592016],0
39,[-0.5499826  -0.00592016],1,-1.0,[-0.5557051  -0.00572249],0
39,[-0.5557051  -0.00572249],1,-1.0,[-0.56118715 -0.00548206],0
39,[-0.56118715 -0.00548206],1,-1.0,[-0.5663879  -0.00520075],0
39,[-0.5663879  -0.00520075],1,-1.0,[-0.5712686  -0.00488071],0
39,[-0.5712686  -0.00488071],1,-1.0,[-0.575793  -0.0045244],0
39,[-0.575793  -0.0045244],1,-1.0,[-0.57992756 -0.00413454],0
39,[-0.57992756 -0.00413454],1,-1.0,[-0.58364165 -0.00371409],0
39,[-0.58364165 -0.00371409],1,-1.0,[-0.5869078 -0.0032662],0
39,[-0.5869078 -0.0032662],1,-1.0,[-0.58970207 -0.00279423],0
39,[-0.58970207 -0.00279423],1,-1.0,[-0.59200376 -0.0023017 ],0
39,[-0.59200376 -0.0023017 ],1,-1.0,[-0.593796   -0.00179225],0
39,[-0.593796   -0.00179225],1,-1.0,[-0.59506565 -0.00126966],0
39,[-0.59506565 -0.00126966],1,-1.0,[-0.5958034  -0.00073775],0
39,[-0.5958034  -0.00073775],1,-1.0,[-5.9600383e-01 -2.0044112e-04],0
39,[-5.9600383e-01 -2.0044112e-04],1,-1.0,[-5.956655e-01  3.383367e-04],0
39,[-5.956655e-01  3.383367e-04],1,-1.0,[-0.5947909   0.00087464],0
39,[-0.5947909   0.00087464],1,-1.0,[-0.59338635  0.00140453],0
39,[-0.59338635  0.00140453],1,-1.0,[-0.59146225  0.00192412],0
39,[-0.59146225  0.00192412],1,-1.0,[-0.58903265  0.00242959],0
39,[-0.58903265  0.00242959],1,-1.0,[-0.5861155   0.00291719],0
39,[-0.5861155   0.00291719],1,-1.0,[-0.58273214  0.00338332],0
39,[-0.58273214  0.00338332],1,-1.0,[-0.5789076  0.0038245],0
39,[-0.5789076  0.0038245],1,-1.0,[-0.5746702   0.00423742],0
39,[-0.5746702   0.00423742],1,-1.0,[-0.57005125  0.00461896],0
39,[-0.57005125  0.00461896],1,-1.0,[-0.56508505  0.00496622],0
39,[-0.56508505  0.00496622],1,-1.0,[-0.55980843  0.00527657],0
39,[-0.55980843  0.00527657],1,-1.0,[-0.55426085  0.00554761],0
39,[-0.55426085  0.00554761],1,-1.0,[-0.5484836   0.00577725],0
39,[-0.5484836   0.00577725],1,-1.0,[-0.54251987  0.00596371],0
39,[-0.54251987  0.00596371],1,-1.0,[-0.5364143   0.00610554],0
39,[-0.5364143   0.00610554],1,-1.0,[-0.5302127   0.00620164],0
39,[-0.5302127   0.00620164],1,-1.0,[-0.5239615   0.00625124],0
39,[-0.5239615   0.00625124],1,-1.0,[-0.5177075   0.00625396],0
39,[-0.5177075   0.00625396],1,-1.0,[-0.51149774  0.00620978],0
39,[-0.51149774  0.00620978],1,-1.0,[-0.5053787   0.00611904],0
39,[-0.5053787   0.00611904],1,-1.0,[-0.49939623  0.00598246],0
39,[-0.49939623  0.00598246],1,-1.0,[-0.49359515  0.0058011 ],0
39,[-0.49359515  0.0058011 ],1,-1.0,[-0.48801878  0.00557637],0
39,[-0.48801878  0.00557637],1,-1.0,[-0.48270875  0.00531003],0
39,[-0.48270875  0.00531003],1,-1.0,[-0.4777046   0.00500412],0
39,[-0.4777046   0.00500412],1,-1.0,[-0.47304362  0.004661  ],0
39,[-0.47304362  0.004661  ],1,-1.0,[-0.46876034  0.00428329],0
39,[-0.46876034  0.00428329],1,-1.0,[-0.4648865   0.00387386],0
39,[-0.4648865   0.00387386],1,-1.0,[-0.4614507   0.00343579],0
39,[-0.4614507   0.00343579],1,-1.0,[-0.45847833  0.00297237],0
39,[-0.45847833  0.00297237],1,-1.0,[-0.45599124  0.00248707],0
39,[-0.45599124  0.00248707],1,-1.0,[-0.45400777  0.00198348],0
39,[-0.45400777  0.00198348],1,-1.0,[-0.45254242  0.00146533],0
39,[-0.45254242  0.00146533],1,-1.0,[-0.451606    0.00093644],0
39,[-0.451606    0.00093644],1,-1.0,[-4.5120531e-01  4.0067904e-04],0
39,[-4.5120531e-01  4.0067904e-04],1,-1.0,[-4.5134333e-01 -1.3801368e-04],0
39,[-4.5134333e-01 -1.3801368e-04],1,-1.0,[-0.45201904 -0.0006757 ],0
39,[-0.45201904 -0.0006757 ],1,-1.0,[-0.45322746 -0.00120843],0
39,[-0.45322746 -0.00120843],1,-1.0,[-0.45495975 -0.0017323 ],0
39,[-0.45495975 -0.0017323 ],1,-1.0,[-0.4572032  -0.00224346],0
39,[-0.4572032  -0.00224346],1,-1.0,[-0.45994136 -0.00273814],0
39,[-0.45994136 -0.00273814],1,-1.0,[-0.46315405 -0.00321268],0
39,[-0.46315405 -0.00321268],1,-1.0,[-0.46681756 -0.00366353],0
39,[-0.46681756 -0.00366353],1,-1.0,[-0.47090492 -0.00408733],0
39,[-0.47090492 -0.00408733],1,-1.0,[-0.47538581 -0.00448089],0
39,[-0.47538581 -0.00448089],1,-1.0,[-0.48022702 -0.00484123],0
39,[-0.48022702 -0.00484123],1,-1.0,[-0.48539263 -0.0051656 ],0
39,[-0.48539263 -0.0051656 ],1,-1.0,[-0.49084416 -0.00545152],0
39,[-0.49084416 -0.00545152],1,-1.0,[-0.49654093 -0.00569679],0
39,[-0.49654093 -0.00569679],1,-1.0,[-0.50244045 -0.0058995 ],0
39,[-0.50244045 -0.0058995 ],1,-1.0,[-0.50849855 -0.00605808],0
39,[-0.50849855 -0.00605808],1,-1.0,[-0.51466984 -0.00617129],0
39,[-0.51466984 -0.00617129],1,-1.0,[-0.52090806 -0.00623825],0
39,[-0.52090806 -0.00623825],1,-1.0,[-0.5271665  -0.00625843],0
39,[-0.5271665  -0.00625843],1,-1.0,[-0.53339815 -0.00623167],0
39,[-0.53339815 -0.00623167],1,-1.0,[-0.5395564  -0.00615819],0
39,[-0.5395564  -0.00615819],1,-1.0,[-0.54559493 -0.00603855],0
39,[-0.54559493 -0.00603855],1,-1.0,[-0.5514686 -0.0058737],0
39,[-0.5514686 -0.0058737],1,-1.0,[-0.55713356 -0.00566492],0
39,[-0.55713356 -0.00566492],1,-1.0,[-0.5625474  -0.00541383],0
39,[-0.5625474  -0.00541383],1,-1.0,[-0.56766975 -0.00512238],0
39,[-0.56766975 -0.00512238],1,-1.0,[-0.57246256 -0.00479281],0
39,[-0.57246256 -0.00479281],1,-1.0,[-0.57689023 -0.00442765],0
39,[-0.57689023 -0.00442765],1,-1.0,[-0.58091986 -0.00402966],0
39,[-0.58091986 -0.00402966],1,-1.0,[-0.5845218  -0.00360187],0
39,[-0.5845218  -0.00360187],1,-1.0,[-0.58766925 -0.00314749],0
39,[-0.58766925 -0.00314749],1,-1.0,[-0.5903391  -0.00266991],0
39,[-0.5903391  -0.00266991],1,-1.0,[-0.59251183 -0.0021727 ],0
39,[-0.59251183 -0.0021727 ],1,-1.0,[-0.59417135 -0.00165952],0
39,[-0.59417135 -0.00165952],1,-1.0,[-0.59530556 -0.00113417],0
39,[-0.59530556 -0.00113417],1,-1.0,[-0.595906   -0.00060051],0
39,[-0.595906   -0.00060051],1,-1.0,[-5.959685e-01 -6.244924e-05],0
39,[-5.959685e-01 -6.244924e-05],1,-1.0,[-5.9549242e-01  4.7606963e-04],0
39,[-5.9549242e-01  4.7606963e-04],1,-1.0,[-0.59448135  0.0010111 ],0
39,[-0.59448135  0.0010111 ],1,-1.0,[-0.5929426   0.00153872],0
39,[-0.5929426   0.00153872],1,-1.0,[-0.59088755  0.00205506],0
39,[-0.59088755  0.00205506],1,-1.0,[-0.5883312  0.0025563],0
39,[-0.5883312  0.0025563],1,-1.0,[-0.58529246  0.00303875],0
39,[-0.58529246  0.00303875],1,-1.0,[-0.58179367  0.00349882],0
39,[-0.58179367  0.00349882],1,-1.0,[-0.5778606   0.00393307],0
39,[-0.5778606   0.00393307],1,-1.0,[-0.5735224   0.00433823],0
39,[-0.5735224   0.00433823],1,-1.0,[-0.5688111   0.00471126],0
39,[-0.5688111   0.00471126],1,-1.0,[-0.5637618   0.00504932],0
39,[-0.5637618   0.00504932],1,-1.0,[-0.55841196  0.00534981],0
39,[-0.55841196  0.00534981],1,-1.0,[-0.55280155  0.00561044],0
39,[-0.55280155  0.00561044],1,-1.0,[-0.5469724   0.00582918],0
39,[-0.5469724   0.00582918],1,-1.0,[-0.54096806  0.00600433],0
39,[-0.54096806  0.00600433],1,-1.0,[-0.5348335   0.00613454],0
39,[-0.5348335   0.00613454],1,-1.0,[-0.5286147   0.00621879],0
39,[-0.5286147   0.00621879],1,-1.0,[-0.5223583   0.00625641],0
39,[-0.5223583   0.00625641],1,-1.0,[-0.5161112  0.0062471],0
39,[-0.5161112  0.0062471],1,-1.0,[-0.50992024  0.00619095],0
39,[-0.50992024  0.00619095],1,-1.0,[-0.50383186  0.00608839],0
39,[-0.50383186  0.00608839],1,-1.0,[-0.49789163  0.00594023],0
39,[-0.49789163  0.00594023],1,-1.0,[-0.49214402  0.00574761],0
39,[-0.49214402  0.00574761],1,-1.0,[-0.48663196  0.00551205],0
39,[-0.48663196  0.00551205],1,-1.0,[-0.4813966   0.00523537],0
39,[-0.4813966   0.00523537],1,-1.0,[-0.47647688  0.0049197 ],0
39,[-0.47647688  0.0049197 ],1,-1.0,[-0.47190943  0.00456746],0
39,[-0.47190943  0.00456746],1,-1.0,[-0.46772808  0.00418134],0
39,[-0.46772808  0.00418134],1,-1.0,[-0.4639638   0.00376427],0
39,[-0.4639638   0.00376427],1,-1.0,[-0.46064442  0.00331939],0
39,[-0.46064442  0.00331939],1,-1.0,[-0.4577944   0.00285003],0
39,[-0.4577944   0.00285003],1,-1.0,[-0.45543468  0.0023597 ],0
39,[-0.45543468  0.0023597 ],1,-1.0,[-0.45358267  0.00185203],0
39,[-0.45358267  0.00185203],1,-1.0,[-0.4522519   0.00133076],0
39,[-0.4522519   0.00133076],1,-1.0,[-0.45145217  0.00079973],0
39,[-0.45145217  0.00079973],1,-1.0,[-4.5118931e-01  2.6284886e-04],0
39,[-4.5118931e-01  2.6284886e-04],1,-1.0,[-4.5146528e-01 -2.7596104e-04],0
39,[-4.5146528e-01 -2.7596104e-04],1,-1.0,[-0.45227805 -0.00081275],0
39,[-0.45227805 -0.00081275],1,-1.0,[-0.45362163 -0.00134358],0
39,[-0.45362163 -0.00134358],1,-1.0,[-0.45548618 -0.00186457],0
39,[-0.45548618 -0.00186457],1,-1.0,[-0.45785806 -0.00237186],0
39,[-0.45785806 -0.00237186],1,-1.0,[-0.46071976 -0.00286173],0
39,[-0.46071976 -0.00286173],1,-1.0,[-0.4640503  -0.00333053],0
39,[-0.4640503  -0.00333053],1,-1.0,[-0.46782508 -0.00377477],0
39,[-0.46782508 -0.00377477],1,-1.0,[-0.4720162  -0.00419112],0
39,[-0.4720162  -0.00419112],1,-1.0,[-0.47659266 -0.00457645],0
39,[-0.47659266 -0.00457645],1,-1.0,[-0.48152047 -0.00492783],0
39,[-0.48152047 -0.00492783],1,-1.0,[-0.48676306 -0.00524258],0
39,[-0.48676306 -0.00524258],1,-1.0,[-0.49228135 -0.00551829],0
39,[-0.49228135 -0.00551829],1,-1.0,[-0.49803415 -0.00575282],0
39,[-0.49803415 -0.00575282],1,-1.0,[-0.50397855 -0.00594437],0
39,[-0.50397855 -0.00594437],1,-1.0,[-0.51006997 -0.00609143],0
39,[-0.51006997 -0.00609143],1,-1.0,[-0.5162628  -0.00619287],0
39,[-0.5162628  -0.00619287],1,-1.0,[-0.5225107  -0.00624789],0
39,[-0.5225107  -0.00624789],1,-1.0,[-0.52876675 -0.00625605],0
39,[-0.52876675 -0.00625605],1,-1.0,[-0.53498405 -0.00621729],0
39,[-0.53498405 -0.00621729],1,-1.0,[-0.541116   -0.00613192],0
39,[-0.541116   -0.00613192],1,-1.0,[-0.5471166 -0.0060006],0
39,[-0.5471166 -0.0060006],1,-1.0,[-0.55294096 -0.00582436],0
39,[-0.55294096 -0.00582436],1,-1.0,[-0.55854553 -0.00560458],0
39,[-0.55854553 -0.00560458],1,-1.0,[-0.5638885  -0.00534296],0
39,[-0.5638885  -0.00534296],1,-1.0,[-0.56893    -0.00504152],0
39,[-0.56893    -0.00504152],1,-1.0,[-0.5736326  -0.00470258],0
39,[-0.5736326  -0.00470258],1,-1.0,[-0.5779613  -0.00432874],0
39,[-0.5779613  -0.00432874],1,-1.0,[-0.58188415 -0.00392282],0
39,[-0.58188415 -0.00392282],1,-1.0,[-0.58537203 -0.00348791],0
39,[-0.58537203 -0.00348791],1,-1.0,[-0.5883993  -0.00302726],0
39,[-0.5883993  -0.00302726],1,-1.0,[-0.59094363 -0.00254431],0
39,[-0.59094363 -0.00254431],1,-1.0,[-0.5929863  -0.00204265],0
39,[-0.5929863  -0.00204265],1,-1.0,[-0.5945122  -0.00152599],0
39,[-0.5945122  -0.00152599],1,-1.0,[-0.5955104  -0.00099815],0
39,[-0.5955104  -0.00099815],1,-1.0,[-5.959734e-01 -4.629820e-04],0
39,[-5.959734e-01 -4.629820e-04],1,-1.0,[-5.958978e-01  7.557265e-05],0
39,[-5.958978e-01  7.557265e-05],1,-1.0,[-0.5952842   0.00061357],0
39,[-0.5952842   0.00061357],1,-1.0,[-0.59413713  0.00114708],0
39,[-0.59413713  0.00114708],1,-1.0,[-0.592465    0.00167218],0
39,[-0.592465    0.00167218],1,-1.0,[-0.59027994  0.00218501],0
39,[-0.59027994  0.00218501],1,-1.0,[-0.5875982   0.00268179],0
39,[-0.5875982   0.00268179],1,-1.0,[-0.58443934  0.00315884],0
39,[-0.58443934  0.00315884],1,-1.0,[-0.5808267   0.00361262],0
39,[-0.5808267   0.00361262],1,-1.0,[-0.576787    0.00403972],0
39,[-0.576787    0.00403972],1,-1.0,[-0.5723501   0.00443694],0
39,[-0.5723501   0.00443694],1,-1.0,[-0.5675488   0.00480127],0
39,[-0.5675488   0.00480127],1,-1.0,[-0.5624188   0.00512994],0
39,[-0.5624188   0.00512994],1,-1.0,[-0.55699843  0.00542044],0
39,[-0.55699843  0.00542044],1,-1.0,[-0.5513279   0.00567051],0
39,[-0.5513279   0.00567051],1,-1.0,[-0.5454497   0.00587824],0
39,[-0.5454497   0.00587824],1,-1.0,[-0.5394077   0.00604201],0
39,[-0.5394077   0.00604201],1,-1.0,[-0.5332471   0.00616053],0
39,[-0.5332471   0.00616053],1,-1.0,[-0.52701426  0.00623288],0
39,[-0.52701426  0.00623288],1,-1.0,[-0.5207557  0.0062585],1
40,"(array([-0.42035463,  0.        ], dtype=float32), {})",1,-1.0,[-0.42111662 -0.00076201],0
40,[-0.42111662 -0.00076201],1,-1.0,[-0.4226352  -0.00151857],0
40,[-0.4226352  -0.00151857],1,-1.0,[-0.4248995  -0.00226428],0
40,[-0.4248995  -0.00226428],1,-1.0,[-0.42789322 -0.00299375],0
40,[-0.42789322 -0.00299375],1,-1.0,[-0.43159494 -0.00370172],0
40,[-0.43159494 -0.00370172],1,-1.0,[-0.43597797 -0.00438302],0
40,[-0.43597797 -0.00438302],1,-1.0,[-0.44101062 -0.00503264],0
40,[-0.44101062 -0.00503264],1,-1.0,[-0.44665635 -0.00564573],0
40,[-0.44665635 -0.00564573],1,-1.0,[-0.45287403 -0.00621769],0
40,[-0.45287403 -0.00621769],1,-1.0,[-0.45961818 -0.00674415],0
40,[-0.45961818 -0.00674415],1,-1.0,[-0.46683925 -0.00722106],0
40,[-0.46683925 -0.00722106],1,-1.0,[-0.47448394 -0.00764471],0
40,[-0.47448394 -0.00764471],1,-1.0,[-0.4824957  -0.00801174],0
40,[-0.4824957  -0.00801174],1,-1.0,[-0.49081492 -0.00831923],0
40,[-0.49081492 -0.00831923],1,-1.0,[-0.49937963 -0.00856471],0
40,[-0.49937963 -0.00856471],1,-1.0,[-0.50812584 -0.0087462 ],0
40,[-0.50812584 -0.0087462 ],1,-1.0,[-0.51698804 -0.0088622 ],0
40,[-0.51698804 -0.0088622 ],1,-1.0,[-0.5258998  -0.00891178],0
40,[-0.5258998  -0.00891178],1,-1.0,[-0.53479433 -0.00889452],0
40,[-0.53479433 -0.00889452],1,-1.0,[-0.5436049  -0.00881057],0
40,[-0.5436049  -0.00881057],1,-1.0,[-0.5522655  -0.00866061],0
40,[-0.5522655  -0.00866061],1,-1.0,[-0.5607114  -0.00844588],0
40,[-0.5607114  -0.00844588],1,-1.0,[-0.5688795  -0.00816811],0
40,[-0.5688795  -0.00816811],1,-1.0,[-0.57670903 -0.00782955],0
40,[-0.57670903 -0.00782955],1,-1.0,[-0.58414197 -0.0074329 ],0
40,[-0.58414197 -0.0074329 ],1,-1.0,[-0.5911233  -0.00698132],0
40,[-0.5911233  -0.00698132],1,-1.0,[-0.5976016  -0.00647835],0
40,[-0.5976016  -0.00647835],1,-1.0,[-0.6035295  -0.00592787],0
40,[-0.6035295  -0.00592787],1,-1.0,[-0.6088636  -0.00533412],0
40,[-0.6088636  -0.00533412],1,-1.0,[-0.6135652  -0.00470158],0
40,[-0.6135652  -0.00470158],1,-1.0,[-0.6176002 -0.004035 ],0
40,[-0.6176002 -0.004035 ],1,-1.0,[-0.6209395 -0.0033393],0
40,[-0.6209395 -0.0033393],1,-1.0,[-0.62355906 -0.00261957],0
40,[-0.62355906 -0.00261957],1,-1.0,[-0.6254401  -0.00188106],0
40,[-0.6254401  -0.00188106],1,-1.0,[-0.6265692  -0.00112907],0
40,[-0.6265692  -0.00112907],1,-1.0,[-6.269382e-01 -3.690198e-04],0
40,[-6.269382e-01 -3.690198e-04],1,-1.0,[-6.2654454e-01  3.9367037e-04],0
40,[-6.2654454e-01  3.9367037e-04],1,-1.0,[-0.625391    0.00115355],0
40,[-0.625391    0.00115355],1,-1.0,[-0.6234858   0.00190518],0
40,[-0.6234858   0.00190518],1,-1.0,[-0.62084264  0.00264317],0
40,[-0.62084264  0.00264317],1,-1.0,[-0.61748046  0.0033622 ],0
40,[-0.61748046  0.0033622 ],1,-1.0,[-0.6134234   0.00405704],0
40,[-0.6134234   0.00405704],1,-1.0,[-0.6087008  0.0047226],0
40,[-0.6087008  0.0047226],1,-1.0,[-0.6033468   0.00535395],0
40,[-0.6033468   0.00535395],1,-1.0,[-0.5974005   0.00594637],0
40,[-0.5974005   0.00594637],1,-1.0,[-0.59090513  0.00649538],0
40,[-0.59090513  0.00649538],1,-1.0,[-0.5839084   0.00699675],0
40,[-0.5839084   0.00699675],1,-1.0,[-0.57646173  0.00744661],0
40,[-0.57646173  0.00744661],1,-1.0,[-0.5686203   0.00784142],0
40,[-0.5686203   0.00784142],1,-1.0,[-0.56044227  0.00817806],0
40,[-0.56044227  0.00817806],1,-1.0,[-0.5519884   0.00845382],0
40,[-0.5519884   0.00845382],1,-1.0,[-0.54332197  0.00866649],0
40,[-0.54332197  0.00866649],1,-1.0,[-0.53450763  0.00881432],0
40,[-0.53450763  0.00881432],1,-1.0,[-0.5256115   0.00889613],0
40,[-0.5256115   0.00889613],1,-1.0,[-0.51670027  0.00891122],0
40,[-0.51670027  0.00891122],1,-1.0,[-0.5078408   0.00885949],0
40,[-0.5078408   0.00885949],1,-1.0,[-0.49909946  0.00874135],0
40,[-0.49909946  0.00874135],1,-1.0,[-0.4905417   0.00855777],0
40,[-0.4905417   0.00855777],1,-1.0,[-0.48223144  0.00831024],0
40,[-0.48223144  0.00831024],1,-1.0,[-0.47423068  0.00800078],0
40,[-0.47423068  0.00800078],1,-1.0,[-0.46659878  0.00763188],0
40,[-0.46659878  0.00763188],1,-1.0,[-0.45939234  0.00720646],0
40,[-0.45939234  0.00720646],1,-1.0,[-0.45266446  0.00672788],0
40,[-0.45266446  0.00672788],1,-1.0,[-0.44646457  0.00619988],0
40,[-0.44646457  0.00619988],1,-1.0,[-0.44083804  0.00562652],0
40,[-0.44083804  0.00562652],1,-1.0,[-0.43582588  0.00501217],0
40,[-0.43582588  0.00501217],1,-1.0,[-0.43146443  0.00436146],0
40,[-0.43146443  0.00436146],1,-1.0,[-0.42778522  0.00367922],0
40,[-0.42778522  0.00367922],1,-1.0,[-0.42481473  0.00297047],0
40,[-0.42481473  0.00297047],1,-1.0,[-0.42257434  0.00224038],0
40,[-0.42257434  0.00224038],1,-1.0,[-0.4210801   0.00149425],0
40,[-0.4210801   0.00149425],1,-1.0,[-0.42034268  0.00073742],0
40,[-0.42034268  0.00073742],1,-1.0,[-4.2036736e-01 -2.4672590e-05],0
40,[-4.2036736e-01 -2.4672590e-05],1,-1.0,[-0.42115393 -0.00078659],0
40,[-0.42115393 -0.00078659],1,-1.0,[-0.42269683 -0.00154289],0
40,[-0.42269683 -0.00154289],1,-1.0,[-0.424985   -0.00228815],0
40,[-0.424985   -0.00228815],1,-1.0,[-0.428002   -0.00301701],0
40,[-0.428002   -0.00301701],1,-1.0,[-0.4317262 -0.0037242],0
40,[-0.4317262 -0.0037242],1,-1.0,[-0.43613076 -0.00440455],0
40,[-0.43613076 -0.00440455],1,-1.0,[-0.4411838  -0.00505306],0
40,[-0.4411838  -0.00505306],1,-1.0,[-0.4468487  -0.00566489],0
40,[-0.4468487  -0.00566489],1,-1.0,[-0.45308414 -0.00623545],0
40,[-0.45308414 -0.00623545],1,-1.0,[-0.45984453 -0.00676037],0
40,[-0.45984453 -0.00676037],1,-1.0,[-0.46708015 -0.00723562],0
40,[-0.46708015 -0.00723562],1,-1.0,[-0.4747376  -0.00765748],0
40,[-0.4747376  -0.00765748],1,-1.0,[-0.48276025 -0.00802263],0
40,[-0.48276025 -0.00802263],1,-1.0,[-0.4910884  -0.00832815],0
40,[-0.4910884  -0.00832815],1,-1.0,[-0.49966    -0.00857159],0
40,[-0.49966    -0.00857159],1,-1.0,[-0.508411   -0.00875098],0
40,[-0.508411   -0.00875098],1,-1.0,[-0.5172758  -0.00886485],0
40,[-0.5172758  -0.00886485],1,-1.0,[-0.5261881  -0.00891227],0
40,[-0.5261881  -0.00891227],1,-1.0,[-0.5350809  -0.00889285],0
40,[-0.5350809  -0.00889285],1,-1.0,[-0.5438877  -0.00880675],0
40,[-0.5438877  -0.00880675],1,-1.0,[-0.5525423  -0.00865468],0
40,[-0.5525423  -0.00865468],1,-1.0,[-0.5609802  -0.00843787],0
40,[-0.5609802  -0.00843787],1,-1.0,[-0.56913835 -0.0081581 ],0
40,[-0.56913835 -0.0081581 ],1,-1.0,[-0.5769559  -0.00781761],0
40,[-0.5769559  -0.00781761],1,-1.0,[-0.5843751  -0.00741914],0
40,[-0.5843751  -0.00741914],1,-1.0,[-0.5913409  -0.00696584],0
40,[-0.5913409  -0.00696584],1,-1.0,[-0.59780216 -0.00646126],0
40,[-0.59780216 -0.00646126],1,-1.0,[-0.6037115  -0.00590932],0
40,[-0.6037115  -0.00590932],1,-1.0,[-0.6090258  -0.00531425],0
40,[-0.6090258  -0.00531425],1,-1.0,[-0.6137063  -0.00468053],0
40,[-0.6137063  -0.00468053],1,-1.0,[-0.61771923 -0.00401293],0
40,[-0.61771923 -0.00401293],1,-1.0,[-0.6210356  -0.00331637],0
40,[-0.6210356  -0.00331637],1,-1.0,[-0.62363154 -0.00259595],0
40,[-0.62363154 -0.00259595],1,-1.0,[-0.62548846 -0.00185692],0
40,[-0.62548846 -0.00185692],1,-1.0,[-0.62659305 -0.00110459],0
40,[-0.62659305 -0.00110459],1,-1.0,[-6.2693739e-01 -3.4436645e-04],0
40,[-6.2693739e-01 -3.4436645e-04],1,-1.0,[-6.265191e-01  4.183180e-04],0
40,[-6.265191e-01  4.183180e-04],1,-1.0,[-0.62534106  0.00117801],0
40,[-0.62534106  0.00117801],1,-1.0,[-0.6234118   0.00192929],0
40,[-0.6234118   0.00192929],1,-1.0,[-0.62074506  0.00266675],0
40,[-0.62074506  0.00266675],1,-1.0,[-0.61736     0.00338508],0
40,[-0.61736     0.00338508],1,-1.0,[-0.6132809   0.00407905],0
40,[-0.6132809   0.00407905],1,-1.0,[-0.6085373   0.00474358],0
40,[-0.6085373   0.00474358],1,-1.0,[-0.6031636   0.00537375],0
40,[-0.6031636   0.00537375],1,-1.0,[-0.5971988   0.00596483],0
40,[-0.5971988   0.00596483],1,-1.0,[-0.5906864   0.00651236],0
40,[-0.5906864   0.00651236],1,-1.0,[-0.58367425  0.00701212],0
40,[-0.58367425  0.00701212],1,-1.0,[-0.576214    0.00746026],0
40,[-0.576214    0.00746026],1,-1.0,[-0.5683608   0.00785323],0
40,[-0.5683608   0.00785323],1,-1.0,[-0.56017286  0.00818794],0
40,[-0.56017286  0.00818794],1,-1.0,[-0.55171114  0.0084617 ],0
40,[-0.55171114  0.0084617 ],1,-1.0,[-0.54303885  0.00867229],0
40,[-0.54303885  0.00867229],1,-1.0,[-0.5342209   0.00881801],0
40,[-0.5342209   0.00881801],1,-1.0,[-0.5253232   0.00889766],0
40,[-0.5253232   0.00889766],1,-1.0,[-0.5164126   0.00891059],0
40,[-0.5164126   0.00891059],1,-1.0,[-0.5075559  0.0088567],0
40,[-0.5075559  0.0088567],1,-1.0,[-0.49881947  0.00873643],0
40,[-0.49881947  0.00873643],1,-1.0,[-0.49026874  0.00855075],0
40,[-0.49026874  0.00855075],1,-1.0,[-0.48196754  0.00830119],0
40,[-0.48196754  0.00830119],1,-1.0,[-0.47397777  0.00798977],0
40,[-0.47397777  0.00798977],1,-1.0,[-0.46635878  0.00761898],0
40,[-0.46635878  0.00761898],1,-1.0,[-0.459167    0.00719179],0
40,[-0.459167    0.00719179],1,-1.0,[-0.45245543  0.00671156],0
40,[-0.45245543  0.00671156],1,-1.0,[-0.44627342  0.00618202],0
40,[-0.44627342  0.00618202],1,-1.0,[-0.44066614  0.00560727],0
40,[-0.44066614  0.00560727],1,-1.0,[-0.43567446  0.00499167],0
40,[-0.43567446  0.00499167],1,-1.0,[-0.4313346   0.00433986],0
40,[-0.4313346   0.00433986],1,-1.0,[-0.42767793  0.00365668],0
40,[-0.42767793  0.00365668],1,-1.0,[-0.42473075  0.00294716],0
40,[-0.42473075  0.00294716],1,-1.0,[-0.4225143   0.00221648],0
40,[-0.4225143   0.00221648],1,-1.0,[-0.42104438  0.00146991],0
40,[-0.42104438  0.00146991],1,-1.0,[-0.42033154  0.00071283],0
40,[-0.42033154  0.00071283],1,-1.0,[-4.203809e-01 -4.934500e-05],0
40,[-4.203809e-01 -4.934500e-05],1,-1.0,[-0.42119205 -0.00081117],0
40,[-0.42119205 -0.00081117],1,-1.0,[-0.42275923 -0.00156719],0
40,[-0.42275923 -0.00156719],1,-1.0,[-0.42507124 -0.00231201],0
40,[-0.42507124 -0.00231201],1,-1.0,[-0.4281115  -0.00304025],0
40,[-0.4281115  -0.00304025],1,-1.0,[-0.43185815 -0.00374665],0
40,[-0.43185815 -0.00374665],1,-1.0,[-0.4362842  -0.00442605],0
40,[-0.4362842  -0.00442605],1,-1.0,[-0.44135764 -0.00507345],0
40,[-0.44135764 -0.00507345],1,-1.0,[-0.44704166 -0.00568402],0
40,[-0.44704166 -0.00568402],1,-1.0,[-0.4532948  -0.00625316],0
40,[-0.4532948  -0.00625316],1,-1.0,[-0.46007136 -0.00677654],0
40,[-0.46007136 -0.00677654],1,-1.0,[-0.4673215  -0.00725012],0
40,[-0.4673215  -0.00725012],1,-1.0,[-0.47499168 -0.00767019],0
40,[-0.47499168 -0.00767019],1,-1.0,[-0.48302513 -0.00803346],0
40,[-0.48302513 -0.00803346],1,-1.0,[-0.49136212 -0.00833701],0
40,[-0.49136212 -0.00833701],1,-1.0,[-0.49994054 -0.0085784 ],0
40,[-0.49994054 -0.0085784 ],1,-1.0,[-0.50869626 -0.00875569],0
40,[-0.50869626 -0.00875569],1,-1.0,[-0.51756364 -0.00886742],0
40,[-0.51756364 -0.00886742],1,-1.0,[-0.5264763  -0.00891269],0
40,[-0.5264763  -0.00891269],1,-1.0,[-0.5353674 -0.0088911],0
40,[-0.5353674 -0.0088911],1,-1.0,[-0.5441703  -0.00880286],0
40,[-0.5441703  -0.00880286],1,-1.0,[-0.55281895 -0.00864867],0
40,[-0.55281895 -0.00864867],1,-1.0,[-0.5612488 -0.0084298],0
40,[-0.5612488 -0.0084298],1,-1.0,[-0.5693968  -0.00814802],0
40,[-0.5693968  -0.00814802],1,-1.0,[-0.5772024  -0.00780562],0
40,[-0.5772024  -0.00780562],1,-1.0,[-0.5846077  -0.00740532],0
40,[-0.5846077  -0.00740532],1,-1.0,[-0.59155804 -0.0069503 ],0
40,[-0.59155804 -0.0069503 ],1,-1.0,[-0.5980022  -0.00644413],0
40,[-0.5980022  -0.00644413],1,-1.0,[-0.6038929  -0.00589073],0
40,[-0.6038929  -0.00589073],1,-1.0,[-0.60918725 -0.00529433],0
40,[-0.60918725 -0.00529433],1,-1.0,[-0.61384666 -0.00465945],0
40,[-0.61384666 -0.00465945],1,-1.0,[-0.6178375  -0.00399083],0
40,[-0.6178375  -0.00399083],1,-1.0,[-0.62113094 -0.00329342],0
40,[-0.62113094 -0.00329342],1,-1.0,[-0.62370324 -0.00257232],0
40,[-0.62370324 -0.00257232],1,-1.0,[-0.625536   -0.00183277],0
40,[-0.625536   -0.00183277],1,-1.0,[-0.6266161 -0.0010801],0
40,[-0.6266161 -0.0010801],1,-1.0,[-6.2693584e-01 -3.1971055e-04],0
40,[-6.2693584e-01 -3.1971055e-04],1,-1.0,[-6.2649286e-01  4.4296251e-04],0
40,[-6.2649286e-01  4.4296251e-04],1,-1.0,[-0.6252904   0.00120247],0
40,[-0.6252904   0.00120247],1,-1.0,[-0.623337    0.00195338],0
40,[-0.623337    0.00195338],1,-1.0,[-0.6206467   0.00269031],0
40,[-0.6206467   0.00269031],1,-1.0,[-0.61723876  0.00340793],0
40,[-0.61723876  0.00340793],1,-1.0,[-0.6131377   0.00410103],0
40,[-0.6131377   0.00410103],1,-1.0,[-0.6083732   0.00476452],0
40,[-0.6083732   0.00476452],1,-1.0,[-0.6029797  0.0053935],0
40,[-0.6029797  0.0053935],1,-1.0,[-0.5969965   0.00598324],0
40,[-0.5969965   0.00598324],1,-1.0,[-0.5904672   0.00652929],0
40,[-0.5904672   0.00652929],1,-1.0,[-0.58343977  0.00702744],0
40,[-0.58343977  0.00702744],1,-1.0,[-0.5759659   0.00747385],0
40,[-0.5759659   0.00747385],1,-1.0,[-0.5681009   0.00786499],0
40,[-0.5681009   0.00786499],1,-1.0,[-0.55990314  0.00819776],0
40,[-0.55990314  0.00819776],1,-1.0,[-0.5514336   0.00846951],0
40,[-0.5514336   0.00846951],1,-1.0,[-0.5427556   0.00867802],0
40,[-0.5427556   0.00867802],1,-1.0,[-0.533934    0.00882162],0
40,[-0.533934    0.00882162],1,-1.0,[-0.52503484  0.00889912],1
41,"(array([-0.5393124,  0.       ], dtype=float32), {})",1,-1.0,[-5.3919464e-01  1.1780875e-04],0
41,[-5.3919464e-01  1.1780875e-04],1,-1.0,[-5.3895986e-01  2.3473491e-04],0
41,[-5.3895986e-01  2.3473491e-04],1,-1.0,[-5.3860998e-01  3.4990246e-04],0
41,[-5.3860998e-01  3.4990246e-04],1,-1.0,[-5.3814751e-01  4.6244846e-04],0
41,[-5.3814751e-01  4.6244846e-04],1,-1.0,[-0.537576    0.00057153],0
41,[-0.537576    0.00057153],1,-1.0,[-0.5368997   0.00067633],0
41,[-0.5368997   0.00067633],1,-1.0,[-0.53612363  0.00077606],0
41,[-0.53612363  0.00077606],1,-1.0,[-0.53525364  0.00086997],0
41,[-0.53525364  0.00086997],1,-1.0,[-0.5342963   0.00095737],0
41,[-0.5342963   0.00095737],1,-1.0,[-0.5332587   0.00103758],0
41,[-0.5332587   0.00103758],1,-1.0,[-0.53214866  0.00111002],0
41,[-0.53214866  0.00111002],1,-1.0,[-0.5309745   0.00117414],0
41,[-0.5309745   0.00117414],1,-1.0,[-0.5297451   0.00122945],0
41,[-0.5297451   0.00122945],1,-1.0,[-0.5284695   0.00127555],0
41,[-0.5284695   0.00127555],1,-1.0,[-0.5271574   0.00131208],0
41,[-0.5271574   0.00131208],1,-1.0,[-0.5258187   0.00133877],0
41,[-0.5258187   0.00133877],1,-1.0,[-0.5244633   0.00135542],0
41,[-0.5244633   0.00135542],1,-1.0,[-0.5231014  0.0013619],0
41,[-0.5231014  0.0013619],1,-1.0,[-0.5217432   0.00135817],0
41,[-0.5217432   0.00135817],1,-1.0,[-0.520399    0.00134425],0
41,[-0.520399    0.00134425],1,-1.0,[-0.5190787   0.00132025],0
41,[-0.5190787   0.00132025],1,-1.0,[-0.51779234  0.00128636],0
41,[-0.51779234  0.00128636],1,-1.0,[-0.5165495   0.00124281],0
41,[-0.5165495   0.00124281],1,-1.0,[-0.5153596   0.00118994],0
41,[-0.5153596   0.00118994],1,-1.0,[-0.51423144  0.00112816],0
41,[-0.51423144  0.00112816],1,-1.0,[-0.5131735   0.00105791],0
41,[-0.5131735   0.00105791],1,-1.0,[-0.5121938   0.00097973],0
41,[-0.5121938   0.00097973],1,-1.0,[-0.51129955  0.00089421],0
41,[-0.51129955  0.00089421],1,-1.0,[-0.51049757  0.00080199],0
41,[-0.51049757  0.00080199],1,-1.0,[-0.5097938   0.00070376],0
41,[-0.5097938   0.00070376],1,-1.0,[-0.5091936   0.00060025],0
41,[-0.5091936   0.00060025],1,-1.0,[-5.087013e-01  4.922429e-04],0
41,[-5.087013e-01  4.922429e-04],1,-1.0,[-5.083208e-01  3.805493e-04],0
41,[-5.083208e-01  3.805493e-04],1,-1.0,[-5.0805479e-01  2.6600447e-04],0
41,[-5.0805479e-01  2.6600447e-04],1,-1.0,[-5.0790530e-01  1.4946677e-04],0
41,[-5.0790530e-01  1.4946677e-04],1,-1.0,[-5.0787348e-01  3.1809286e-05],0
41,[-5.0787348e-01  3.1809286e-05],1,-1.0,[-5.079596e-01 -8.608650e-05],0
41,[-5.079596e-01 -8.608650e-05],1,-1.0,[-5.0816292e-01 -2.0333735e-04],0
41,[-5.0816292e-01 -2.0333735e-04],1,-1.0,[-5.0848198e-01 -3.1906483e-04],0
41,[-5.0848198e-01 -3.1906483e-04],1,-1.0,[-5.0891441e-01 -4.3240184e-04],0
41,[-5.0891441e-01 -4.3240184e-04],1,-1.0,[-0.5094569 -0.0005425],0
41,[-0.5094569 -0.0005425],1,-1.0,[-0.51010543 -0.00064853],0
41,[-0.51010543 -0.00064853],1,-1.0,[-0.51085514 -0.0007497 ],0
41,[-0.51085514 -0.0007497 ],1,-1.0,[-0.5117004  -0.00084526],0
41,[-0.5117004  -0.00084526],1,-1.0,[-0.5126349  -0.00093448],0
41,[-0.5126349  -0.00093448],1,-1.0,[-0.51365155 -0.00101669],0
41,[-0.51365155 -0.00101669],1,-1.0,[-0.51474285 -0.00109128],0
41,[-0.51474285 -0.00109128],1,-1.0,[-0.51590055 -0.0011577 ],0
41,[-0.51590055 -0.0011577 ],1,-1.0,[-0.51711595 -0.00121543],0
41,[-0.51711595 -0.00121543],1,-1.0,[-0.51838    -0.00126405],0
41,[-0.51838    -0.00126405],1,-1.0,[-0.5196832  -0.00130319],0
41,[-0.5196832  -0.00130319],1,-1.0,[-0.52101576 -0.00133255],0
41,[-0.52101576 -0.00133255],1,-1.0,[-0.52236766 -0.00135192],0
41,[-0.52236766 -0.00135192],1,-1.0,[-0.52372885 -0.00136116],0
41,[-0.52372885 -0.00136116],1,-1.0,[-0.525089   -0.00136018],0
41,[-0.525089   -0.00136018],1,-1.0,[-0.526438 -0.001349],0
41,[-0.526438 -0.001349],1,-1.0,[-0.52776575 -0.00132771],0
41,[-0.52776575 -0.00132771],1,-1.0,[-0.5290622  -0.00129646],0
41,[-0.5290622  -0.00129646],1,-1.0,[-0.53031766 -0.00125549],0
41,[-0.53031766 -0.00125549],1,-1.0,[-0.53152275 -0.0012051 ],0
41,[-0.53152275 -0.0012051 ],1,-1.0,[-0.5326684  -0.00114567],0
41,[-0.5326684  -0.00114567],1,-1.0,[-0.5337461  -0.00107766],0
41,[-0.5337461  -0.00107766],1,-1.0,[-0.53474766 -0.00100157],0
41,[-0.53474766 -0.00100157],1,-1.0,[-0.53566563 -0.00091796],0
41,[-0.53566563 -0.00091796],1,-1.0,[-0.5364931  -0.00082748],0
41,[-0.5364931  -0.00082748],1,-1.0,[-0.53722394 -0.0007308 ],0
41,[-0.53722394 -0.0007308 ],1,-1.0,[-0.5378525  -0.00062864],0
41,[-0.5378525  -0.00062864],1,-1.0,[-5.3837430e-01 -5.2176893e-04],0
41,[-5.3837430e-01 -5.2176893e-04],1,-1.0,[-5.3878534e-01 -4.1098864e-04],0
41,[-5.3878534e-01 -4.1098864e-04],1,-1.0,[-5.3908247e-01 -2.9712901e-04],0
41,[-5.3908247e-01 -2.9712901e-04],1,-1.0,[-5.3926349e-01 -1.8104329e-04],0
41,[-5.3926349e-01 -1.8104329e-04],1,-1.0,[-5.3932709e-01 -6.3601234e-05],0
41,[-5.3932709e-01 -6.3601234e-05],1,-1.0,[-5.3927279e-01  5.4317312e-05],0
41,[-5.3927279e-01  5.4317312e-05],1,-1.0,[-5.3910094e-01  1.7182893e-04],0
41,[-5.3910094e-01  1.7182893e-04],1,-1.0,[-5.3881288e-01  2.8805324e-04],0
41,[-5.3881288e-01  2.8805324e-04],1,-1.0,[-5.3841078e-01  4.0211945e-04],0
41,[-5.3841078e-01  4.0211945e-04],1,-1.0,[-5.378976e-01  5.131728e-04],0
41,[-5.378976e-01  5.131728e-04],1,-1.0,[-0.5372772   0.00062038],0
41,[-0.5372772   0.00062038],1,-1.0,[-0.5365543   0.00072294],0
41,[-0.5365543   0.00072294],1,-1.0,[-0.5357342   0.00082008],0
41,[-0.5357342   0.00082008],1,-1.0,[-0.5348231   0.00091108],0
41,[-0.5348231   0.00091108],1,-1.0,[-0.53382784  0.00099524],0
41,[-0.53382784  0.00099524],1,-1.0,[-0.5327559   0.00107195],0
41,[-0.5327559   0.00107195],1,-1.0,[-0.5316153   0.00114062],0
41,[-0.5316153   0.00114062],1,-1.0,[-0.5304146   0.00120074],0
41,[-0.5304146   0.00120074],1,-1.0,[-0.5291627   0.00125185],0
41,[-0.5291627   0.00125185],1,-1.0,[-0.5278691   0.00129358],0
41,[-0.5278691   0.00129358],1,-1.0,[-0.5265435   0.00132561],0
41,[-0.5265435   0.00132561],1,-1.0,[-0.52519584  0.00134769],0
41,[-0.52519584  0.00134769],1,-1.0,[-0.52383614  0.00135967],0
41,[-0.52383614  0.00135967],1,-1.0,[-0.5224747   0.00136145],0
41,[-0.5224747   0.00136145],1,-1.0,[-0.5211217   0.00135302],0
41,[-0.5211217   0.00135302],1,-1.0,[-0.51978725  0.00133444],0
41,[-0.51978725  0.00133444],1,-1.0,[-0.5184814   0.00130586],0
41,[-0.5184814   0.00130586],1,-1.0,[-0.5172139   0.00126748],0
41,[-0.5172139   0.00126748],1,-1.0,[-0.5159943   0.00121959],0
41,[-0.5159943   0.00121959],1,-1.0,[-0.5148317   0.00116257],0
41,[-0.5148317   0.00116257],1,-1.0,[-0.51373494  0.00109682],0
41,[-0.51373494  0.00109682],1,-1.0,[-0.51271206  0.00102285],0
41,[-0.51271206  0.00102285],1,-1.0,[-0.51177084  0.00094122],0
41,[-0.51177084  0.00094122],1,-1.0,[-0.5109183   0.00085253],0
41,[-0.5109183   0.00085253],1,-1.0,[-0.51016086  0.00075745],0
41,[-0.51016086  0.00075745],1,-1.0,[-0.5095042   0.00065669],0
41,[-0.5095042   0.00065669],1,-1.0,[-0.5089532   0.00055101],0
41,[-0.5089532   0.00055101],1,-1.0,[-5.0851196e-01  4.4120385e-04],0
41,[-5.0851196e-01  4.4120385e-04],1,-1.0,[-5.0818390e-01  3.2809153e-04],0
41,[-5.0818390e-01  3.2809153e-04],1,-1.0,[-5.0797135e-01  2.1252110e-04],0
41,[-5.0797135e-01  2.1252110e-04],1,-1.0,[-5.0787604e-01  9.5358497e-05],0
41,[-5.0787604e-01  9.5358497e-05],1,-1.0,[-5.0789851e-01 -2.2518509e-05],0
41,[-5.0789851e-01 -2.2518509e-05],1,-1.0,[-5.0803876e-01 -1.4022681e-04],0
41,[-5.0803876e-01 -1.4022681e-04],1,-1.0,[-5.0829566e-01 -2.5688458e-04],0
41,[-5.0829566e-01 -2.5688458e-04],1,-1.0,[-5.0866723e-01 -3.7161776e-04],0
41,[-5.0866723e-01 -3.7161776e-04],1,-1.0,[-5.091508e-01 -4.835667e-04],0
41,[-5.091508e-01 -4.835667e-04],1,-1.0,[-0.50974274 -0.00059189],0
41,[-0.50974274 -0.00059189],1,-1.0,[-0.5104385  -0.00069578],0
41,[-0.5104385  -0.00069578],1,-1.0,[-0.511233   -0.00079446],0
41,[-0.511233   -0.00079446],1,-1.0,[-0.5121201  -0.00088718],0
41,[-0.5121201  -0.00088718],1,-1.0,[-0.5130934  -0.00097325],0
41,[-0.5130934  -0.00097325],1,-1.0,[-0.51414543 -0.00105203],0
41,[-0.51414543 -0.00105203],1,-1.0,[-0.5152683  -0.00112292],0
41,[-0.5152683  -0.00112292],1,-1.0,[-0.51645374 -0.00118539],0
41,[-0.51645374 -0.00118539],1,-1.0,[-0.51769274 -0.00123898],0
41,[-0.51769274 -0.00123898],1,-1.0,[-0.518976   -0.00128327],0
41,[-0.518976   -0.00128327],1,-1.0,[-0.52029395 -0.00131794],0
41,[-0.52029395 -0.00131794],1,-1.0,[-0.52163666 -0.00134273],0
41,[-0.52163666 -0.00134273],1,-1.0,[-0.5229941  -0.00135744],0
41,[-0.5229941  -0.00135744],1,-1.0,[-0.52435607 -0.00136198],0
41,[-0.52435607 -0.00136198],1,-1.0,[-0.5257124 -0.0013563],0
41,[-0.5257124 -0.0013563],1,-1.0,[-0.5270528  -0.00134045],0
41,[-0.5270528  -0.00134045],1,-1.0,[-0.52836734 -0.00131454],0
41,[-0.52836734 -0.00131454],1,-1.0,[-0.52964616 -0.00127878],0
41,[-0.52964616 -0.00127878],1,-1.0,[-0.53087956 -0.00123342],0
41,[-0.53087956 -0.00123342],1,-1.0,[-0.53205836 -0.00117882],0
41,[-0.53205836 -0.00117882],1,-1.0,[-0.5331738  -0.00111538],0
41,[-0.5331738  -0.00111538],1,-1.0,[-0.53421736 -0.00104358],0
41,[-0.53421736 -0.00104358],1,-1.0,[-0.5351813  -0.00096395],0
41,[-0.5351813  -0.00096395],1,-1.0,[-0.5360584 -0.0008771],0
41,[-0.5360584 -0.0008771],1,-1.0,[-0.5368421  -0.00078368],0
41,[-0.5368421  -0.00078368],1,-1.0,[-0.5375265  -0.00068438],0
41,[-0.5375265  -0.00068438],1,-1.0,[-0.53810644 -0.00057995],0
41,[-0.53810644 -0.00057995],1,-1.0,[-5.385776e-01 -4.711785e-04],0
41,[-5.385776e-01 -4.711785e-04],1,-1.0,[-5.3893650e-01 -3.5887517e-04],0
41,[-5.3893650e-01 -3.5887517e-04],1,-1.0,[-5.3918034e-01 -2.4388304e-04],0
41,[-5.3918034e-01 -2.4388304e-04],1,-1.0,[-5.3930742e-01 -1.2706377e-04],0
41,[-5.3930742e-01 -1.2706377e-04],1,-1.0,[-5.393167e-01 -9.292571e-06],0
41,[-5.393167e-01 -9.292571e-06],1,-1.0,[-5.3920817e-01  1.0854825e-04],0
41,[-5.3920817e-01  1.0854825e-04],1,-1.0,[-5.3898257e-01  2.2557586e-04],0
41,[-5.3898257e-01  2.2557586e-04],1,-1.0,[-5.3864169e-01  3.4091348e-04],0
41,[-5.3864169e-01  3.4091348e-04],1,-1.0,[-5.381880e-01  4.536969e-04],0
41,[-5.381880e-01  4.536969e-04],1,-1.0,[-0.5376249   0.00056308],0
41,[-0.5376249   0.00056308],1,-1.0,[-0.53695667  0.00066825],0
41,[-0.53695667  0.00066825],1,-1.0,[-0.53618824  0.0007684 ],0
41,[-0.53618824  0.0007684 ],1,-1.0,[-0.53532547  0.0008628 ],0
41,[-0.53532547  0.0008628 ],1,-1.0,[-0.5343747   0.00095073],0
41,[-0.5343747   0.00095073],1,-1.0,[-0.5333432   0.00103154],0
41,[-0.5333432   0.00103154],1,-1.0,[-0.53223854  0.00110461],0
41,[-0.53223854  0.00110461],1,-1.0,[-0.53106916  0.0011694 ],0
41,[-0.53106916  0.0011694 ],1,-1.0,[-0.52984375  0.00122543],0
41,[-0.52984375  0.00122543],1,-1.0,[-0.5285715   0.00127226],0
41,[-0.5285715   0.00127226],1,-1.0,[-0.5272619   0.00130955],0
41,[-0.5272619   0.00130955],1,-1.0,[-0.52592486  0.00133703],0
41,[-0.52592486  0.00133703],1,-1.0,[-0.5245704   0.00135447],0
41,[-0.5245704   0.00135447],1,-1.0,[-0.5232087   0.00136176],0
41,[-0.5232087   0.00136176],1,-1.0,[-0.5218498   0.00135883],0
41,[-0.5218498   0.00135883],1,-1.0,[-0.5205041   0.00134572],0
41,[-0.5205041   0.00134572],1,-1.0,[-0.5191816   0.00132251],0
41,[-0.5191816   0.00132251],1,-1.0,[-0.51789224  0.00128938],0
41,[-0.51789224  0.00128938],1,-1.0,[-0.5166456   0.00124658],0
41,[-0.5166456   0.00124658],1,-1.0,[-0.5154512   0.00119444],0
41,[-0.5154512   0.00119444],1,-1.0,[-0.51431787  0.00113334],0
41,[-0.51431787  0.00113334],1,-1.0,[-0.5132541   0.00106374],0
41,[-0.5132541   0.00106374],1,-1.0,[-0.51226795  0.00098617],0
41,[-0.51226795  0.00098617],1,-1.0,[-0.5113667  0.0009012],0
41,[-0.5113667  0.0009012],1,-1.0,[-0.5105573   0.00080948],0
41,[-0.5105573   0.00080948],1,-1.0,[-0.50984555  0.0007117 ],0
41,[-0.50984555  0.0007117 ],1,-1.0,[-0.509237    0.00060858],0
41,[-0.509237    0.00060858],1,-1.0,[-5.0873613e-01  5.0089619e-04],0
41,[-5.0873613e-01  5.0089619e-04],1,-1.0,[-5.083466e-01  3.894631e-04],0
41,[-5.083466e-01  3.894631e-04],1,-1.0,[-5.0807154e-01  2.7511202e-04],0
41,[-5.0807154e-01  2.7511202e-04],1,-1.0,[-5.0791281e-01  1.5869977e-04],0
41,[-5.0791281e-01  1.5869977e-04],1,-1.0,[-5.0787175e-01  4.1098585e-05],0
41,[-5.0787175e-01  4.1098585e-05],1,-1.0,[-5.0794852e-01 -7.6810495e-05],0
41,[-5.0794852e-01 -7.6810495e-05],1,-1.0,[-5.0814271e-01 -1.9414413e-04],0
41,[-5.0814271e-01 -1.9414413e-04],1,-1.0,[-5.084527e-01 -3.100233e-04],0
41,[-5.084527e-01 -3.100233e-04],1,-1.0,[-5.0887626e-01 -4.2357971e-04],0
41,[-5.0887626e-01 -4.2357971e-04],1,-1.0,[-0.50941026 -0.00053396],0
41,[-0.50941026 -0.00053396],1,-1.0,[-0.5100506  -0.00064034],0
41,[-0.5100506  -0.00064034],1,-1.0,[-0.5107925  -0.00074193],0
41,[-0.5107925  -0.00074193],1,-1.0,[-0.5116305  -0.00083795],0
41,[-0.5116305  -0.00083795],1,-1.0,[-0.51255816 -0.00092769],0
41,[-0.51255816 -0.00092769],1,-1.0,[-0.51356864 -0.00101048],0
41,[-0.51356864 -0.00101048],1,-1.0,[-0.51465434 -0.0010857 ],0
41,[-0.51465434 -0.0010857 ],1,-1.0,[-0.5158071  -0.00115277],0
41,[-0.5158071  -0.00115277],1,-1.0,[-0.5170183  -0.00121121],0
41,[-0.5170183  -0.00121121],1,-1.0,[-0.5182789  -0.00126056],0
41,[-0.5182789  -0.00126056],1,-1.0,[-0.51957935 -0.00130045],0
41,[-0.51957935 -0.00130045],1,-1.0,[-0.5209099 -0.0013306],0
41,[-0.5209099 -0.0013306],1,-1.0,[-0.5222607  -0.00135076],0
41,[-0.5222607  -0.00135076],1,-1.0,[-0.5236215 -0.0013608],0
41,[-0.5236215 -0.0013608],1,-1.0,[-0.52498215 -0.00136063],1
42,"(array([-0.5504637,  0.       ], dtype=float32), {})",1,-1.0,[-5.502624e-01  2.012686e-04],0
42,[-5.502624e-01  2.012686e-04],1,-1.0,[-5.4986137e-01  4.0103256e-04],0
42,[-5.4986137e-01  4.0103256e-04],1,-1.0,[-0.54926354  0.0005978 ],0
42,[-0.54926354  0.0005978 ],1,-1.0,[-0.5484735   0.00079009],0
42,[-0.5484735   0.00079009],1,-1.0,[-0.547497    0.00097648],0
42,[-0.547497    0.00097648],1,-1.0,[-0.5463414   0.00115556],0
42,[-0.5463414   0.00115556],1,-1.0,[-0.5450154  0.001326 ],0
42,[-0.5450154  0.001326 ],1,-1.0,[-0.5435289   0.00148652],0
42,[-0.5435289   0.00148652],1,-1.0,[-0.541893   0.0016359],0
42,[-0.541893   0.0016359],1,-1.0,[-0.54011995  0.00177304],0
42,[-0.54011995  0.00177304],1,-1.0,[-0.5382231  0.0018969],0
42,[-0.5382231  0.0018969],1,-1.0,[-0.5362165   0.00200655],0
42,[-0.5362165   0.00200655],1,-1.0,[-0.5341154   0.00210116],0
42,[-0.5341154   0.00210116],1,-1.0,[-0.53193533  0.00218002],0
42,[-0.53193533  0.00218002],1,-1.0,[-0.5296928   0.00224254],0
42,[-0.5296928   0.00224254],1,-1.0,[-0.52740455  0.00228824],0
42,[-0.52740455  0.00228824],1,-1.0,[-0.5250878   0.00231678],0
42,[-0.5250878   0.00231678],1,-1.0,[-0.52275985  0.00232795],0
42,[-0.52275985  0.00232795],1,-1.0,[-0.5204382   0.00232166],0
42,[-0.5204382   0.00232166],1,-1.0,[-0.51814026  0.00229795],0
42,[-0.51814026  0.00229795],1,-1.0,[-0.5158832   0.00225702],0
42,[-0.5158832   0.00225702],1,-1.0,[-0.51368403  0.00219915],0
42,[-0.51368403  0.00219915],1,-1.0,[-0.51155925  0.0021248 ],0
42,[-0.51155925  0.0021248 ],1,-1.0,[-0.5095247   0.00203453],0
42,[-0.5095247   0.00203453],1,-1.0,[-0.5075957  0.001929 ],0
42,[-0.5075957  0.001929 ],1,-1.0,[-0.5057867   0.00180903],0
42,[-0.5057867   0.00180903],1,-1.0,[-0.5041112  0.0016755],0
42,[-0.5041112  0.0016755],1,-1.0,[-0.5025818   0.00152943],0
42,[-0.5025818   0.00152943],1,-1.0,[-0.50120986  0.0013719 ],0
42,[-0.50120986  0.0013719 ],1,-1.0,[-0.5000058   0.00120411],0
42,[-0.5000058   0.00120411],1,-1.0,[-0.49897844  0.00102731],0
42,[-0.49897844  0.00102731],1,-1.0,[-0.49813563  0.00084283],0
42,[-0.49813563  0.00084283],1,-1.0,[-0.49748358  0.00065204],0
42,[-0.49748358  0.00065204],1,-1.0,[-4.9702719e-01  4.5637632e-04],0
42,[-4.9702719e-01  4.5637632e-04],1,-1.0,[-4.9676991e-01  2.5730047e-04],0
42,[-4.9676991e-01  2.5730047e-04],1,-1.0,[-4.967136e-01  5.630109e-05],0
42,[-4.967136e-01  5.630109e-05],1,-1.0,[-4.9685872e-01 -1.4511919e-04],0
42,[-4.9685872e-01 -1.4511919e-04],1,-1.0,[-4.9720418e-01 -3.4545461e-04],0
42,[-4.9720418e-01 -3.4545461e-04],1,-1.0,[-0.4977474  -0.00054321],0
42,[-0.4977474  -0.00054321],1,-1.0,[-0.49848428 -0.0007369 ],0
42,[-0.49848428 -0.0007369 ],1,-1.0,[-0.49940935 -0.00092508],0
42,[-0.49940935 -0.00092508],1,-1.0,[-0.5005157  -0.00110634],0
42,[-0.5005157  -0.00110634],1,-1.0,[-0.501795   -0.00127933],0
42,[-0.501795   -0.00127933],1,-1.0,[-0.5032378  -0.00144274],0
42,[-0.5032378  -0.00144274],1,-1.0,[-0.5048331  -0.00159535],0
42,[-0.5048331  -0.00159535],1,-1.0,[-0.50656915 -0.00173602],0
42,[-0.50656915 -0.00173602],1,-1.0,[-0.5084328  -0.00186368],0
42,[-0.5084328  -0.00186368],1,-1.0,[-0.5104102  -0.00197739],0
42,[-0.5104102  -0.00197739],1,-1.0,[-0.51248646 -0.00207628],0
42,[-0.51248646 -0.00207628],1,-1.0,[-0.5146461  -0.00215961],0
42,[-0.5146461  -0.00215961],1,-1.0,[-0.5168728  -0.00222674],0
42,[-0.5168728  -0.00222674],1,-1.0,[-0.51915    -0.00227718],0
42,[-0.51915    -0.00227718],1,-1.0,[-0.52146053 -0.00231055],0
42,[-0.52146053 -0.00231055],1,-1.0,[-0.52378714 -0.00232658],0
42,[-0.52378714 -0.00232658],1,-1.0,[-0.5261123  -0.00232517],0
42,[-0.5261123  -0.00232517],1,-1.0,[-0.52841866 -0.00230632],0
42,[-0.52841866 -0.00230632],1,-1.0,[-0.5306888  -0.00227017],0
42,[-0.5306888  -0.00227017],1,-1.0,[-0.5329058 -0.002217 ],0
42,[-0.5329058 -0.002217 ],1,-1.0,[-0.535053   -0.00214721],0
42,[-0.535053   -0.00214721],1,-1.0,[-0.5371143  -0.00206132],0
42,[-0.5371143  -0.00206132],1,-1.0,[-0.5390743  -0.00195998],0
42,[-0.5390743  -0.00195998],1,-1.0,[-0.5409183  -0.00184395],0
42,[-0.5409183  -0.00184395],1,-1.0,[-0.5426324  -0.00171412],0
42,[-0.5426324  -0.00171412],1,-1.0,[-0.5442038  -0.00157144],0
42,[-0.5442038  -0.00157144],1,-1.0,[-0.54562086 -0.001417  ],0
42,[-0.54562086 -0.001417  ],1,-1.0,[-0.5468728  -0.00125196],0
42,[-0.5468728  -0.00125196],1,-1.0,[-0.5479503  -0.00107754],0
42,[-0.5479503  -0.00107754],1,-1.0,[-0.5488454  -0.00089507],0
42,[-0.5488454  -0.00089507],1,-1.0,[-0.5495513 -0.0007059],0
42,[-0.5495513 -0.0007059],1,-1.0,[-5.5006278e-01 -5.1145355e-04],0
42,[-5.5006278e-01 -5.1145355e-04],1,-1.0,[-5.5037594e-01 -3.1318210e-04],0
42,[-5.5037594e-01 -3.1318210e-04],1,-1.0,[-5.5048853e-01 -1.1256930e-04],0
42,[-5.5048853e-01 -1.1256930e-04],1,-1.0,[-5.503996e-01  8.888503e-05],0
42,[-5.503996e-01  8.888503e-05],1,-1.0,[-5.501099e-01  2.896749e-04],0
42,[-5.501099e-01  2.896749e-04],1,-1.0,[-5.4962164e-01  4.8829912e-04],0
42,[-5.4962164e-01  4.8829912e-04],1,-1.0,[-0.5489384   0.00068327],0
42,[-0.5489384   0.00068327],1,-1.0,[-0.54806525  0.00087314],0
42,[-0.54806525  0.00087314],1,-1.0,[-0.54700875  0.00105647],0
42,[-0.54700875  0.00105647],1,-1.0,[-0.54577684  0.0012319 ],0
42,[-0.54577684  0.0012319 ],1,-1.0,[-0.54437876  0.00139811],0
42,[-0.54437876  0.00139811],1,-1.0,[-0.54282486  0.00155386],0
42,[-0.54282486  0.00155386],1,-1.0,[-0.5411269   0.00169798],0
42,[-0.5411269   0.00169798],1,-1.0,[-0.5392975   0.00182938],0
42,[-0.5392975   0.00182938],1,-1.0,[-0.5373505   0.00194708],0
42,[-0.5373505   0.00194708],1,-1.0,[-0.53530025  0.00205018],0
42,[-0.53530025  0.00205018],1,-1.0,[-0.53316236  0.00213793],0
42,[-0.53316236  0.00213793],1,-1.0,[-0.5309527   0.00220964],0
42,[-0.5309527   0.00220964],1,-1.0,[-0.5286879   0.00226479],0
42,[-0.5286879   0.00226479],1,-1.0,[-0.52638495  0.00230296],0
42,[-0.52638495  0.00230296],1,-1.0,[-0.5240611   0.00232386],0
42,[-0.5240611   0.00232386],1,-1.0,[-0.52173376  0.00232733],0
42,[-0.52173376  0.00232733],1,-1.0,[-0.51942044  0.00231334],0
42,[-0.51942044  0.00231334],1,-1.0,[-0.5171384  0.002282 ],0
42,[-0.5171384  0.002282 ],1,-1.0,[-0.51490486  0.00223355],0
42,[-0.51490486  0.00223355],1,-1.0,[-0.5127365   0.00216835],0
42,[-0.5127365   0.00216835],1,-1.0,[-0.5106496  0.0020869],0
42,[-0.5106496  0.0020869],1,-1.0,[-0.5086598   0.00198981],0
42,[-0.5086598   0.00198981],1,-1.0,[-0.506782   0.0018778],0
42,[-0.506782   0.0018778],1,-1.0,[-0.5050303   0.00175173],0
42,[-0.5050303   0.00175173],1,-1.0,[-0.50341773  0.00161254],0
42,[-0.50341773  0.00161254],1,-1.0,[-0.50195646  0.00146127],0
42,[-0.50195646  0.00146127],1,-1.0,[-0.5006574   0.00129907],0
42,[-0.5006574   0.00129907],1,-1.0,[-0.49953026  0.00112715],0
42,[-0.49953026  0.00112715],1,-1.0,[-0.49858347  0.00094679],0
42,[-0.49858347  0.00094679],1,-1.0,[-0.4978241   0.00075935],0
42,[-0.4978241   0.00075935],1,-1.0,[-0.4972579   0.00056623],0
42,[-0.4972579   0.00056623],1,-1.0,[-4.9688900e-01  3.6888084e-04],0
42,[-4.9688900e-01  3.6888084e-04],1,-1.0,[-4.9672022e-01  1.6877177e-04],0
42,[-4.9672022e-01  1.6877177e-04],1,-1.0,[-4.9675283e-01 -3.2598975e-05],0
42,[-4.9675283e-01 -3.2598975e-05],1,-1.0,[-4.9698654e-01 -2.3372602e-04],0
42,[-4.9698654e-01 -2.3372602e-04],1,-1.0,[-4.9741966e-01 -4.3310577e-04],0
42,[-4.9741966e-01 -4.3310577e-04],1,-1.0,[-0.4980489  -0.00062925],0
42,[-0.4980489  -0.00062925],1,-1.0,[-0.4988696  -0.00082068],0
42,[-0.4988696  -0.00082068],1,-1.0,[-0.49987558 -0.00100598],0
42,[-0.49987558 -0.00100598],1,-1.0,[-0.50105935 -0.00118376],0
42,[-0.50105935 -0.00118376],1,-1.0,[-0.502412   -0.00135267],0
42,[-0.502412   -0.00135267],1,-1.0,[-0.5039235  -0.00151147],0
42,[-0.5039235  -0.00151147],1,-1.0,[-0.5055824  -0.00165895],0
42,[-0.5055824  -0.00165895],1,-1.0,[-0.50737643 -0.001794  ],0
42,[-0.50737643 -0.001794  ],1,-1.0,[-0.50929207 -0.00191562],0
42,[-0.50929207 -0.00191562],1,-1.0,[-0.5113149  -0.00202289],0
42,[-0.5113149  -0.00202289],1,-1.0,[-0.51342994 -0.002115  ],0
42,[-0.51342994 -0.002115  ],1,-1.0,[-0.5156212  -0.00219125],0
42,[-0.5156212  -0.00219125],1,-1.0,[-0.5178723  -0.00225108],0
42,[-0.5178723  -0.00225108],1,-1.0,[-0.5201663  -0.00229403],0
42,[-0.5201663  -0.00229403],1,-1.0,[-0.52248603 -0.00231977],0
42,[-0.52248603 -0.00231977],1,-1.0,[-0.5248142  -0.00232811],0
42,[-0.5248142  -0.00232811],1,-1.0,[-0.52713317 -0.002319  ],0
42,[-0.52713317 -0.002319  ],1,-1.0,[-0.5294257  -0.00229249],0
42,[-0.5294257  -0.00229249],1,-1.0,[-0.53167444 -0.00224879],0
42,[-0.53167444 -0.00224879],1,-1.0,[-0.5338627  -0.00218823],0
42,[-0.5338627  -0.00218823],1,-1.0,[-0.53597397 -0.00211126],0
42,[-0.53597397 -0.00211126],1,-1.0,[-0.5379924  -0.00201847],0
42,[-0.5379924  -0.00201847],1,-1.0,[-0.539903   -0.00191055],0
42,[-0.539903   -0.00191055],1,-1.0,[-0.5416913  -0.00178832],0
42,[-0.5416913  -0.00178832],1,-1.0,[-0.54334396 -0.00165269],0
42,[-0.54334396 -0.00165269],1,-1.0,[-0.5448487  -0.00150469],0
42,[-0.5448487  -0.00150469],1,-1.0,[-0.5461941  -0.00134542],0
42,[-0.5461941  -0.00134542],1,-1.0,[-0.5473702  -0.00117609],0
42,[-0.5473702  -0.00117609],1,-1.0,[-0.54836816 -0.00099795],0
42,[-0.54836816 -0.00099795],1,-1.0,[-0.5491805  -0.00081235],0
42,[-0.5491805  -0.00081235],1,-1.0,[-0.5498012  -0.00062068],0
42,[-0.5498012  -0.00062068],1,-1.0,[-5.5022556e-01 -4.2436412e-04],0
42,[-5.5022556e-01 -4.2436412e-04],1,-1.0,[-5.5045044e-01 -2.2487569e-04],0
42,[-5.5045044e-01 -2.2487569e-04],1,-1.0,[-5.5047411e-01 -2.3706121e-05],0
42,[-5.5047411e-01 -2.3706121e-05],1,-1.0,[-5.5029649e-01  1.7764067e-04],0
42,[-5.5029649e-01  1.7764067e-04],1,-1.0,[-5.4991883e-01  3.7765945e-04],0
42,[-5.4991883e-01  3.7765945e-04],1,-1.0,[-0.54934394  0.00057485],0
42,[-0.54934394  0.00057485],1,-1.0,[-0.54857624  0.00076775],0
42,[-0.54857624  0.00076775],1,-1.0,[-0.5476213   0.00095491],0
42,[-0.5476213   0.00095491],1,-1.0,[-0.5464864   0.00113492],0
42,[-0.5464864   0.00113492],1,-1.0,[-0.54517996  0.00130644],0
42,[-0.54517996  0.00130644],1,-1.0,[-0.5437118   0.00146819],0
42,[-0.5437118   0.00146819],1,-1.0,[-0.5420928   0.00161894],0
42,[-0.5420928   0.00161894],1,-1.0,[-0.54033524  0.00175758],0
42,[-0.54033524  0.00175758],1,-1.0,[-0.5384522   0.00188305],0
42,[-0.5384522   0.00188305],1,-1.0,[-0.5364578   0.00199441],0
42,[-0.5364578   0.00199441],1,-1.0,[-0.53436697  0.00209083],0
42,[-0.53436697  0.00209083],1,-1.0,[-0.5321954   0.00217158],0
42,[-0.5321954   0.00217158],1,-1.0,[-0.5299593   0.00223605],0
42,[-0.5299593   0.00223605],1,-1.0,[-0.52767557  0.00228375],0
42,[-0.52767557  0.00228375],1,-1.0,[-0.52536124  0.00231432],0
42,[-0.52536124  0.00231432],1,-1.0,[-0.5230337   0.00232754],0
42,[-0.5230337   0.00232754],1,-1.0,[-0.5207104  0.0023233],0
42,[-0.5207104  0.0023233],1,-1.0,[-0.5184088   0.00230164],0
42,[-0.5184088   0.00230164],1,-1.0,[-0.51614606  0.00226272],0
42,[-0.51614606  0.00226272],1,-1.0,[-0.5139392   0.00220683],0
42,[-0.5139392   0.00220683],1,-1.0,[-0.5118048   0.00213439],0
42,[-0.5118048   0.00213439],1,-1.0,[-0.5097589   0.00204595],0
42,[-0.5097589   0.00204595],1,-1.0,[-0.5078167   0.00194218],0
42,[-0.5078167   0.00194218],1,-1.0,[-0.5059928   0.00182386],0
42,[-0.5059928   0.00182386],1,-1.0,[-0.50430095  0.00169188],0
42,[-0.50430095  0.00169188],1,-1.0,[-0.50275373  0.00154723],0
42,[-0.50275373  0.00154723],1,-1.0,[-0.50136274  0.00139099],0
42,[-0.50136274  0.00139099],1,-1.0,[-0.5001384   0.00122434],0
42,[-0.5001384   0.00122434],1,-1.0,[-0.49908987  0.00104854],0
42,[-0.49908987  0.00104854],1,-1.0,[-0.49822497  0.00086488],0
42,[-0.49822497  0.00086488],1,-1.0,[-0.49755022  0.00067477],0
42,[-0.49755022  0.00067477],1,-1.0,[-4.970706e-01  4.795996e-04],0
42,[-4.970706e-01  4.795996e-04],1,-1.0,[-4.9678975e-01  2.8084830e-04],0
42,[-4.9678975e-01  2.8084830e-04],1,-1.0,[-4.9670976e-01  7.9997371e-05],0
42,[-4.9670976e-01  7.9997371e-05],1,-1.0,[-4.9683121e-01 -1.2145159e-04],0
42,[-4.9683121e-01 -1.2145159e-04],1,-1.0,[-4.9715319e-01 -3.2199261e-04],0
42,[-4.9715319e-01 -3.2199261e-04],1,-1.0,[-0.49767333 -0.00052013],0
42,[-0.49767333 -0.00052013],1,-1.0,[-0.4983877  -0.00071437],0
42,[-0.4983877  -0.00071437],1,-1.0,[-0.49929097 -0.00090327],0
42,[-0.49929097 -0.00090327],1,-1.0,[-0.5003764  -0.00108542],0
42,[-0.5003764  -0.00108542],1,-1.0,[-0.50163585 -0.00125945],0
42,[-0.50163585 -0.00125945],1,-1.0,[-0.5030599  -0.00142405],0
42,[-0.5030599  -0.00142405],1,-1.0,[-0.5046379  -0.00157799],0
42,[-0.5046379  -0.00157799],1,-1.0,[-0.506358   -0.00172012],0
42,[-0.506358   -0.00172012],1,-1.0,[-0.5082074  -0.00184937],0
42,[-0.5082074  -0.00184937],1,-1.0,[-0.5101721  -0.00196477],0
42,[-0.5101721  -0.00196477],1,-1.0,[-0.5122376  -0.00206544],0
42,[-0.5122376  -0.00206544],1,-1.0,[-0.5143882  -0.00215063],0
42,[-0.5143882  -0.00215063],1,-1.0,[-0.51660794 -0.0022197 ],0
42,[-0.51660794 -0.0022197 ],1,-1.0,[-0.51888007 -0.00227213],0
42,[-0.51888007 -0.00227213],1,-1.0,[-0.5211876  -0.00230752],0
42,[-0.5211876  -0.00230752],1,-1.0,[-0.5235132 -0.0023256],0
42,[-0.5235132 -0.0023256],1,-1.0,[-0.52583945 -0.00232624],1
43,"(array([-0.5391942,  0.       ], dtype=float32), {})",1,-1.0,[-5.39077342e-01  1.16923366e-04],0
43,[-5.39077342e-01  1.16923366e-04],1,-1.0,[-5.3884435e-01  2.3297076e-04],0
43,[-5.3884435e-01  2.3297076e-04],1,-1.0,[-5.3849709e-01  3.4727273e-04],0
43,[-5.3849709e-01  3.4727273e-04],1,-1.0,[-5.3803813e-01  4.5897282e-04],0
43,[-5.3803813e-01  4.5897282e-04],1,-1.0,[-0.5374709   0.00056723],0
43,[-0.5374709   0.00056723],1,-1.0,[-0.5367996   0.00067124],0
43,[-0.5367996   0.00067124],1,-1.0,[-0.5360294   0.00077023],0
43,[-0.5360294   0.00077023],1,-1.0,[-0.53516597  0.00086343],0
43,[-0.53516597  0.00086343],1,-1.0,[-0.5342158   0.00095017],0
43,[-0.5342158   0.00095017],1,-1.0,[-0.533186    0.00102978],0
43,[-0.533186    0.00102978],1,-1.0,[-0.53208435  0.00110168],0
43,[-0.53208435  0.00110168],1,-1.0,[-0.530919    0.00116531],0
43,[-0.530919    0.00116531],1,-1.0,[-0.5296988   0.00122021],0
43,[-0.5296988   0.00122021],1,-1.0,[-0.52843285  0.00126596],0
43,[-0.52843285  0.00126596],1,-1.0,[-0.52713066  0.00130221],0
43,[-0.52713066  0.00130221],1,-1.0,[-0.52580196  0.0013287 ],0
43,[-0.52580196  0.0013287 ],1,-1.0,[-0.52445674  0.00134522],0
43,[-0.52445674  0.00134522],1,-1.0,[-0.5231051   0.00135166],0
43,[-0.5231051   0.00135166],1,-1.0,[-0.5217571   0.00134796],0
43,[-0.5217571   0.00134796],1,-1.0,[-0.52042294  0.00133414],0
43,[-0.52042294  0.00133414],1,-1.0,[-0.51911265  0.00131033],0
43,[-0.51911265  0.00131033],1,-1.0,[-0.517836    0.00127668],0
43,[-0.517836    0.00127668],1,-1.0,[-0.5166025   0.00123346],0
43,[-0.5166025   0.00123346],1,-1.0,[-0.5154215   0.00118099],0
43,[-0.5154215   0.00118099],1,-1.0,[-0.51430184  0.00111967],0
43,[-0.51430184  0.00111967],1,-1.0,[-0.5132519   0.00104995],0
43,[-0.5132519   0.00104995],1,-1.0,[-0.5122795   0.00097236],0
43,[-0.5122795   0.00097236],1,-1.0,[-0.511392    0.00088748],0
43,[-0.511392    0.00088748],1,-1.0,[-0.5105961   0.00079595],0
43,[-0.5105961   0.00079595],1,-1.0,[-0.5098976   0.00069846],0
43,[-0.5098976   0.00069846],1,-1.0,[-0.5093019   0.00059573],0
43,[-0.5093019   0.00059573],1,-1.0,[-5.0881332e-01  4.8853504e-04],0
43,[-5.0881332e-01  4.8853504e-04],1,-1.0,[-5.0843567e-01  3.7768070e-04],0
43,[-5.0843567e-01  3.7768070e-04],1,-1.0,[-5.0817168e-01  2.6399663e-04],0
43,[-5.0817168e-01  2.6399663e-04],1,-1.0,[-5.0802332e-01  1.4833466e-04],0
43,[-5.0802332e-01  1.4833466e-04],1,-1.0,[-5.079918e-01  3.156137e-05],0
43,[-5.079918e-01  3.156137e-05],1,-1.0,[-5.0807720e-01 -8.5448366e-05],0
43,[-5.0807720e-01 -8.5448366e-05],1,-1.0,[-5.0827903e-01 -2.0181794e-04],0
43,[-5.0827903e-01 -2.0181794e-04],1,-1.0,[-5.085957e-01 -3.166755e-04],0
43,[-5.085957e-01 -3.166755e-04],1,-1.0,[-5.0902486e-01 -4.2916043e-04],0
43,[-5.0902486e-01 -4.2916043e-04],1,-1.0,[-0.5095633  -0.00053843],0
43,[-0.5095633  -0.00053843],1,-1.0,[-0.510207   -0.00064366],0
43,[-0.510207   -0.00064366],1,-1.0,[-0.51095104 -0.00074408],0
43,[-0.51095104 -0.00074408],1,-1.0,[-0.51179    -0.00083891],0
43,[-0.51179    -0.00083891],1,-1.0,[-0.5127174  -0.00092746],0
43,[-0.5127174  -0.00092746],1,-1.0,[-0.5137265  -0.00100905],0
43,[-0.5137265  -0.00100905],1,-1.0,[-0.51480955 -0.00108309],0
43,[-0.51480955 -0.00108309],1,-1.0,[-0.51595855 -0.001149  ],0
43,[-0.51595855 -0.001149  ],1,-1.0,[-0.5171648  -0.00120629],0
43,[-0.5171648  -0.00120629],1,-1.0,[-0.5184194  -0.00125455],0
43,[-0.5184194  -0.00125455],1,-1.0,[-0.5197128  -0.00129339],0
43,[-0.5197128  -0.00129339],1,-1.0,[-0.5210353  -0.00132253],0
43,[-0.5210353  -0.00132253],1,-1.0,[-0.5223771  -0.00134176],0
43,[-0.5223771  -0.00134176],1,-1.0,[-0.523728   -0.00135092],0
43,[-0.523728   -0.00135092],1,-1.0,[-0.52507794 -0.00134995],0
43,[-0.52507794 -0.00134995],1,-1.0,[-0.52641684 -0.00133886],0
43,[-0.52641684 -0.00133886],1,-1.0,[-0.5277345  -0.00131772],0
43,[-0.5277345  -0.00131772],1,-1.0,[-0.52902126 -0.00128671],0
43,[-0.52902126 -0.00128671],1,-1.0,[-0.5302673  -0.00124604],0
43,[-0.5302673  -0.00124604],1,-1.0,[-0.5314633  -0.00119603],0
43,[-0.5314633  -0.00119603],1,-1.0,[-0.53260034 -0.00113705],0
43,[-0.53260034 -0.00113705],1,-1.0,[-0.5336699  -0.00106955],0
43,[-0.5336699  -0.00106955],1,-1.0,[-0.5346639  -0.00099403],0
43,[-0.5346639  -0.00099403],1,-1.0,[-0.535575   -0.00091105],0
43,[-0.535575   -0.00091105],1,-1.0,[-0.53639627 -0.00082125],0
43,[-0.53639627 -0.00082125],1,-1.0,[-0.53712153 -0.00072529],0
43,[-0.53712153 -0.00072529],1,-1.0,[-0.5377454 -0.0006239],0
43,[-0.5377454 -0.0006239],1,-1.0,[-5.3826326e-01 -5.1783101e-04],0
43,[-5.3826326e-01 -5.1783101e-04],1,-1.0,[-5.3867114e-01 -4.0788288e-04],0
43,[-5.3867114e-01 -4.0788288e-04],1,-1.0,[-5.3896600e-01 -2.9487864e-04],0
43,[-5.3896600e-01 -2.9487864e-04],1,-1.0,[-5.391457e-01 -1.796651e-04],0
43,[-5.391457e-01 -1.796651e-04],1,-1.0,[-5.3920877e-01 -6.3105537e-05],0
43,[-5.3920877e-01 -6.3105537e-05],1,-1.0,[-5.391549e-01  5.392680e-05],0
43,[-5.391549e-01  5.392680e-05],1,-1.0,[-5.3898430e-01  1.7055513e-04],0
43,[-5.3898430e-01  1.7055513e-04],1,-1.0,[-5.3869838e-01  2.8590567e-04],0
43,[-5.3869838e-01  2.8590567e-04],1,-1.0,[-5.3829926e-01  3.9911416e-04],0
43,[-5.3829926e-01  3.9911416e-04],1,-1.0,[-5.3778994e-01  5.0933228e-04],0
43,[-5.3778994e-01  5.0933228e-04],1,-1.0,[-0.5371742   0.00061573],0
43,[-0.5371742   0.00061573],1,-1.0,[-0.5364567   0.00071752],0
43,[-0.5364567   0.00071752],1,-1.0,[-0.53564274  0.00081393],0
43,[-0.53564274  0.00081393],1,-1.0,[-0.53473854  0.00090424],0
43,[-0.53473854  0.00090424],1,-1.0,[-0.5337508   0.00098778],0
43,[-0.5337508   0.00098778],1,-1.0,[-0.5326868  0.0010639],0
43,[-0.5326868  0.0010639],1,-1.0,[-0.5315548   0.00113206],0
43,[-0.5315548   0.00113206],1,-1.0,[-0.5303631   0.00119172],0
43,[-0.5303631   0.00119172],1,-1.0,[-0.5291206   0.00124245],0
43,[-0.5291206   0.00124245],1,-1.0,[-0.52783674  0.00128386],0
43,[-0.52783674  0.00128386],1,-1.0,[-0.52652115  0.00131564],0
43,[-0.52652115  0.00131564],1,-1.0,[-0.52518356  0.00133756],0
43,[-0.52518356  0.00133756],1,-1.0,[-0.5238341   0.00134945],0
43,[-0.5238341   0.00134945],1,-1.0,[-0.5224829   0.00135121],0
43,[-0.5224829   0.00135121],1,-1.0,[-0.52114004  0.00134284],0
43,[-0.52114004  0.00134284],1,-1.0,[-0.5198156  0.0013244],0
43,[-0.5198156  0.0013244],1,-1.0,[-0.51851964  0.00129603],0
43,[-0.51851964  0.00129603],1,-1.0,[-0.5172617   0.00125794],0
43,[-0.5172617   0.00125794],1,-1.0,[-0.5160513   0.00121041],0
43,[-0.5160513   0.00121041],1,-1.0,[-0.51489747  0.00115381],0
43,[-0.51489747  0.00115381],1,-1.0,[-0.5138089   0.00108856],0
43,[-0.5138089   0.00108856],1,-1.0,[-0.5127938   0.00101515],0
43,[-0.5127938   0.00101515],1,-1.0,[-0.51185966  0.00093412],0
43,[-0.51185966  0.00093412],1,-1.0,[-0.5110135  0.0008461],0
43,[-0.5110135  0.0008461],1,-1.0,[-0.5102618   0.00075173],0
43,[-0.5102618   0.00075173],1,-1.0,[-0.50961006  0.00065173],0
43,[-0.50961006  0.00065173],1,-1.0,[-0.50906324  0.00054684],0
43,[-0.50906324  0.00054684],1,-1.0,[-5.0862539e-01  4.3786273e-04],0
43,[-5.0862539e-01  4.3786273e-04],1,-1.0,[-5.0829977e-01  3.2559995e-04],0
43,[-5.0829977e-01  3.2559995e-04],1,-1.0,[-5.0808889e-01  2.1089765e-04],0
43,[-5.0808889e-01  2.1089765e-04],1,-1.0,[-5.0799423e-01  9.4615323e-05],0
43,[-5.0799423e-01  9.4615323e-05],1,-1.0,[-5.0801665e-01 -2.2375851e-05],0
43,[-5.0801665e-01 -2.2375851e-05],1,-1.0,[-5.0815582e-01 -1.3919939e-04],0
43,[-5.0815582e-01 -1.3919939e-04],1,-1.0,[-5.0841081e-01 -2.5498006e-04],0
43,[-5.0841081e-01 -2.5498006e-04],1,-1.0,[-5.0877964e-01 -3.6885039e-04],0
43,[-5.0877964e-01 -3.6885039e-04],1,-1.0,[-5.0925964e-01 -4.7995715e-04],0
43,[-5.0925964e-01 -4.7995715e-04],1,-1.0,[-0.5098471  -0.00058747],0
43,[-0.5098471  -0.00058747],1,-1.0,[-0.5105377  -0.00069058],0
43,[-0.5105377  -0.00069058],1,-1.0,[-0.5113262  -0.00078851],0
43,[-0.5113262  -0.00078851],1,-1.0,[-0.5122067  -0.00088053],0
43,[-0.5122067  -0.00088053],1,-1.0,[-0.5131727  -0.00096596],0
43,[-0.5131727  -0.00096596],1,-1.0,[-0.5142168  -0.00104414],0
43,[-0.5142168  -0.00104414],1,-1.0,[-0.51533127 -0.0011145 ],0
43,[-0.51533127 -0.0011145 ],1,-1.0,[-0.5165078 -0.0011765],0
43,[-0.5165078 -0.0011765],1,-1.0,[-0.51773745 -0.00122967],0
43,[-0.51773745 -0.00122967],1,-1.0,[-0.5190111  -0.00127363],0
43,[-0.5190111  -0.00127363],1,-1.0,[-0.52031916 -0.00130804],0
43,[-0.52031916 -0.00130804],1,-1.0,[-0.52165174 -0.00133263],0
43,[-0.52165174 -0.00133263],1,-1.0,[-0.522999   -0.00134724],0
43,[-0.522999   -0.00134724],1,-1.0,[-0.52435076 -0.00135174],0
43,[-0.52435076 -0.00135174],1,-1.0,[-0.5256968 -0.0013461],0
43,[-0.5256968 -0.0013461],1,-1.0,[-0.5270272  -0.00133036],0
43,[-0.5270272  -0.00133036],1,-1.0,[-0.5283319  -0.00130465],0
43,[-0.5283319  -0.00130465],1,-1.0,[-0.529601   -0.00126915],0
43,[-0.529601   -0.00126915],1,-1.0,[-0.53082514 -0.00122414],0
43,[-0.53082514 -0.00122414],1,-1.0,[-0.53199506 -0.00116994],0
43,[-0.53199506 -0.00116994],1,-1.0,[-0.53310204 -0.00110698],0
43,[-0.53310204 -0.00110698],1,-1.0,[-0.5341378  -0.00103571],0
43,[-0.5341378  -0.00103571],1,-1.0,[-0.53509444 -0.00095668],0
43,[-0.53509444 -0.00095668],1,-1.0,[-0.5359649  -0.00087048],0
43,[-0.5359649  -0.00087048],1,-1.0,[-0.5367427  -0.00077776],0
43,[-0.5367427  -0.00077776],1,-1.0,[-0.5374219 -0.0006792],0
43,[-0.5374219 -0.0006792],1,-1.0,[-0.5379975  -0.00057556],0
43,[-0.5379975  -0.00057556],1,-1.0,[-5.3846508e-01 -4.6760397e-04],0
43,[-5.3846508e-01 -4.6760397e-04],1,-1.0,[-5.388212e-01 -3.561438e-04],0
43,[-5.388212e-01 -3.561438e-04],1,-1.0,[-5.3906322e-01 -2.4201527e-04],0
43,[-5.3906322e-01 -2.4201527e-04],1,-1.0,[-5.3918928e-01 -1.2607354e-04],0
43,[-5.3918928e-01 -1.2607354e-04],1,-1.0,[-5.3919846e-01 -9.1872917e-06],0
43,[-5.3919846e-01 -9.1872917e-06],1,-1.0,[-5.3909069e-01  1.0776779e-04],0
43,[-5.3909069e-01  1.0776779e-04],1,-1.0,[-5.3886682e-01  2.2391549e-04],0
43,[-5.3886682e-01  2.2391549e-04],1,-1.0,[-5.385284e-01  3.383856e-04],0
43,[-5.385284e-01  3.383856e-04],1,-1.0,[-5.3807807e-01  4.5032045e-04],0
43,[-5.3807807e-01  4.5032045e-04],1,-1.0,[-0.5375192   0.00055888],0
43,[-0.5375192   0.00055888],1,-1.0,[-0.53685594  0.00066325],0
43,[-0.53685594  0.00066325],1,-1.0,[-0.5360933   0.00076266],0
43,[-0.5360933   0.00076266],1,-1.0,[-0.53523695  0.00085634],0
43,[-0.53523695  0.00085634],1,-1.0,[-0.53429335  0.00094361],0
43,[-0.53429335  0.00094361],1,-1.0,[-0.5332695   0.00102381],0
43,[-0.5332695   0.00102381],1,-1.0,[-0.5321732   0.00109633],0
43,[-0.5321732   0.00109633],1,-1.0,[-0.5310126   0.00116063],0
43,[-0.5310126   0.00116063],1,-1.0,[-0.52979636  0.00121623],0
43,[-0.52979636  0.00121623],1,-1.0,[-0.52853364  0.00126271],0
43,[-0.52853364  0.00126271],1,-1.0,[-0.5272339   0.00129972],0
43,[-0.5272339   0.00129972],1,-1.0,[-0.5259069   0.00132698],0
43,[-0.5259069   0.00132698],1,-1.0,[-0.52456266  0.00134429],0
43,[-0.52456266  0.00134429],1,-1.0,[-0.5232111   0.00135152],0
43,[-0.5232111   0.00135152],1,-1.0,[-0.5218625   0.00134861],0
43,[-0.5218625   0.00134861],1,-1.0,[-0.52052695  0.00133559],0
43,[-0.52052695  0.00133559],1,-1.0,[-0.5192144   0.00131255],0
43,[-0.5192144   0.00131255],1,-1.0,[-0.5179347   0.00127967],0
43,[-0.5179347   0.00127967],1,-1.0,[-0.5166975   0.00123719],0
43,[-0.5166975   0.00123719],1,-1.0,[-0.51551205  0.00118544],0
43,[-0.51551205  0.00118544],1,-1.0,[-0.51438725  0.00112479],0
43,[-0.51438725  0.00112479],1,-1.0,[-0.5133316   0.00105571],0
43,[-0.5133316   0.00105571],1,-1.0,[-0.5123528   0.00097872],0
43,[-0.5123528   0.00097872],1,-1.0,[-0.51145846  0.00089439],0
43,[-0.51145846  0.00089439],1,-1.0,[-0.5106551   0.00080336],0
43,[-0.5106551   0.00080336],1,-1.0,[-0.5099488   0.00070631],0
43,[-0.5099488   0.00070631],1,-1.0,[-0.5093448   0.00060396],0
43,[-0.5093448   0.00060396],1,-1.0,[-5.088477e-01  4.970904e-04],0
43,[-5.088477e-01  4.970904e-04],1,-1.0,[-5.0846124e-01  3.8649357e-04],0
43,[-5.0846124e-01  3.8649357e-04],1,-1.0,[-5.0818825e-01  2.7300100e-04],0
43,[-5.0818825e-01  2.7300100e-04],1,-1.0,[-5.0803077e-01  1.5746306e-04],0
43,[-5.0803077e-01  1.5746306e-04],1,-1.0,[-5.0799000e-01  4.0745428e-05],0
43,[-5.0799000e-01  4.0745428e-05],1,-1.0,[-5.0806630e-01 -7.6277465e-05],0
43,[-5.0806630e-01 -7.6277465e-05],1,-1.0,[-5.082590e-01 -1.927289e-04],0
43,[-5.082590e-01 -1.927289e-04],1,-1.0,[-5.0856674e-01 -3.0773642e-04],0
43,[-5.0856674e-01 -3.0773642e-04],1,-1.0,[-5.089872e-01 -4.204383e-04],0
43,[-5.089872e-01 -4.204383e-04],1,-1.0,[-0.5095172  -0.00052999],0
43,[-0.5095172  -0.00052999],1,-1.0,[-0.51015276 -0.00063557],0
43,[-0.51015276 -0.00063557],1,-1.0,[-0.5108892  -0.00073639],0
43,[-0.5108892  -0.00073639],1,-1.0,[-0.51172084 -0.00083169],0
43,[-0.51172084 -0.00083169],1,-1.0,[-0.5126416  -0.00092075],0
43,[-0.5126416  -0.00092075],1,-1.0,[-0.5136445  -0.00100292],0
43,[-0.5136445  -0.00100292],1,-1.0,[-0.51472205 -0.00107756],0
43,[-0.51472205 -0.00107756],1,-1.0,[-0.5158662  -0.00114413],0
43,[-0.5158662  -0.00114413],1,-1.0,[-0.5170683  -0.00120212],0
43,[-0.5170683  -0.00120212],1,-1.0,[-0.5183194  -0.00125109],0
43,[-0.5183194  -0.00125109],1,-1.0,[-0.5196101  -0.00129069],0
43,[-0.5196101  -0.00129069],1,-1.0,[-0.5209307 -0.0013206],0
43,[-0.5209307 -0.0013206],1,-1.0,[-0.52227134 -0.00134061],0
43,[-0.52227134 -0.00134061],1,-1.0,[-0.5236219  -0.00135057],0
43,[-0.5236219  -0.00135057],1,-1.0,[-0.52497226 -0.0013504 ],1
44,"(array([-0.4379566,  0.       ], dtype=float32), {})",1,-1.0,[-0.43859187 -0.00063527],0
44,[-0.43859187 -0.00063527],1,-1.0,[-0.4398578  -0.00126594],0
44,[-0.4398578  -0.00126594],1,-1.0,[-0.44174522 -0.00188741],0
44,[-0.44174522 -0.00188741],1,-1.0,[-0.44424036 -0.00249516],0
44,[-0.44424036 -0.00249516],1,-1.0,[-0.4473251  -0.00308474],0
44,[-0.4473251  -0.00308474],1,-1.0,[-0.45097694 -0.00365181],0
44,[-0.45097694 -0.00365181],1,-1.0,[-0.4551691  -0.00419218],0
44,[-0.4551691  -0.00419218],1,-1.0,[-0.4598709 -0.0047018],0
44,[-0.4598709 -0.0047018],1,-1.0,[-0.46504778 -0.00517686],0
44,[-0.46504778 -0.00517686],1,-1.0,[-0.4706615  -0.00561373],0
44,[-0.4706615  -0.00561373],1,-1.0,[-0.4766706 -0.0060091],0
44,[-0.4766706 -0.0060091],1,-1.0,[-0.4830305 -0.0063599],0
44,[-0.4830305 -0.0063599],1,-1.0,[-0.4896939  -0.00666341],0
44,[-0.4896939  -0.00666341],1,-1.0,[-0.49661115 -0.00691726],0
44,[-0.49661115 -0.00691726],1,-1.0,[-0.5037306  -0.00711944],0
44,[-0.5037306  -0.00711944],1,-1.0,[-0.51099896 -0.00726837],0
44,[-0.51099896 -0.00726837],1,-1.0,[-0.5183618  -0.00736284],0
44,[-0.5183618  -0.00736284],1,-1.0,[-0.5257639  -0.00740212],0
44,[-0.5257639  -0.00740212],1,-1.0,[-0.53314984 -0.00738588],0
44,[-0.53314984 -0.00738588],1,-1.0,[-0.54046404 -0.00731426],0
44,[-0.54046404 -0.00731426],1,-1.0,[-0.5476519  -0.00718782],0
44,[-0.5476519  -0.00718782],1,-1.0,[-0.5546595  -0.00700758],0
44,[-0.5546595  -0.00700758],1,-1.0,[-0.56143445 -0.00677496],0
44,[-0.56143445 -0.00677496],1,-1.0,[-0.5679262 -0.0064918],0
44,[-0.5679262 -0.0064918],1,-1.0,[-0.57408655 -0.00616033],0
44,[-0.57408655 -0.00616033],1,-1.0,[-0.5798697  -0.00578311],0
44,[-0.5798697  -0.00578311],1,-1.0,[-0.58523273 -0.00536308],0
44,[-0.58523273 -0.00536308],1,-1.0,[-0.59013623 -0.00490346],0
44,[-0.59013623 -0.00490346],1,-1.0,[-0.59454393 -0.00440773],0
44,[-0.59454393 -0.00440773],1,-1.0,[-0.5984236  -0.00387965],0
44,[-0.5984236  -0.00387965],1,-1.0,[-0.6017468  -0.00332317],0
44,[-0.6017468  -0.00332317],1,-1.0,[-0.6044892  -0.00274241],0
44,[-0.6044892  -0.00274241],1,-1.0,[-0.60663086 -0.00214167],0
44,[-0.60663086 -0.00214167],1,-1.0,[-0.6081562  -0.00152535],0
44,[-0.6081562  -0.00152535],1,-1.0,[-0.60905415 -0.00089795],0
44,[-0.60905415 -0.00089795],1,-1.0,[-6.0931820e-01 -2.6403266e-04],0
44,[-6.0931820e-01 -2.6403266e-04],1,-1.0,[-6.089464e-01  3.718005e-04],0
44,[-6.089464e-01  3.718005e-04],1,-1.0,[-0.60794145  0.00100494],0
44,[-0.60794145  0.00100494],1,-1.0,[-0.60631067  0.00163078],0
44,[-0.60631067  0.00163078],1,-1.0,[-0.6040659   0.00224477],0
44,[-0.6040659   0.00224477],1,-1.0,[-0.60122347  0.00284243],0
44,[-0.60122347  0.00284243],1,-1.0,[-0.5978041   0.00341937],0
44,[-0.5978041   0.00341937],1,-1.0,[-0.5938328   0.00397132],0
44,[-0.5938328   0.00397132],1,-1.0,[-0.5893386   0.00449419],0
44,[-0.5893386   0.00449419],1,-1.0,[-0.5843545   0.00498405],0
44,[-0.5843545   0.00498405],1,-1.0,[-0.5789173  0.0054372],0
44,[-0.5789173  0.0054372],1,-1.0,[-0.5730672   0.00585018],0
44,[-0.5730672   0.00585018],1,-1.0,[-0.5668473   0.00621984],0
44,[-0.5668473   0.00621984],1,-1.0,[-0.56030405  0.00654329],0
44,[-0.56030405  0.00654329],1,-1.0,[-0.553486    0.00681802],0
44,[-0.553486    0.00681802],1,-1.0,[-0.5464441   0.00704188],0
44,[-0.5464441   0.00704188],1,-1.0,[-0.53923106  0.00721308],0
44,[-0.53923106  0.00721308],1,-1.0,[-0.53190076  0.00733028],0
44,[-0.53190076  0.00733028],1,-1.0,[-0.52450824  0.00739254],0
44,[-0.52450824  0.00739254],1,-1.0,[-0.51710886  0.00739936],0
44,[-0.51710886  0.00739936],1,-1.0,[-0.5097582   0.00735069],0
44,[-0.5097582   0.00735069],1,-1.0,[-0.50251126  0.00724692],0
44,[-0.50251126  0.00724692],1,-1.0,[-0.4954224   0.00708887],0
44,[-0.4954224   0.00708887],1,-1.0,[-0.48854458  0.00687779],0
44,[-0.48854458  0.00687779],1,-1.0,[-0.4819292   0.00661537],0
44,[-0.4819292   0.00661537],1,-1.0,[-0.47562554  0.00630366],0
44,[-0.47562554  0.00630366],1,-1.0,[-0.46968046  0.00594511],0
44,[-0.46968046  0.00594511],1,-1.0,[-0.46413797  0.00554248],0
44,[-0.46413797  0.00554248],1,-1.0,[-0.4590391   0.00509888],0
44,[-0.4590391   0.00509888],1,-1.0,[-0.45442137  0.00461771],0
44,[-0.45442137  0.00461771],1,-1.0,[-0.45031878  0.00410259],0
44,[-0.45031878  0.00410259],1,-1.0,[-0.44676137  0.00355741],0
44,[-0.44676137  0.00355741],1,-1.0,[-0.44377515  0.00298622],0
44,[-0.44377515  0.00298622],1,-1.0,[-0.4413819   0.00239325],0
44,[-0.4413819   0.00239325],1,-1.0,[-0.43959904  0.00178286],0
44,[-0.43959904  0.00178286],1,-1.0,[-0.43843955  0.0011595 ],0
44,[-0.43843955  0.0011595 ],1,-1.0,[-0.4379118   0.00052773],0
44,[-0.4379118   0.00052773],1,-1.0,[-4.38019663e-01 -1.07862856e-04],0
44,[-4.38019663e-01 -1.07862856e-04],1,-1.0,[-0.43876234 -0.00074268],0
44,[-0.43876234 -0.00074268],1,-1.0,[-0.44013444 -0.0013721 ],0
44,[-0.44013444 -0.0013721 ],1,-1.0,[-0.442126   -0.00199157],0
44,[-0.442126   -0.00199157],1,-1.0,[-0.44472256 -0.00259655],0
44,[-0.44472256 -0.00259655],1,-1.0,[-0.44790518 -0.00318261],0
44,[-0.44790518 -0.00318261],1,-1.0,[-0.45165062 -0.00374545],0
44,[-0.45165062 -0.00374545],1,-1.0,[-0.4559315  -0.00428088],0
44,[-0.4559315  -0.00428088],1,-1.0,[-0.4607164  -0.00478491],0
44,[-0.4607164  -0.00478491],1,-1.0,[-0.46597013 -0.00525373],0
44,[-0.46597013 -0.00525373],1,-1.0,[-0.47165394 -0.0056838 ],0
44,[-0.47165394 -0.0056838 ],1,-1.0,[-0.47772574 -0.00607181],0
44,[-0.47772574 -0.00607181],1,-1.0,[-0.48414052 -0.00641477],0
44,[-0.48414052 -0.00641477],1,-1.0,[-0.49085054 -0.00671002],0
44,[-0.49085054 -0.00671002],1,-1.0,[-0.49780574 -0.00695523],0
44,[-0.49780574 -0.00695523],1,-1.0,[-0.5049542  -0.00714849],0
44,[-0.5049542  -0.00714849],1,-1.0,[-0.5122425  -0.00728825],0
44,[-0.5122425  -0.00728825],1,-1.0,[-0.5196159 -0.0073734],0
44,[-0.5196159 -0.0073734],1,-1.0,[-0.5270192  -0.00740328],0
44,[-0.5270192  -0.00740328],1,-1.0,[-0.53439677 -0.00737762],0
44,[-0.53439677 -0.00737762],1,-1.0,[-0.54169345 -0.00729665],0
44,[-0.54169345 -0.00729665],1,-1.0,[-0.5488545  -0.00716101],0
44,[-0.5488545  -0.00716101],1,-1.0,[-0.55582625 -0.00697177],0
44,[-0.55582625 -0.00697177],1,-1.0,[-0.5625567  -0.00673044],0
44,[-0.5625567  -0.00673044],1,-1.0,[-0.5689956  -0.00643892],0
44,[-0.5689956  -0.00643892],1,-1.0,[-0.5750951 -0.0060995],0
44,[-0.5750951 -0.0060995],1,-1.0,[-0.5808099  -0.00571481],0
44,[-0.5808099  -0.00571481],1,-1.0,[-0.5860977  -0.00528783],0
44,[-0.5860977  -0.00528783],1,-1.0,[-0.59091955 -0.00482183],0
44,[-0.59091955 -0.00482183],1,-1.0,[-0.59523994 -0.00432035],0
44,[-0.59523994 -0.00432035],1,-1.0,[-0.5990271  -0.00378717],0
44,[-0.5990271  -0.00378717],1,-1.0,[-0.6022534  -0.00322627],0
44,[-0.6022534  -0.00322627],1,-1.0,[-0.6048952  -0.00264182],0
44,[-0.6048952  -0.00264182],1,-1.0,[-0.6069333  -0.00203812],0
44,[-0.6069333  -0.00203812],1,-1.0,[-0.6083529  -0.00141961],0
44,[-0.6083529  -0.00141961],1,-1.0,[-0.6091437  -0.00079078],0
44,[-0.6091437  -0.00079078],1,-1.0,[-6.0929990e-01 -1.5620972e-04],0
44,[-6.0929990e-01 -1.5620972e-04],1,-1.0,[-6.0882038e-01  4.7949073e-04],0
44,[-6.0882038e-01  4.7949073e-04],1,-1.0,[-0.6077087   0.00111171],0
44,[-0.6077087   0.00111171],1,-1.0,[-0.6059728   0.00173586],0
44,[-0.6059728   0.00173586],1,-1.0,[-0.6036254  0.0023474],0
44,[-0.6036254  0.0023474],1,-1.0,[-0.60068357  0.00294185],0
44,[-0.60068357  0.00294185],1,-1.0,[-0.59716874  0.00351485],0
44,[-0.59716874  0.00351485],1,-1.0,[-0.59310657  0.00406215],0
44,[-0.59310657  0.00406215],1,-1.0,[-0.5885269   0.00457969],0
44,[-0.5885269   0.00457969],1,-1.0,[-0.5834633   0.00506358],0
44,[-0.5834633   0.00506358],1,-1.0,[-0.57795316  0.00551015],0
44,[-0.57795316  0.00551015],1,-1.0,[-0.57203716  0.00591601],0
44,[-0.57203716  0.00591601],1,-1.0,[-0.5657591   0.00627802],0
44,[-0.5657591   0.00627802],1,-1.0,[-0.5591657   0.00659338],0
44,[-0.5591657   0.00659338],1,-1.0,[-0.5523061   0.00685962],0
44,[-0.5523061   0.00685962],1,-1.0,[-0.54523146  0.00707466],0
44,[-0.54523146  0.00707466],1,-1.0,[-0.5379947   0.00723679],0
44,[-0.5379947   0.00723679],1,-1.0,[-0.5306499   0.00734473],0
44,[-0.5306499   0.00734473],1,-1.0,[-0.5232523   0.00739761],0
44,[-0.5232523   0.00739761],1,-1.0,[-0.5158573   0.00739501],0
44,[-0.5158573   0.00739501],1,-1.0,[-0.50852036  0.00733696],0
44,[-0.50852036  0.00733696],1,-1.0,[-0.50129646  0.00722391],0
44,[-0.50129646  0.00722391],1,-1.0,[-0.4942397   0.00705676],0
44,[-0.4942397   0.00705676],1,-1.0,[-0.48740283  0.00683685],0
44,[-0.48740283  0.00683685],1,-1.0,[-0.4808369   0.00656592],0
44,[-0.4808369   0.00656592],1,-1.0,[-0.47459084  0.00624608],0
44,[-0.47459084  0.00624608],1,-1.0,[-0.468711    0.00587985],0
44,[-0.468711    0.00587985],1,-1.0,[-0.46324092  0.00547005],0
44,[-0.46324092  0.00547005],1,-1.0,[-0.4582211   0.00501983],0
44,[-0.4582211   0.00501983],1,-1.0,[-0.45368847  0.00453264],0
44,[-0.45368847  0.00453264],1,-1.0,[-0.4496763   0.00401214],0
44,[-0.4496763   0.00401214],1,-1.0,[-0.44621405  0.00346226],0
44,[-0.44621405  0.00346226],1,-1.0,[-0.44332698  0.00288707],0
44,[-0.44332698  0.00288707],1,-1.0,[-0.44103613  0.00229084],0
44,[-0.44103613  0.00229084],1,-1.0,[-0.43935823  0.00167793],0
44,[-0.43935823  0.00167793],1,-1.0,[-0.43830538  0.00105283],0
44,[-0.43830538  0.00105283],1,-1.0,[-4.3788531e-01  4.2008687e-04],0
44,[-4.3788531e-01  4.2008687e-04],1,-1.0,[-4.381010e-01 -2.157032e-04],0
44,[-4.381010e-01 -2.157032e-04],1,-1.0,[-0.43895093 -0.00084993],0
44,[-0.43895093 -0.00084993],1,-1.0,[-0.4404289  -0.00147799],0
44,[-0.4404289  -0.00147799],1,-1.0,[-0.44252422 -0.00209531],0
44,[-0.44252422 -0.00209531],1,-1.0,[-0.44522163 -0.00269739],0
44,[-0.44522163 -0.00269739],1,-1.0,[-0.44850144 -0.00327982],0
44,[-0.44850144 -0.00327982],1,-1.0,[-0.45233974 -0.00383829],0
44,[-0.45233974 -0.00383829],1,-1.0,[-0.4567084  -0.00436868],0
44,[-0.4567084  -0.00436868],1,-1.0,[-0.4615754  -0.00486699],0
44,[-0.4615754  -0.00486699],1,-1.0,[-0.46690488 -0.00532949],0
44,[-0.46690488 -0.00532949],1,-1.0,[-0.47265753 -0.00575265],0
44,[-0.47265753 -0.00575265],1,-1.0,[-0.47879076 -0.00613322],0
44,[-0.47879076 -0.00613322],1,-1.0,[-0.48525903 -0.00646827],0
44,[-0.48525903 -0.00646827],1,-1.0,[-0.4920142  -0.00675518],0
44,[-0.4920142  -0.00675518],1,-1.0,[-0.4990059  -0.00699171],0
44,[-0.4990059  -0.00699171],1,-1.0,[-0.5061819  -0.00717599],0
44,[-0.5061819  -0.00717599],1,-1.0,[-0.5134885  -0.00730656],0
44,[-0.5134885  -0.00730656],1,-1.0,[-0.52087086 -0.00738238],0
44,[-0.52087086 -0.00738238],1,-1.0,[-0.5282737  -0.00740283],0
44,[-0.5282737  -0.00740283],1,-1.0,[-0.53564143 -0.00736777],0
44,[-0.53564143 -0.00736777],1,-1.0,[-0.5429189  -0.00727747],0
44,[-0.5429189  -0.00727747],1,-1.0,[-0.55005157 -0.00713265],0
44,[-0.55005157 -0.00713265],1,-1.0,[-0.55698603 -0.00693447],0
44,[-0.55698603 -0.00693447],1,-1.0,[-0.5636705  -0.00668448],0
44,[-0.5636705  -0.00668448],1,-1.0,[-0.5700552  -0.00638466],0
44,[-0.5700552  -0.00638466],1,-1.0,[-0.57609254 -0.00603737],0
44,[-0.57609254 -0.00603737],1,-1.0,[-0.5817379  -0.00564529],0
44,[-0.5817379  -0.00564529],1,-1.0,[-0.5869493  -0.00521145],0
44,[-0.5869493  -0.00521145],1,-1.0,[-0.59168845 -0.00473918],0
44,[-0.59168845 -0.00473918],1,-1.0,[-0.59592056 -0.00423205],0
44,[-0.59592056 -0.00423205],1,-1.0,[-0.59961444 -0.00369388],0
44,[-0.59961444 -0.00369388],1,-1.0,[-0.6027431 -0.0031287],0
44,[-0.6027431 -0.0031287],1,-1.0,[-0.6052838  -0.00254067],0
44,[-0.6052838  -0.00254067],1,-1.0,[-0.60721797 -0.00193415],0
44,[-0.60721797 -0.00193415],1,-1.0,[-0.60853153 -0.00131356],0
44,[-0.60853153 -0.00131356],1,-1.0,[-0.60921496 -0.00068344],0
44,[-0.60921496 -0.00068344],1,-1.0,[-6.0926330e-01 -4.8354173e-05],0
44,[-6.0926330e-01 -4.8354173e-05],1,-1.0,[-6.0867620e-01  5.8708084e-04],0
44,[-6.0867620e-01  5.8708084e-04],1,-1.0,[-0.60745794  0.00121826],0
44,[-0.60745794  0.00121826],1,-1.0,[-0.60561734  0.00184059],0
44,[-0.60561734  0.00184059],1,-1.0,[-0.60316783  0.00244954],0
44,[-0.60316783  0.00244954],1,-1.0,[-0.60012716  0.00304065],0
44,[-0.60012716  0.00304065],1,-1.0,[-0.5965176   0.00360959],0
44,[-0.5965176   0.00360959],1,-1.0,[-0.59236544  0.00415213],0
44,[-0.59236544  0.00415213],1,-1.0,[-0.58770126  0.00466423],0
44,[-0.58770126  0.00466423],1,-1.0,[-0.58255917  0.00514204],0
44,[-0.58255917  0.00514204],1,-1.0,[-0.57697725  0.00558194],0
44,[-0.57697725  0.00558194],1,-1.0,[-0.5709967   0.00598057],0
44,[-0.5709967   0.00598057],1,-1.0,[-0.56466186  0.00633486],0
44,[-0.56466186  0.00633486],1,-1.0,[-0.55801976  0.00664205],0
44,[-0.55801976  0.00664205],1,-1.0,[-0.55112004  0.00689975],0
44,[-0.55112004  0.00689975],1,-1.0,[-0.5440141   0.00710593],0
44,[-0.5440141   0.00710593],1,-1.0,[-0.53675514  0.00725894],0
44,[-0.53675514  0.00725894],1,-1.0,[-0.52939755  0.00735759],0
44,[-0.52939755  0.00735759],1,-1.0,[-0.5219965   0.00740108],1
45,"(array([-0.43592754,  0.        ], dtype=float32), {})",1,-1.0,[-0.43657753 -0.00064998],0
45,[-0.43657753 -0.00064998],1,-1.0,[-0.43787277 -0.00129525],0
45,[-0.43787277 -0.00129525],1,-1.0,[-0.4398039  -0.00193113],0
45,[-0.4398039  -0.00193113],1,-1.0,[-0.44235688 -0.00255299],0
45,[-0.44235688 -0.00255299],1,-1.0,[-0.4455132  -0.00315629],0
45,[-0.4455132  -0.00315629],1,-1.0,[-0.44924977 -0.00373659],0
45,[-0.44924977 -0.00373659],1,-1.0,[-0.45353937 -0.0042896 ],0
45,[-0.45353937 -0.0042896 ],1,-1.0,[-0.45835057 -0.00481119],0
45,[-0.45835057 -0.00481119],1,-1.0,[-0.463648   -0.00529743],0
45,[-0.463648   -0.00529743],1,-1.0,[-0.46939263 -0.00574464],0
45,[-0.46939263 -0.00574464],1,-1.0,[-0.47554204 -0.0061494 ],0
45,[-0.47554204 -0.0061494 ],1,-1.0,[-0.4820506  -0.00650857],0
45,[-0.4820506  -0.00650857],1,-1.0,[-0.48887    -0.00681938],0
45,[-0.48887    -0.00681938],1,-1.0,[-0.49594936 -0.00707937],0
45,[-0.49594936 -0.00707937],1,-1.0,[-0.5032359  -0.00728651],0
45,[-0.5032359  -0.00728651],1,-1.0,[-0.510675   -0.00743913],0
45,[-0.510675   -0.00743913],1,-1.0,[-0.518211   -0.00753604],0
45,[-0.518211   -0.00753604],1,-1.0,[-0.5257875  -0.00757644],0
45,[-0.5257875  -0.00757644],1,-1.0,[-0.5333475  -0.00756003],0
45,[-0.5333475  -0.00756003],1,-1.0,[-0.5408344  -0.00748692],0
45,[-0.5408344  -0.00748692],1,-1.0,[-0.54819214 -0.00735771],0
45,[-0.54819214 -0.00735771],1,-1.0,[-0.55536556 -0.00717343],0
45,[-0.55536556 -0.00717343],1,-1.0,[-0.5623011  -0.00693554],0
45,[-0.5623011  -0.00693554],1,-1.0,[-0.568947   -0.00664592],0
45,[-0.568947   -0.00664592],1,-1.0,[-0.5752539  -0.00630686],0
45,[-0.5752539  -0.00630686],1,-1.0,[-0.5811749 -0.005921 ],0
45,[-0.5811749 -0.005921 ],1,-1.0,[-0.5866662  -0.00549132],0
45,[-0.5866662  -0.00549132],1,-1.0,[-0.5916873  -0.00502113],0
45,[-0.5916873  -0.00502113],1,-1.0,[-0.59620136 -0.00451401],0
45,[-0.59620136 -0.00451401],1,-1.0,[-0.60017514 -0.00397379],0
45,[-0.60017514 -0.00397379],1,-1.0,[-0.60357964 -0.0034045 ],0
45,[-0.60357964 -0.0034045 ],1,-1.0,[-0.60639    -0.00281038],0
45,[-0.60639    -0.00281038],1,-1.0,[-0.60858583 -0.00219581],0
45,[-0.60858583 -0.00219581],1,-1.0,[-0.6101511  -0.00156529],0
45,[-0.6101511  -0.00156529],1,-1.0,[-0.61107457 -0.00092342],0
45,[-0.61107457 -0.00092342],1,-1.0,[-6.113494e-01 -2.748579e-04],0
45,[-6.113494e-01 -2.748579e-04],1,-1.0,[-6.109737e-01  3.756966e-04],0
45,[-6.109737e-01  3.756966e-04],1,-1.0,[-0.6099502   0.00102353],0
45,[-0.6099502   0.00102353],1,-1.0,[-0.60828626  0.00166395],0
45,[-0.60828626  0.00166395],1,-1.0,[-0.6059939   0.00229229],0
45,[-0.6059939   0.00229229],1,-1.0,[-0.60309     0.00290398],0
45,[-0.60309     0.00290398],1,-1.0,[-0.5995954   0.00349453],0
45,[-0.5995954   0.00349453],1,-1.0,[-0.5955359   0.00405958],0
45,[-0.5955359   0.00405958],1,-1.0,[-0.59094095  0.00459493],0
45,[-0.59094095  0.00459493],1,-1.0,[-0.58584434  0.00509657],0
45,[-0.58584434  0.00509657],1,-1.0,[-0.58028364  0.0055607 ],0
45,[-0.58028364  0.0055607 ],1,-1.0,[-0.5742999   0.00598379],0
45,[-0.5742999   0.00598379],1,-1.0,[-0.56793725  0.00636259],0
45,[-0.56793725  0.00636259],1,-1.0,[-0.5612431   0.00669414],0
45,[-0.5612431   0.00669414],1,-1.0,[-0.5542673   0.00697588],0
45,[-0.5542673   0.00697588],1,-1.0,[-0.5470617   0.00720557],0
45,[-0.5470617   0.00720557],1,-1.0,[-0.5396803   0.00738139],0
45,[-0.5396803   0.00738139],1,-1.0,[-0.53217834  0.00750196],0
45,[-0.53217834  0.00750196],1,-1.0,[-0.52461207  0.0075663 ],0
45,[-0.52461207  0.0075663 ],1,-1.0,[-0.51703817  0.0075739 ],0
45,[-0.51703817  0.0075739 ],1,-1.0,[-0.50951344  0.0075247 ],0
45,[-0.50951344  0.0075247 ],1,-1.0,[-0.5020944   0.00741909],0
45,[-0.5020944   0.00741909],1,-1.0,[-0.49483645  0.00725792],0
45,[-0.49483645  0.00725792],1,-1.0,[-0.48779398  0.00704247],0
45,[-0.48779398  0.00704247],1,-1.0,[-0.48101953  0.00677445],0
45,[-0.48101953  0.00677445],1,-1.0,[-0.47456357  0.00645597],0
45,[-0.47456357  0.00645597],1,-1.0,[-0.46847403  0.00608953],0
45,[-0.46847403  0.00608953],1,-1.0,[-0.46279606  0.00567798],0
45,[-0.46279606  0.00567798],1,-1.0,[-0.45757157  0.00522448],0
45,[-0.45757157  0.00522448],1,-1.0,[-0.45283908  0.00473251],0
45,[-0.45283908  0.00473251],1,-1.0,[-0.44863328  0.00420579],0
45,[-0.44863328  0.00420579],1,-1.0,[-0.444985    0.00364827],0
45,[-0.444985    0.00364827],1,-1.0,[-0.44192088  0.00306412],0
45,[-0.44192088  0.00306412],1,-1.0,[-0.43946323  0.00245765],0
45,[-0.43946323  0.00245765],1,-1.0,[-0.4376299   0.00183331],0
45,[-0.4376299   0.00183331],1,-1.0,[-0.43643424  0.00119567],0
45,[-0.43643424  0.00119567],1,-1.0,[-0.4358849   0.00054936],0
45,[-0.4358849   0.00054936],1,-1.0,[-4.35985833e-01 -1.00927886e-04],0
45,[-4.35985833e-01 -1.00927886e-04],1,-1.0,[-0.43673632 -0.00075049],0
45,[-0.43673632 -0.00075049],1,-1.0,[-0.43813092 -0.00139461],0
45,[-0.43813092 -0.00139461],1,-1.0,[-0.44015953 -0.00202861],0
45,[-0.44015953 -0.00202861],1,-1.0,[-0.4428074  -0.00264789],0
45,[-0.4428074  -0.00264789],1,-1.0,[-0.44605532 -0.00324791],0
45,[-0.44605532 -0.00324791],1,-1.0,[-0.4498796  -0.00382426],0
45,[-0.4498796  -0.00382426],1,-1.0,[-0.45425224 -0.00437266],0
45,[-0.45425224 -0.00437266],1,-1.0,[-0.45914125 -0.00488901],0
45,[-0.45914125 -0.00488901],1,-1.0,[-0.46451068 -0.00536944],0
45,[-0.46451068 -0.00536944],1,-1.0,[-0.47032097 -0.00581028],0
45,[-0.47032097 -0.00581028],1,-1.0,[-0.47652912 -0.00620816],0
45,[-0.47652912 -0.00620816],1,-1.0,[-0.48308915 -0.00656001],0
45,[-0.48308915 -0.00656001],1,-1.0,[-0.48995224 -0.00686309],0
45,[-0.48995224 -0.00686309],1,-1.0,[-0.49706724 -0.00711501],0
45,[-0.49706724 -0.00711501],1,-1.0,[-0.50438106 -0.00731379],0
45,[-0.50438106 -0.00731379],1,-1.0,[-0.51183885 -0.00745784],0
45,[-0.51183885 -0.00745784],1,-1.0,[-0.5193849  -0.00754602],0
45,[-0.5193849  -0.00754602],1,-1.0,[-0.5269625  -0.00757762],0
45,[-0.5269625  -0.00757762],1,-1.0,[-0.5345149 -0.0075524],0
45,[-0.5345149 -0.0075524],1,-1.0,[-0.54198545 -0.00747054],0
45,[-0.54198545 -0.00747054],1,-1.0,[-0.54931813 -0.00733271],0
45,[-0.54931813 -0.00733271],1,-1.0,[-0.5564582  -0.00714001],0
45,[-0.5564582  -0.00714001],1,-1.0,[-0.5633521  -0.00689396],0
45,[-0.5633521  -0.00689396],1,-1.0,[-0.5699486  -0.00659651],0
45,[-0.5699486  -0.00659651],1,-1.0,[-0.57619864 -0.00625001],0
45,[-0.57619864 -0.00625001],1,-1.0,[-0.5820558  -0.00585715],0
45,[-0.5820558  -0.00585715],1,-1.0,[-0.58747673 -0.00542096],0
45,[-0.58747673 -0.00542096],1,-1.0,[-0.59242153 -0.0049448 ],0
45,[-0.59242153 -0.0049448 ],1,-1.0,[-0.59685385 -0.00443229],0
45,[-0.59685385 -0.00443229],1,-1.0,[-0.60074115 -0.00388729],0
45,[-0.60074115 -0.00388729],1,-1.0,[-0.604055   -0.00331387],0
45,[-0.604055   -0.00331387],1,-1.0,[-0.6067713  -0.00271629],0
45,[-0.6067713  -0.00271629],1,-1.0,[-0.60887027 -0.00209895],0
45,[-0.60887027 -0.00209895],1,-1.0,[-0.61033666 -0.00146637],0
45,[-0.61033666 -0.00146637],1,-1.0,[-0.6111598  -0.00082315],0
45,[-0.6111598  -0.00082315],1,-1.0,[-6.1133379e-01 -1.7397133e-04],0
45,[-6.1133379e-01 -1.7397133e-04],1,-1.0,[-6.108573e-01  4.764698e-04],0
45,[-6.108573e-01  4.764698e-04],1,-1.0,[-0.6097338   0.00112346],0
45,[-0.6097338   0.00112346],1,-1.0,[-0.60797155  0.00176231],0
45,[-0.60797155  0.00176231],1,-1.0,[-0.60558313  0.00238837],0
45,[-0.60558313  0.00238837],1,-1.0,[-0.6025861   0.00299707],0
45,[-0.6025861   0.00299707],1,-1.0,[-0.5990021   0.00358395],0
45,[-0.5990021   0.00358395],1,-1.0,[-0.59485745  0.00414466],0
45,[-0.59485745  0.00414466],1,-1.0,[-0.5901824   0.00467504],0
45,[-0.5901824   0.00467504],1,-1.0,[-0.58501136  0.0051711 ],0
45,[-0.58501136  0.0051711 ],1,-1.0,[-0.57938224  0.0056291 ],0
45,[-0.57938224  0.0056291 ],1,-1.0,[-0.5733367   0.00604552],0
45,[-0.5733367   0.00604552],1,-1.0,[-0.56691957  0.00641717],0
45,[-0.56691957  0.00641717],1,-1.0,[-0.5601784   0.00674117],0
45,[-0.5601784   0.00674117],1,-1.0,[-0.5531634   0.00701496],0
45,[-0.5531634   0.00701496],1,-1.0,[-0.545927    0.00723641],0
45,[-0.545927    0.00723641],1,-1.0,[-0.53852326  0.00740374],0
45,[-0.53852326  0.00740374],1,-1.0,[-0.53100765  0.00751564],0
45,[-0.53100765  0.00751564],1,-1.0,[-0.5234364  0.0075712],0
45,[-0.5234364  0.0075712],1,-1.0,[-0.51586646  0.00756998],0
45,[-0.51586646  0.00756998],1,-1.0,[-0.5083544  0.007512 ],0
45,[-0.5083544  0.007512 ],1,-1.0,[-0.5009568  0.0073977],0
45,[-0.5009568  0.0073977],1,-1.0,[-0.49372873  0.00722802],0
45,[-0.49372873  0.00722802],1,-1.0,[-0.48672444  0.00700429],0
45,[-0.48672444  0.00700429],1,-1.0,[-0.47999614  0.0067283 ],0
45,[-0.47999614  0.0067283 ],1,-1.0,[-0.47359392  0.00640221],0
45,[-0.47359392  0.00640221],1,-1.0,[-0.46756536  0.00602858],0
45,[-0.46756536  0.00602858],1,-1.0,[-0.46195504  0.00561031],0
45,[-0.46195504  0.00561031],1,-1.0,[-0.45680442  0.00515061],0
45,[-0.45680442  0.00515061],1,-1.0,[-0.45215145  0.004653  ],0
45,[-0.45215145  0.004653  ],1,-1.0,[-0.4480302   0.00412124],0
45,[-0.4480302   0.00412124],1,-1.0,[-0.44447088  0.00355931],0
45,[-0.44447088  0.00355931],1,-1.0,[-0.44149947  0.00297141],0
45,[-0.44149947  0.00297141],1,-1.0,[-0.4391376   0.00236187],0
45,[-0.4391376   0.00236187],1,-1.0,[-0.43740243  0.00173517],0
45,[-0.43740243  0.00173517],1,-1.0,[-0.43630654  0.00109588],0
45,[-0.43630654  0.00109588],1,-1.0,[-0.4358579   0.00044865],0
45,[-0.4358579   0.00044865],1,-1.0,[-4.3605974e-01 -2.0183818e-04],0
45,[-4.3605974e-01 -2.0183818e-04],1,-1.0,[-0.4369106  -0.00085086],0
45,[-0.4369106  -0.00085086],1,-1.0,[-0.43840432 -0.00149372],0
45,[-0.43840432 -0.00149372],1,-1.0,[-0.44053006 -0.00212574],0
45,[-0.44053006 -0.00212574],1,-1.0,[-0.44327238 -0.00274233],0
45,[-0.44327238 -0.00274233],1,-1.0,[-0.44661134 -0.00333896],0
45,[-0.44661134 -0.00333896],1,-1.0,[-0.4505226  -0.00391125],0
45,[-0.4505226  -0.00391125],1,-1.0,[-0.45497754 -0.00445494],0
45,[-0.45497754 -0.00445494],1,-1.0,[-0.4599435  -0.00496597],0
45,[-0.4599435  -0.00496597],1,-1.0,[-0.465384   -0.00544049],0
45,[-0.465384   -0.00544049],1,-1.0,[-0.47125888 -0.00587488],0
45,[-0.47125888 -0.00587488],1,-1.0,[-0.4775247  -0.00626582],0
45,[-0.4775247  -0.00626582],1,-1.0,[-0.484135   -0.00661028],0
45,[-0.484135   -0.00661028],1,-1.0,[-0.49104056 -0.00690557],0
45,[-0.49104056 -0.00690557],1,-1.0,[-0.49818993 -0.00714937],0
45,[-0.49818993 -0.00714937],1,-1.0,[-0.50552964 -0.00733975],0
45,[-0.50552964 -0.00733975],1,-1.0,[-0.5130049 -0.0074752],0
45,[-0.5130049 -0.0074752],1,-1.0,[-0.5205595  -0.00755464],0
45,[-0.5205595  -0.00755464],1,-1.0,[-0.52813697 -0.00757743],0
45,[-0.52813697 -0.00757743],1,-1.0,[-0.53568035 -0.0075434 ],0
45,[-0.53568035 -0.0075434 ],1,-1.0,[-0.54313314 -0.00745281],0
45,[-0.54313314 -0.00745281],1,-1.0,[-0.55043954 -0.00730638],0
45,[-0.55043954 -0.00730638],1,-1.0,[-0.5575448 -0.0071053],0
45,[-0.5575448 -0.0071053],1,-1.0,[-0.56439596 -0.00685114],0
45,[-0.56439596 -0.00685114],1,-1.0,[-0.57094187 -0.00654592],0
45,[-0.57094187 -0.00654592],1,-1.0,[-0.57713395 -0.00619204],0
45,[-0.57713395 -0.00619204],1,-1.0,[-0.5829262  -0.00579225],0
45,[-0.5829262  -0.00579225],1,-1.0,[-0.58827585 -0.00534964],0
45,[-0.58827585 -0.00534964],1,-1.0,[-0.5931434 -0.0048676],0
45,[-0.5931434 -0.0048676],1,-1.0,[-0.59749323 -0.00434979],0
45,[-0.59749323 -0.00434979],1,-1.0,[-0.6012933  -0.00380011],0
45,[-0.6012933  -0.00380011],1,-1.0,[-0.604516   -0.00322267],0
45,[-0.604516   -0.00322267],1,-1.0,[-0.60713774 -0.00262173],0
45,[-0.60713774 -0.00262173],1,-1.0,[-0.60913944 -0.00200173],0
45,[-0.60913944 -0.00200173],1,-1.0,[-0.61050665 -0.00136719],0
45,[-0.61050665 -0.00136719],1,-1.0,[-0.6112294  -0.00072274],0
45,[-0.6112294  -0.00072274],1,-1.0,[-6.1130244e-01 -7.3054427e-05],0
45,[-6.1130244e-01 -7.3054427e-05],1,-1.0,[-6.107253e-01  5.771600e-04],0
45,[-6.107253e-01  5.771600e-04],1,-1.0,[-0.6095021   0.00122319],0
45,[-0.6095021   0.00122319],1,-1.0,[-0.60764176  0.00186036],0
45,[-0.60764176  0.00186036],1,-1.0,[-0.60515773  0.00248403],0
45,[-0.60515773  0.00248403],1,-1.0,[-0.60206807  0.00308963],0
45,[-0.60206807  0.00308963],1,-1.0,[-0.59839535  0.00367273],0
45,[-0.59839535  0.00367273],1,-1.0,[-0.59416634  0.00422901],0
45,[-0.59416634  0.00422901],1,-1.0,[-0.58941203  0.00475432],0
45,[-0.58941203  0.00475432],1,-1.0,[-0.5841673   0.00524472],0
45,[-0.5841673   0.00524472],1,-1.0,[-0.5784708   0.00569649],0
45,[-0.5784708   0.00569649],1,-1.0,[-0.5723646   0.00610617],0
45,[-0.5723646   0.00610617],1,-1.0,[-0.565894    0.00647061],0
45,[-0.565894    0.00647061],1,-1.0,[-0.559107    0.00678698],0
45,[-0.559107    0.00678698],1,-1.0,[-0.5520542   0.00705279],0
45,[-0.5520542   0.00705279],1,-1.0,[-0.5447883   0.00726594],0
45,[-0.5447883   0.00726594],1,-1.0,[-0.5373635   0.00742476],0
45,[-0.5373635   0.00742476],1,-1.0,[-0.5298356   0.00752796],0
45,[-0.5298356   0.00752796],1,-1.0,[-0.52226084  0.00757474],1
46,"(array([-0.5262752,  0.       ], dtype=float32), {})",1,-1.0,[-5.2625513e-01  2.0073163e-05],0
46,[-5.2625513e-01  2.0073163e-05],1,-1.0,[-5.2621514e-01  3.9995783e-05],0
46,[-5.2621514e-01  3.9995783e-05],1,-1.0,[-5.2615553e-01  5.9618444e-05],0
46,[-5.2615553e-01  5.9618444e-05],1,-1.0,[-5.2607673e-01  7.8793979e-05],0
46,[-5.2607673e-01  7.8793979e-05],1,-1.0,[-5.2597934e-01  9.7378579e-05],0
46,[-5.2597934e-01  9.7378579e-05],1,-1.0,[-5.25864124e-01  1.15232855e-04],0
46,[-5.25864124e-01  1.15232855e-04],1,-1.0,[-5.257319e-01  1.322229e-04],0
46,[-5.257319e-01  1.322229e-04],1,-1.0,[-5.2558368e-01  1.4822131e-04],0
46,[-5.2558368e-01  1.4822131e-04],1,-1.0,[-5.2542061e-01  1.6310807e-04],0
46,[-5.2542061e-01  1.6310807e-04],1,-1.0,[-5.2524382e-01  1.7677154e-04],0
46,[-5.2524382e-01  1.7677154e-04],1,-1.0,[-5.2505469e-01  1.8910925e-04],0
46,[-5.2505469e-01  1.8910925e-04],1,-1.0,[-5.2485466e-01  2.0002865e-04],0
46,[-5.2485466e-01  2.0002865e-04],1,-1.0,[-5.2464521e-01  2.0944784e-04],0
46,[-5.2464521e-01  2.0944784e-04],1,-1.0,[-5.2442795e-01  2.1729620e-04],0
46,[-5.2442795e-01  2.1729620e-04],1,-1.0,[-5.2420443e-01  2.2351483e-04],0
46,[-5.2420443e-01  2.2351483e-04],1,-1.0,[-5.239763e-01  2.280571e-04],0
46,[-5.239763e-01  2.280571e-04],1,-1.0,[-5.2374548e-01  2.3088895e-04],0
46,[-5.2374548e-01  2.3088895e-04],1,-1.0,[-5.2351350e-01  2.3198914e-04],0
46,[-5.2351350e-01  2.3198914e-04],1,-1.0,[-5.232821e-01  2.313494e-04],0
46,[-5.232821e-01  2.313494e-04],1,-1.0,[-5.2305317e-01  2.2897455e-04],0
46,[-5.2305317e-01  2.2897455e-04],1,-1.0,[-5.2282828e-01  2.2488239e-04],0
46,[-5.2282828e-01  2.2488239e-04],1,-1.0,[-5.226092e-01  2.191036e-04],0
46,[-5.226092e-01  2.191036e-04],1,-1.0,[-5.2239746e-01  2.1168156e-04],0
46,[-5.2239746e-01  2.1168156e-04],1,-1.0,[-5.221948e-01  2.026719e-04],0
46,[-5.221948e-01  2.026719e-04],1,-1.0,[-5.2200270e-01  1.9214222e-04],0
46,[-5.2200270e-01  1.9214222e-04],1,-1.0,[-5.218225e-01  1.801715e-04],0
46,[-5.218225e-01  1.801715e-04],1,-1.0,[-5.216557e-01  1.668495e-04],0
46,[-5.216557e-01  1.668495e-04],1,-1.0,[-5.2150339e-01  1.5227614e-04],0
46,[-5.2150339e-01  1.5227614e-04],1,-1.0,[-5.2136683e-01  1.3656073e-04],0
46,[-5.2136683e-01  1.3656073e-04],1,-1.0,[-5.2124697e-01  1.1982115e-04],0
46,[-5.2124697e-01  1.1982115e-04],1,-1.0,[-5.2114481e-01  1.0218292e-04],0
46,[-5.2114481e-01  1.0218292e-04],1,-1.0,[-5.210610e-01  8.377835e-05],0
46,[-5.210610e-01  8.377835e-05],1,-1.0,[-5.209963e-01  6.474546e-05],0
46,[-5.209963e-01  6.474546e-05],1,-1.0,[-5.2095103e-01  4.5226981e-05],0
46,[-5.2095103e-01  4.5226981e-05],1,-1.0,[-5.2092570e-01  2.5369318e-05],0
46,[-5.2092570e-01  2.5369318e-05],1,-1.0,[-5.2092040e-01  5.3213903e-06],0
46,[-5.2092040e-01  5.3213903e-06],1,-1.0,[-5.2093512e-01 -1.4766447e-05],0
46,[-5.2093512e-01 -1.4766447e-05],1,-1.0,[-5.2096987e-01 -3.4743538e-05],0
46,[-5.2096987e-01 -3.4743538e-05],1,-1.0,[-5.2102435e-01 -5.4460063e-05],0
46,[-5.2102435e-01 -5.4460063e-05],1,-1.0,[-5.210981e-01 -7.376815e-05],0
46,[-5.210981e-01 -7.376815e-05],1,-1.0,[-5.2119064e-01 -9.2522991e-05],0
46,[-5.2119064e-01 -9.2522991e-05],1,-1.0,[-5.21301210e-01 -1.10583926e-04],0
46,[-5.21301210e-01 -1.10583926e-04],1,-1.0,[-5.2142900e-01 -1.2781551e-04],0
46,[-5.2142900e-01 -1.2781551e-04],1,-1.0,[-5.215731e-01 -1.440885e-04],0
46,[-5.215731e-01 -1.440885e-04],1,-1.0,[-5.2173239e-01 -1.5928083e-04],0
46,[-5.2173239e-01 -1.5928083e-04],1,-1.0,[-5.2190566e-01 -1.7327859e-04],0
46,[-5.2190566e-01 -1.7327859e-04],1,-1.0,[-5.2209163e-01 -1.8597677e-04],0
46,[-5.2209163e-01 -1.8597677e-04],1,-1.0,[-5.2228892e-01 -1.9728014e-04],0
46,[-5.2228892e-01 -1.9728014e-04],1,-1.0,[-5.2249604e-01 -2.0710393e-04],0
46,[-5.2249604e-01 -2.0710393e-04],1,-1.0,[-5.2271140e-01 -2.1537446e-04],0
46,[-5.2271140e-01 -2.1537446e-04],1,-1.0,[-5.2293342e-01 -2.2202967e-04],0
46,[-5.2293342e-01 -2.2202967e-04],1,-1.0,[-5.2316046e-01 -2.2701967e-04],0
46,[-5.2316046e-01 -2.2701967e-04],1,-1.0,[-5.2339077e-01 -2.3030702e-04],0
46,[-5.2339077e-01 -2.3030702e-04],1,-1.0,[-5.2362263e-01 -2.3186707e-04],0
46,[-5.2362263e-01 -2.3186707e-04],1,-1.0,[-5.2385432e-01 -2.3168811e-04],0
46,[-5.2385432e-01 -2.3168811e-04],1,-1.0,[-5.2408409e-01 -2.2977151e-04],0
46,[-5.2408409e-01 -2.2977151e-04],1,-1.0,[-5.2431023e-01 -2.2613161e-04],0
46,[-5.2431023e-01 -2.2613161e-04],1,-1.0,[-5.2453101e-01 -2.2079573e-04],0
46,[-5.2453101e-01 -2.2079573e-04],1,-1.0,[-5.2474481e-01 -2.1380388e-04],0
46,[-5.2474481e-01 -2.1380388e-04],1,-1.0,[-5.2495003e-01 -2.0520852e-04],0
46,[-5.2495003e-01 -2.0520852e-04],1,-1.0,[-5.251451e-01 -1.950741e-04],0
46,[-5.251451e-01 -1.950741e-04],1,-1.0,[-5.2532858e-01 -1.8347664e-04],0
46,[-5.2532858e-01 -1.8347664e-04],1,-1.0,[-5.2549911e-01 -1.7050312e-04],0
46,[-5.2549911e-01 -1.7050312e-04],1,-1.0,[-5.2565533e-01 -1.5625086e-04],0
46,[-5.2565533e-01 -1.5625086e-04],1,-1.0,[-5.2579618e-01 -1.4082671e-04],0
46,[-5.2579618e-01 -1.4082671e-04],1,-1.0,[-5.259205e-01 -1.243464e-04],0
46,[-5.259205e-01 -1.243464e-04],1,-1.0,[-5.2602744e-01 -1.0693351e-04],0
46,[-5.2602744e-01 -1.0693351e-04],1,-1.0,[-5.261162e-01 -8.871864e-05],0
46,[-5.261162e-01 -8.871864e-05],1,-1.0,[-5.26186e-01 -6.98384e-05],0
46,[-5.26186e-01 -6.98384e-05],1,-1.0,[-5.2623641e-01 -5.0434384e-05],0
46,[-5.2623641e-01 -5.0434384e-05],1,-1.0,[-5.2626711e-01 -3.0652125e-05],0
46,[-5.2626711e-01 -3.0652125e-05],1,-1.0,[-5.262777e-01 -1.063998e-05],0
46,[-5.262777e-01 -1.063998e-05],1,-1.0,[-5.262683e-01  9.451961e-06],0
46,[-5.262683e-01  9.451961e-06],1,-1.0,[-5.2623880e-01  2.9473016e-05],0
46,[-5.2623880e-01  2.9473016e-05],1,-1.0,[-5.261895e-01  4.927303e-05],0
46,[-5.261895e-01  4.927303e-05],1,-1.0,[-5.2612084e-01  6.8703506e-05],0
46,[-5.2612084e-01  6.8703506e-05],1,-1.0,[-5.2603322e-01  8.7618726e-05],0
46,[-5.2603322e-01  8.7618726e-05],1,-1.0,[-5.2592731e-01  1.0587682e-04],0
46,[-5.2592731e-01  1.0587682e-04],1,-1.0,[-5.2580398e-01  1.2334085e-04],0
46,[-5.2580398e-01  1.2334085e-04],1,-1.0,[-5.2566409e-01  1.3987986e-04],0
46,[-5.2566409e-01  1.3987986e-04],1,-1.0,[-5.2550876e-01  1.5536978e-04],0
46,[-5.2550876e-01  1.5536978e-04],1,-1.0,[-5.2533907e-01  1.6969445e-04],0
46,[-5.2533907e-01  1.6969445e-04],1,-1.0,[-5.2515632e-01  1.8274644e-04],0
46,[-5.2515632e-01  1.8274644e-04],1,-1.0,[-5.2496189e-01  1.9442785e-04],0
46,[-5.2496189e-01  1.9442785e-04],1,-1.0,[-5.2475721e-01  2.0465105e-04],0
46,[-5.2475721e-01  2.0465105e-04],1,-1.0,[-5.2454388e-01  2.1333939e-04],0
46,[-5.2454388e-01  2.1333939e-04],1,-1.0,[-5.2432346e-01  2.2042768e-04],0
46,[-5.2432346e-01  2.2042768e-04],1,-1.0,[-5.2409762e-01  2.2586278e-04],0
46,[-5.2409762e-01  2.2586278e-04],1,-1.0,[-5.2386796e-01  2.2960390e-04],0
46,[-5.2386796e-01  2.2960390e-04],1,-1.0,[-5.2363634e-01  2.3162301e-04],0
46,[-5.2363634e-01  2.3162301e-04],1,-1.0,[-5.2340448e-01  2.3190494e-04],0
46,[-5.2340448e-01  2.3190494e-04],1,-1.0,[-5.2317399e-01  2.3044758e-04],0
46,[-5.2317399e-01  2.3044758e-04],1,-1.0,[-5.2294677e-01  2.2726186e-04],0
46,[-5.2294677e-01  2.2726186e-04],1,-1.0,[-5.2272439e-01  2.2237169e-04],0
46,[-5.2272439e-01  2.2237169e-04],1,-1.0,[-5.2250856e-01  2.1581372e-04],0
46,[-5.2250856e-01  2.1581372e-04],1,-1.0,[-5.2230096e-01  2.0763716e-04],0
46,[-5.2230096e-01  2.0763716e-04],1,-1.0,[-5.2210301e-01  1.9790334e-04],0
46,[-5.2210301e-01  1.9790334e-04],1,-1.0,[-5.2191633e-01  1.8668525e-04],0
46,[-5.2191633e-01  1.8668525e-04],1,-1.0,[-5.2174228e-01  1.7406704e-04],0
46,[-5.2174228e-01  1.7406704e-04],1,-1.0,[-5.2158213e-01  1.6014335e-04],0
46,[-5.2158213e-01  1.6014335e-04],1,-1.0,[-5.214371e-01  1.450186e-04],0
46,[-5.214371e-01  1.450186e-04],1,-1.0,[-5.2130830e-01  1.2880623e-04],0
46,[-5.2130830e-01  1.2880623e-04],1,-1.0,[-5.21196663e-01  1.11627836e-04],0
46,[-5.21196663e-01  1.11627836e-04],1,-1.0,[-5.211031e-01  9.361225e-05],0
46,[-5.211031e-01  9.361225e-05],1,-1.0,[-5.2102816e-01  7.4894604e-05],0
46,[-5.2102816e-01  7.4894604e-05],1,-1.0,[-5.2097255e-01  5.5615252e-05],0
46,[-5.2097255e-01  5.5615252e-05],1,-1.0,[-5.2093661e-01  3.5918805e-05],0
46,[-5.2093661e-01  3.5918805e-05],1,-1.0,[-5.2092069e-01  1.5952972e-05],0
46,[-5.2092069e-01  1.5952972e-05],1,-1.0,[-5.2092481e-01 -4.1325025e-06],0
46,[-5.2092481e-01 -4.1325025e-06],1,-1.0,[-5.2094901e-01 -2.4186986e-05],0
46,[-5.2094901e-01 -2.4186986e-05],1,-1.0,[-5.2099305e-01 -4.4060071e-05],0
46,[-5.2099305e-01 -4.4060071e-05],1,-1.0,[-5.2105665e-01 -6.3602718e-05],0
46,[-5.2105665e-01 -6.3602718e-05],1,-1.0,[-5.211393e-01 -8.266835e-05],0
46,[-5.211393e-01 -8.266835e-05],1,-1.0,[-5.212405e-01 -1.011140e-04],0
46,[-5.212405e-01 -1.011140e-04],1,-1.0,[-5.2135926e-01 -1.1880131e-04],0
46,[-5.2135926e-01 -1.1880131e-04],1,-1.0,[-5.2149487e-01 -1.3559763e-04],0
46,[-5.2149487e-01 -1.3559763e-04],1,-1.0,[-5.2164620e-01 -1.5137698e-04],0
46,[-5.2164620e-01 -1.5137698e-04],1,-1.0,[-5.2181226e-01 -1.6602104e-04],0
46,[-5.2181226e-01 -1.6602104e-04],1,-1.0,[-5.2199167e-01 -1.7941996e-04],0
46,[-5.2199167e-01 -1.7941996e-04],1,-1.0,[-5.2218312e-01 -1.9147324e-04],0
46,[-5.2218312e-01 -1.9147324e-04],1,-1.0,[-5.2238524e-01 -2.0209049e-04],0
46,[-5.2238524e-01 -2.0209049e-04],1,-1.0,[-5.2259642e-01 -2.1119206e-04],0
46,[-5.2259642e-01 -2.1119206e-04],1,-1.0,[-5.2281511e-01 -2.1870971e-04],0
46,[-5.2281511e-01 -2.1870971e-04],1,-1.0,[-5.2303970e-01 -2.2458706e-04],0
46,[-5.2303970e-01 -2.2458706e-04],1,-1.0,[-5.2326852e-01 -2.2877999e-04],0
46,[-5.2326852e-01 -2.2877999e-04],1,-1.0,[-5.2349973e-01 -2.3125707e-04],0
46,[-5.2349973e-01 -2.3125707e-04],1,-1.0,[-5.2373177e-01 -2.3199973e-04],0
46,[-5.2373177e-01 -2.3199973e-04],1,-1.0,[-5.2396274e-01 -2.3100238e-04],0
46,[-5.2396274e-01 -2.3100238e-04],1,-1.0,[-5.2419102e-01 -2.2827253e-04],0
46,[-5.2419102e-01 -2.2827253e-04],1,-1.0,[-5.2441484e-01 -2.2383063e-04],0
46,[-5.2441484e-01 -2.2383063e-04],1,-1.0,[-5.246326e-01 -2.177100e-04],0
46,[-5.246326e-01 -2.177100e-04],1,-1.0,[-5.2484250e-01 -2.0995656e-04],0
46,[-5.2484250e-01 -2.0995656e-04],1,-1.0,[-5.2504313e-01 -2.0062845e-04],0
46,[-5.2504313e-01 -2.0062845e-04],1,-1.0,[-5.2523297e-01 -1.8979564e-04],0
46,[-5.2523297e-01 -1.8979564e-04],1,-1.0,[-5.2541047e-01 -1.7753938e-04],0
46,[-5.2541047e-01 -1.7753938e-04],1,-1.0,[-5.2557445e-01 -1.6395158e-04],0
46,[-5.2557445e-01 -1.6395158e-04],1,-1.0,[-5.2572358e-01 -1.4913418e-04],0
46,[-5.2572358e-01 -1.4913418e-04],1,-1.0,[-5.2585679e-01 -1.3319828e-04],0
46,[-5.2585679e-01 -1.3319828e-04],1,-1.0,[-5.2597302e-01 -1.1626343e-04],0
46,[-5.2597302e-01 -1.1626343e-04],1,-1.0,[-5.2607149e-01 -9.8456614e-05],0
46,[-5.2607149e-01 -9.8456614e-05],1,-1.0,[-5.261514e-01 -7.991140e-05],0
46,[-5.261514e-01 -7.991140e-05],1,-1.0,[-5.2621216e-01 -6.0766859e-05],0
46,[-5.2621216e-01 -6.0766859e-05],1,-1.0,[-5.2625334e-01 -4.1166586e-05],0
46,[-5.2625334e-01 -4.1166586e-05],1,-1.0,[-5.262746e-01 -2.125757e-05],0
46,[-5.262746e-01 -2.125757e-05],1,-1.0,[-5.2627581e-01 -1.1891304e-06],0
46,[-5.2627581e-01 -1.1891304e-06],1,-1.0,[-5.2625692e-01  1.8888228e-05],0
46,[-5.2625692e-01  1.8888228e-05],1,-1.0,[-5.2621806e-01  3.8823931e-05],0
46,[-5.2621806e-01  3.8823931e-05],1,-1.0,[-5.261596e-01  5.846846e-05],0
46,[-5.261596e-01  5.846846e-05],1,-1.0,[-5.260819e-01  7.767449e-05],0
46,[-5.260819e-01  7.767449e-05],1,-1.0,[-5.2598566e-01  9.6297983e-05],0
46,[-5.2598566e-01  9.6297983e-05],1,-1.0,[-5.25871456e-01  1.14199254e-04],0
46,[-5.25871456e-01  1.14199254e-04],1,-1.0,[-5.2574021e-01  1.3124406e-04],0
46,[-5.2574021e-01  1.3124406e-04],1,-1.0,[-5.2559286e-01  1.4730454e-04],0
46,[-5.2559286e-01  1.4730454e-04],1,-1.0,[-5.2543062e-01  1.6226027e-04],0
46,[-5.2543062e-01  1.6226027e-04],1,-1.0,[-5.2525461e-01  1.7599907e-04],0
46,[-5.2525461e-01  1.7599907e-04],1,-1.0,[-5.250662e-01  1.884179e-04],0
46,[-5.250662e-01  1.884179e-04],1,-1.0,[-5.2486676e-01  1.9942359e-04],0
46,[-5.2486676e-01  1.9942359e-04],1,-1.0,[-5.2465785e-01  2.0893363e-04],0
46,[-5.2465785e-01  2.0893363e-04],1,-1.0,[-5.2444094e-01  2.1687668e-04],0
46,[-5.2444094e-01  2.1687668e-04],1,-1.0,[-5.2421778e-01  2.2319316e-04],0
46,[-5.2421778e-01  2.2319316e-04],1,-1.0,[-5.2398992e-01  2.2783568e-04],0
46,[-5.2398992e-01  2.2783568e-04],1,-1.0,[-5.2375919e-01  2.3076945e-04],0
46,[-5.2375919e-01  2.3076945e-04],1,-1.0,[-5.2352720e-01  2.3197244e-04],0
46,[-5.2352720e-01  2.3197244e-04],1,-1.0,[-5.2329576e-01  2.3143565e-04],0
46,[-5.2329576e-01  2.3143565e-04],1,-1.0,[-5.230666e-01  2.291631e-04],0
46,[-5.230666e-01  2.291631e-04],1,-1.0,[-5.2284145e-01  2.2517181e-04],0
46,[-5.2284145e-01  2.2517181e-04],1,-1.0,[-5.2262193e-01  2.1949173e-04],0
46,[-5.2262193e-01  2.1949173e-04],1,-1.0,[-5.2240980e-01  2.1216548e-04],0
46,[-5.2240980e-01  2.1216548e-04],1,-1.0,[-5.2220654e-01  2.0324800e-04],0
46,[-5.2220654e-01  2.0324800e-04],1,-1.0,[-5.2201372e-01  1.9280615e-04],0
46,[-5.2201372e-01  1.9280615e-04],1,-1.0,[-5.2183282e-01  1.8091829e-04],0
46,[-5.2183282e-01  1.8091829e-04],1,-1.0,[-5.2166516e-01  1.6767356e-04],0
46,[-5.2166516e-01  1.6767356e-04],1,-1.0,[-5.2151197e-01  1.5317129e-04],0
46,[-5.2151197e-01  1.5317129e-04],1,-1.0,[-5.2137446e-01  1.3752026e-04],0
46,[-5.2137446e-01  1.3752026e-04],1,-1.0,[-5.21253586e-01  1.20837845e-04],0
46,[-5.21253586e-01  1.20837845e-04],1,-1.0,[-5.2115035e-01  1.0324917e-04],0
46,[-5.2115035e-01  1.0324917e-04],1,-1.0,[-5.2106547e-01  8.4886145e-05],0
46,[-5.2106547e-01  8.4886145e-05],1,-1.0,[-5.2099955e-01  6.5886496e-05],0
46,[-5.2099955e-01  6.5886496e-05],1,-1.0,[-5.2095318e-01  4.6392706e-05],0
46,[-5.2095318e-01  4.6392706e-05],1,-1.0,[-5.2092665e-01  2.6550984e-05],0
46,[-5.2092665e-01  2.6550984e-05],1,-1.0,[-5.209201e-01  6.510138e-06],0
46,[-5.209201e-01  6.510138e-06],1,-1.0,[-5.20933688e-01 -1.35795335e-05],0
46,[-5.20933688e-01 -1.35795335e-05],1,-1.0,[-5.2096725e-01 -3.3567361e-05],0
46,[-5.2096725e-01 -3.3567361e-05],1,-1.0,[-5.2102059e-01 -5.3303444e-05],0
46,[-5.2102059e-01 -5.3303444e-05],1,-1.0,[-5.210932e-01 -7.263976e-05],0
46,[-5.210932e-01 -7.263976e-05],1,-1.0,[-5.211846e-01 -9.143129e-05],0
46,[-5.211846e-01 -9.143129e-05],1,-1.0,[-5.2129418e-01 -1.0953711e-04],0
46,[-5.2129418e-01 -1.0953711e-04],1,-1.0,[-5.2142102e-01 -1.2682143e-04],0
46,[-5.2142102e-01 -1.2682143e-04],1,-1.0,[-5.215642e-01 -1.431546e-04],0
46,[-5.215642e-01 -1.431546e-04],1,-1.0,[-5.2172256e-01 -1.5841413e-04],0
46,[-5.2172256e-01 -1.5841413e-04],1,-1.0,[-5.2189505e-01 -1.7248558e-04],0
46,[-5.2189505e-01 -1.7248558e-04],1,-1.0,[-5.220803e-01 -1.852634e-04],0
46,[-5.220803e-01 -1.852634e-04],1,-1.0,[-5.2227700e-01 -1.9665177e-04],0
46,[-5.2227700e-01 -1.9665177e-04],1,-1.0,[-5.2248353e-01 -2.0656527e-04],0
46,[-5.2248353e-01 -2.0656527e-04],1,-1.0,[-5.2269846e-01 -2.1492952e-04],0
46,[-5.2269846e-01 -2.1492952e-04],1,-1.0,[-5.2292013e-01 -2.2168182e-04],0
46,[-5.2292013e-01 -2.2168182e-04],1,-1.0,[-5.2314693e-01 -2.2677152e-04],0
46,[-5.2314693e-01 -2.2677152e-04],1,-1.0,[-5.2337706e-01 -2.3016041e-04],0
46,[-5.2337706e-01 -2.3016041e-04],1,-1.0,[-5.2360892e-01 -2.3182311e-04],0
46,[-5.2360892e-01 -2.3182311e-04],1,-1.0,[-5.2384067e-01 -2.3174715e-04],1
47,"(array([-0.58729225,  0.        ], dtype=float32), {})",1,-1.0,[-5.8681744e-01  4.7479945e-04],0
47,[-5.8681744e-01  4.7479945e-04],1,-1.0,[-0.58587134  0.0009461 ],0
47,[-0.58587134  0.0009461 ],1,-1.0,[-0.5844609   0.00141043],0
47,[-0.5844609   0.00141043],1,-1.0,[-0.58259654  0.00186437],0
47,[-0.58259654  0.00186437],1,-1.0,[-0.580292    0.00230455],0
47,[-0.580292    0.00230455],1,-1.0,[-0.5775643  0.0027277],0
47,[-0.5775643  0.0027277],1,-1.0,[-0.5744336   0.00313067],0
47,[-0.5744336   0.00313067],1,-1.0,[-0.57092315  0.00351046],0
47,[-0.57092315  0.00351046],1,-1.0,[-0.567059   0.0038642],0
47,[-0.567059   0.0038642],1,-1.0,[-0.5628697   0.00418923],0
47,[-0.5628697   0.00418923],1,-1.0,[-0.5583867   0.00448308],0
47,[-0.5583867   0.00448308],1,-1.0,[-0.55364317  0.00474352],0
47,[-0.55364317  0.00474352],1,-1.0,[-0.5486746   0.00496854],0
47,[-0.5486746   0.00496854],1,-1.0,[-0.5435182   0.00515644],0
47,[-0.5435182   0.00515644],1,-1.0,[-0.5382124   0.00530574],0
47,[-0.5382124   0.00530574],1,-1.0,[-0.5327971   0.00541531],0
47,[-0.5327971   0.00541531],1,-1.0,[-0.5273128   0.00548429],0
47,[-0.5273128   0.00548429],1,-1.0,[-0.5218007   0.00551214],0
47,[-0.5218007   0.00551214],1,-1.0,[-0.51630205  0.00549866],0
47,[-0.51630205  0.00549866],1,-1.0,[-0.5108581   0.00544394],0
47,[-0.5108581   0.00544394],1,-1.0,[-0.5055097  0.0053484],0
47,[-0.5055097  0.0053484],1,-1.0,[-0.5002969  0.0052128],0
47,[-0.5002969  0.0052128],1,-1.0,[-0.49525872  0.00503818],0
47,[-0.49525872  0.00503818],1,-1.0,[-0.49043283  0.00482589],0
47,[-0.49043283  0.00482589],1,-1.0,[-0.48585525  0.00457755],0
47,[-0.48585525  0.00457755],1,-1.0,[-0.4815602   0.00429508],0
47,[-0.4815602   0.00429508],1,-1.0,[-0.47757956  0.00398063],0
47,[-0.47757956  0.00398063],1,-1.0,[-0.473943    0.00363658],0
47,[-0.473943    0.00363658],1,-1.0,[-0.47067744  0.00326553],0
47,[-0.47067744  0.00326553],1,-1.0,[-0.46780717  0.00287029],0
47,[-0.46780717  0.00287029],1,-1.0,[-0.46535337  0.0024538 ],0
47,[-0.46535337  0.0024538 ],1,-1.0,[-0.46333417  0.00201918],0
47,[-0.46333417  0.00201918],1,-1.0,[-0.4617645   0.00156966],0
47,[-0.4617645   0.00156966],1,-1.0,[-0.46065596  0.00110855],0
47,[-0.46065596  0.00110855],1,-1.0,[-0.46001667  0.00063928],0
47,[-0.46001667  0.00063928],1,-1.0,[-4.5985138e-01  1.6530463e-04],0
47,[-4.5985138e-01  1.6530463e-04],1,-1.0,[-4.6016127e-01 -3.0989188e-04],0
47,[-4.6016127e-01 -3.0989188e-04],1,-1.0,[-0.46094406 -0.00078281],0
47,[-0.46094406 -0.00078281],1,-1.0,[-0.46219403 -0.00124995],0
47,[-0.46219403 -0.00124995],1,-1.0,[-0.4639019  -0.00170789],0
47,[-0.4639019  -0.00170789],1,-1.0,[-0.46605515 -0.00215323],0
47,[-0.46605515 -0.00215323],1,-1.0,[-0.4686378  -0.00258266],0
47,[-0.4686378  -0.00258266],1,-1.0,[-0.4716308  -0.00299301],0
47,[-0.4716308  -0.00299301],1,-1.0,[-0.475012   -0.00338119],0
47,[-0.475012   -0.00338119],1,-1.0,[-0.4787563 -0.0037443],0
47,[-0.4787563 -0.0037443],1,-1.0,[-0.48283592 -0.00407961],0
47,[-0.48283592 -0.00407961],1,-1.0,[-0.48722047 -0.00438457],0
47,[-0.48722047 -0.00438457],1,-1.0,[-0.49187732 -0.00465686],0
47,[-0.49187732 -0.00465686],1,-1.0,[-0.49677175 -0.00489441],0
47,[-0.49677175 -0.00489441],1,-1.0,[-0.5018671 -0.0050954],0
47,[-0.5018671 -0.0050954],1,-1.0,[-0.50712544 -0.00525827],0
47,[-0.50712544 -0.00525827],1,-1.0,[-0.5125072  -0.00538177],0
47,[-0.5125072  -0.00538177],1,-1.0,[-0.5179721  -0.00546494],0
47,[-0.5179721  -0.00546494],1,-1.0,[-0.5234793  -0.00550714],0
47,[-0.5234793  -0.00550714],1,-1.0,[-0.5289873  -0.00550804],0
47,[-0.5289873  -0.00550804],1,-1.0,[-0.53445494 -0.00546762],0
47,[-0.53445494 -0.00546762],1,-1.0,[-0.5398412  -0.00538622],0
47,[-0.5398412  -0.00538622],1,-1.0,[-0.5451056  -0.00526445],0
47,[-0.5451056  -0.00526445],1,-1.0,[-0.55020887 -0.00510326],0
47,[-0.55020887 -0.00510326],1,-1.0,[-0.5551127  -0.00490389],0
47,[-0.5551127  -0.00490389],1,-1.0,[-0.55978066 -0.00466789],0
47,[-0.55978066 -0.00466789],1,-1.0,[-0.5641777  -0.00439706],0
47,[-0.5641777  -0.00439706],1,-1.0,[-0.56827116 -0.00409347],0
47,[-0.56827116 -0.00409347],1,-1.0,[-0.5720306  -0.00375943],0
47,[-0.5720306  -0.00375943],1,-1.0,[-0.57542807 -0.00339747],0
47,[-0.57542807 -0.00339747],1,-1.0,[-0.5784384  -0.00301031],0
47,[-0.5784384  -0.00301031],1,-1.0,[-0.58103925 -0.00260087],0
47,[-0.58103925 -0.00260087],1,-1.0,[-0.5832114  -0.00217219],0
47,[-0.5832114  -0.00217219],1,-1.0,[-0.58493894 -0.00172748],0
47,[-0.58493894 -0.00172748],1,-1.0,[-0.58620894 -0.00127002],0
47,[-0.58620894 -0.00127002],1,-1.0,[-0.5870121 -0.0008032],0
47,[-0.5870121 -0.0008032],1,-1.0,[-5.8734262e-01 -3.3046197e-04],0
47,[-5.8734262e-01 -3.3046197e-04],1,-1.0,[-5.8719790e-01  1.4470814e-04],0
47,[-5.8719790e-01  1.4470814e-04],1,-1.0,[-0.5865791   0.00061881],0
47,[-0.5865791   0.00061881],1,-1.0,[-0.5854907   0.00108836],0
47,[-0.5854907   0.00108836],1,-1.0,[-0.5839408   0.00154989],0
47,[-0.5839408   0.00154989],1,-1.0,[-0.5819408   0.00199998],0
47,[-0.5819408   0.00199998],1,-1.0,[-0.5795055   0.00243532],0
47,[-0.5795055   0.00243532],1,-1.0,[-0.5766529   0.00285266],0
47,[-0.5766529   0.00285266],1,-1.0,[-0.57340395  0.00324888],0
47,[-0.57340395  0.00324888],1,-1.0,[-0.569783    0.00362104],0
47,[-0.569783    0.00362104],1,-1.0,[-0.56581664  0.00396631],0
47,[-0.56581664  0.00396631],1,-1.0,[-0.5615345  0.0042821],0
47,[-0.5615345  0.0042821],1,-1.0,[-0.55696857  0.004566  ],0
47,[-0.55696857  0.004566  ],1,-1.0,[-0.5521527   0.00481586],0
47,[-0.5521527   0.00481586],1,-1.0,[-0.54712296  0.00502975],0
47,[-0.54712296  0.00502975],1,-1.0,[-0.5419169   0.00520603],0
47,[-0.5419169   0.00520603],1,-1.0,[-0.5365735   0.00534335],0
47,[-0.5365735   0.00534335],1,-1.0,[-0.53113294  0.00544064],0
47,[-0.53113294  0.00544064],1,-1.0,[-0.5256358   0.00549714],0
47,[-0.5256358   0.00549714],1,-1.0,[-0.52012336  0.00551242],0
47,[-0.52012336  0.00551242],1,-1.0,[-0.514637    0.00548635],0
47,[-0.514637    0.00548635],1,-1.0,[-0.50921786  0.00541915],0
47,[-0.50921786  0.00541915],1,-1.0,[-0.50390655  0.00531132],0
47,[-0.50390655  0.00531132],1,-1.0,[-0.49874282  0.00516372],0
47,[-0.49874282  0.00516372],1,-1.0,[-0.49376535  0.00497747],0
47,[-0.49376535  0.00497747],1,-1.0,[-0.48901135  0.00475402],0
47,[-0.48901135  0.00475402],1,-1.0,[-0.48451626  0.00449508],0
47,[-0.48451626  0.00449508],1,-1.0,[-0.48031363  0.00420263],0
47,[-0.48031363  0.00420263],1,-1.0,[-0.47643474  0.0038789 ],0
47,[-0.47643474  0.0038789 ],1,-1.0,[-0.47290838  0.00352635],0
47,[-0.47290838  0.00352635],1,-1.0,[-0.46976075  0.00314764],0
47,[-0.46976075  0.00314764],1,-1.0,[-0.46701515  0.0027456 ],0
47,[-0.46701515  0.0027456 ],1,-1.0,[-0.46469188  0.00232326],0
47,[-0.46469188  0.00232326],1,-1.0,[-0.4628081   0.00188376],0
47,[-0.4628081   0.00188376],1,-1.0,[-0.46137777  0.00143035],0
47,[-0.46137777  0.00143035],1,-1.0,[-0.46041137  0.0009664 ],0
47,[-0.46041137  0.0009664 ],1,-1.0,[-0.45991606  0.00049532],0
47,[-0.45991606  0.00049532],1,-1.0,[-4.5989543e-01  2.0604533e-05],0
47,[-4.5989543e-01  2.0604533e-05],1,-1.0,[-4.603497e-01 -4.542675e-04],0
47,[-4.603497e-01 -4.542675e-04],1,-1.0,[-0.4612755  -0.00092579],0
47,[-0.4612755  -0.00092579],1,-1.0,[-0.462666  -0.0013905],0
47,[-0.462666  -0.0013905],1,-1.0,[-0.46451095 -0.00184496],0
47,[-0.46451095 -0.00184496],1,-1.0,[-0.46679676 -0.0022858 ],0
47,[-0.46679676 -0.0022858 ],1,-1.0,[-0.4695065  -0.00270975],0
47,[-0.4695065  -0.00270975],1,-1.0,[-0.47262016 -0.00311367],0
47,[-0.47262016 -0.00311367],1,-1.0,[-0.4761147  -0.00349452],0
47,[-0.4761147  -0.00349452],1,-1.0,[-0.47996414 -0.00384944],0
47,[-0.47996414 -0.00384944],1,-1.0,[-0.48413992 -0.00417577],0
47,[-0.48413992 -0.00417577],1,-1.0,[-0.48861092 -0.00447102],0
47,[-0.48861092 -0.00447102],1,-1.0,[-0.4933439  -0.00473295],0
47,[-0.4933439  -0.00473295],1,-1.0,[-0.4983034  -0.00495955],0
47,[-0.4983034  -0.00495955],1,-1.0,[-0.5034525  -0.00514908],0
47,[-0.5034525  -0.00514908],1,-1.0,[-0.5087526  -0.00530009],0
47,[-0.5087526  -0.00530009],1,-1.0,[-0.514164  -0.0054114],0
47,[-0.514164  -0.0054114],1,-1.0,[-0.51964617 -0.00548215],0
47,[-0.51964617 -0.00548215],1,-1.0,[-0.5251579  -0.00551179],0
47,[-0.5251579  -0.00551179],1,-1.0,[-0.530658  -0.0055001],0
47,[-0.530658  -0.0055001],1,-1.0,[-0.5361052  -0.00544716],0
47,[-0.5361052  -0.00544716],1,-1.0,[-0.54145855 -0.00535338],0
47,[-0.54145855 -0.00535338],1,-1.0,[-0.54667807 -0.0052195 ],0
47,[-0.54667807 -0.0052195 ],1,-1.0,[-0.5517246  -0.00504654],0
47,[-0.5517246  -0.00504654],1,-1.0,[-0.55656046 -0.00483585],0
47,[-0.55656046 -0.00483585],1,-1.0,[-0.5611495  -0.00458904],0
47,[-0.5611495  -0.00458904],1,-1.0,[-0.5654575 -0.004308 ],0
47,[-0.5654575 -0.004308 ],1,-1.0,[-0.5694524  -0.00399489],0
47,[-0.5694524  -0.00399489],1,-1.0,[-0.57310444 -0.00365207],0
47,[-0.57310444 -0.00365207],1,-1.0,[-0.5763866  -0.00328214],0
47,[-0.5763866  -0.00328214],1,-1.0,[-0.5792745  -0.00288788],0
47,[-0.5792745  -0.00288788],1,-1.0,[-0.58174676 -0.00247225],0
47,[-0.58174676 -0.00247225],1,-1.0,[-0.58378506 -0.00203835],0
47,[-0.58378506 -0.00203835],1,-1.0,[-0.5853745 -0.0015894],0
47,[-0.5853745 -0.0015894],1,-1.0,[-0.5865032  -0.00112873],0
47,[-0.5865032  -0.00112873],1,-1.0,[-0.587163   -0.00065975],0
47,[-0.587163   -0.00065975],1,-1.0,[-5.8734888e-01 -1.8589885e-04],0
47,[-5.8734888e-01 -1.8589885e-04],1,-1.0,[-5.8705956e-01  2.8931748e-04],0
47,[-5.8705956e-01  2.8931748e-04],1,-1.0,[-0.58629715  0.0007624 ],0
47,[-0.58629715  0.0007624 ],1,-1.0,[-0.5850673   0.00122987],0
47,[-0.5850673   0.00122987],1,-1.0,[-0.583379    0.00168828],0
47,[-0.583379    0.00168828],1,-1.0,[-0.58124477  0.00213423],0
47,[-0.58124477  0.00213423],1,-1.0,[-0.57868034  0.00256442],0
47,[-0.57868034  0.00256442],1,-1.0,[-0.5757047   0.00297566],0
47,[-0.5757047   0.00297566],1,-1.0,[-0.57233983  0.00336486],0
47,[-0.57233983  0.00336486],1,-1.0,[-0.5686107   0.00372912],0
47,[-0.5686107   0.00372912],1,-1.0,[-0.56454504  0.00406568],0
47,[-0.56454504  0.00406568],1,-1.0,[-0.56017303  0.00437201],0
47,[-0.56017303  0.00437201],1,-1.0,[-0.55552727  0.00464577],0
47,[-0.55552727  0.00464577],1,-1.0,[-0.5506424   0.00488486],0
47,[-0.5506424   0.00488486],1,-1.0,[-0.54555494  0.00508747],0
47,[-0.54555494  0.00508747],1,-1.0,[-0.5403029   0.00525202],0
47,[-0.5403029   0.00525202],1,-1.0,[-0.53492564  0.00537725],0
47,[-0.53492564  0.00537725],1,-1.0,[-0.52946347  0.00546218],0
47,[-0.52946347  0.00546218],1,-1.0,[-0.5239573   0.00550617],0
47,[-0.5239573   0.00550617],1,-1.0,[-0.5184484   0.00550885],0
47,[-0.5184484   0.00550885],1,-1.0,[-0.5129782   0.00547023],0
47,[-0.5129782   0.00547023],1,-1.0,[-0.5075876   0.00539059],0
47,[-0.5075876   0.00539059],1,-1.0,[-0.5023171   0.00527055],0
47,[-0.5023171   0.00527055],1,-1.0,[-0.49720603  0.00511105],0
47,[-0.49720603  0.00511105],1,-1.0,[-0.49229273  0.00491331],0
47,[-0.49229273  0.00491331],1,-1.0,[-0.48761386  0.00467886],0
47,[-0.48761386  0.00467886],1,-1.0,[-0.48320436  0.00440949],0
47,[-0.48320436  0.00440949],1,-1.0,[-0.4790971   0.00410728],0
47,[-0.4790971   0.00410728],1,-1.0,[-0.47532257  0.00377451],0
47,[-0.47532257  0.00377451],1,-1.0,[-0.4719089  0.0034137],0
47,[-0.4719089  0.0034137],1,-1.0,[-0.4688813   0.00302758],0
47,[-0.4688813   0.00302758],1,-1.0,[-0.46626228  0.00261904],0
47,[-0.46626228  0.00261904],1,-1.0,[-0.46407115  0.00219113],0
47,[-0.46407115  0.00219113],1,-1.0,[-0.4623241   0.00174704],0
47,[-0.4623241   0.00174704],1,-1.0,[-0.46103403  0.00129006],0
47,[-0.46103403  0.00129006],1,-1.0,[-0.46021047  0.00082358],0
47,[-0.46021047  0.00082358],1,-1.0,[-4.5985943e-01  3.5102750e-04],0
47,[-4.5985943e-01  3.5102750e-04],1,-1.0,[-4.5998356e-01 -1.2410963e-04],0
47,[-4.5998356e-01 -1.2410963e-04],1,-1.0,[-0.46058187 -0.00059833],0
47,[-0.46058187 -0.00059833],1,-1.0,[-0.46165    -0.00106815],0
47,[-0.46165    -0.00106815],1,-1.0,[-0.46318012 -0.0015301 ],0
47,[-0.46318012 -0.0015301 ],1,-1.0,[-0.46516088 -0.00198076],0
47,[-0.46516088 -0.00198076],1,-1.0,[-0.46757767 -0.0024168 ],0
47,[-0.46757767 -0.0024168 ],1,-1.0,[-0.47041267 -0.00283498],0
47,[-0.47041267 -0.00283498],1,-1.0,[-0.47364485 -0.00323219],0
47,[-0.47364485 -0.00323219],1,-1.0,[-0.4772503  -0.00360544],0
47,[-0.4772503  -0.00360544],1,-1.0,[-0.48120224 -0.00395194],0
47,[-0.48120224 -0.00395194],1,-1.0,[-0.48547128 -0.00426905],0
47,[-0.48547128 -0.00426905],1,-1.0,[-0.49002567 -0.00455439],0
47,[-0.49002567 -0.00455439],1,-1.0,[-0.49483144 -0.00480576],0
47,[-0.49483144 -0.00480576],1,-1.0,[-0.4998527  -0.00502125],0
47,[-0.4998527  -0.00502125],1,-1.0,[-0.50505185 -0.00519919],0
47,[-0.50505185 -0.00519919],1,-1.0,[-0.5103901  -0.00533822],0
47,[-0.5103901  -0.00533822],1,-1.0,[-0.51582736 -0.00543726],0
47,[-0.51582736 -0.00543726],1,-1.0,[-0.5213229  -0.00549554],0
47,[-0.5213229  -0.00549554],1,-1.0,[-0.5268355  -0.00551261],1
48,"(array([-0.5824257,  0.       ], dtype=float32), {})",1,-1.0,[-5.8198678e-01  4.3891533e-04],0
48,[-5.8198678e-01  4.3891533e-04],1,-1.0,[-0.5811122   0.00087459],0
48,[-0.5811122   0.00087459],1,-1.0,[-0.5798084  0.0013038],0
48,[-0.5798084  0.0013038],1,-1.0,[-0.578085    0.00172338],0
48,[-0.578085    0.00172338],1,-1.0,[-0.5759548   0.00213021],0
48,[-0.5759548   0.00213021],1,-1.0,[-0.5734335   0.00252127],0
48,[-0.5734335   0.00252127],1,-1.0,[-0.5705399   0.00289364],0
48,[-0.5705399   0.00289364],1,-1.0,[-0.5672954   0.00324453],0
48,[-0.5672954   0.00324453],1,-1.0,[-0.56372404  0.00357132],0
48,[-0.56372404  0.00357132],1,-1.0,[-0.55985254  0.00387153],0
48,[-0.55985254  0.00387153],1,-1.0,[-0.5557096  0.0041429],0
48,[-0.5557096  0.0041429],1,-1.0,[-0.5513263   0.00438336],0
48,[-0.5513263   0.00438336],1,-1.0,[-0.54673517  0.00459108],0
48,[-0.54673517  0.00459108],1,-1.0,[-0.54197073  0.00476446],0
48,[-0.54197073  0.00476446],1,-1.0,[-0.53706855  0.00490218],0
48,[-0.53706855  0.00490218],1,-1.0,[-0.5320654   0.00500318],0
48,[-0.5320654   0.00500318],1,-1.0,[-0.5269987   0.00506667],0
48,[-0.5269987   0.00506667],1,-1.0,[-0.52190655  0.00509217],0
48,[-0.52190655  0.00509217],1,-1.0,[-0.51682705  0.00507948],0
48,[-0.51682705  0.00507948],1,-1.0,[-0.5117984   0.00502869],0
48,[-0.5117984   0.00502869],1,-1.0,[-0.50685817  0.00494021],0
48,[-0.50685817  0.00494021],1,-1.0,[-0.5020434  0.0048147],0
48,[-0.5020434  0.0048147],1,-1.0,[-0.4973903   0.00465315],0
48,[-0.4973903   0.00465315],1,-1.0,[-0.4929335   0.00445679],0
48,[-0.4929335   0.00445679],1,-1.0,[-0.48870638  0.00422713],0
48,[-0.48870638  0.00422713],1,-1.0,[-0.48474047  0.00396591],0
48,[-0.48474047  0.00396591],1,-1.0,[-0.48106533  0.00367513],0
48,[-0.48106533  0.00367513],1,-1.0,[-0.47770834  0.003357  ],0
48,[-0.47770834  0.003357  ],1,-1.0,[-0.47469443  0.00301391],0
48,[-0.47469443  0.00301391],1,-1.0,[-0.472046    0.00264844],0
48,[-0.472046    0.00264844],1,-1.0,[-0.46978268  0.00226333],0
48,[-0.46978268  0.00226333],1,-1.0,[-0.4679212   0.00186146],0
48,[-0.4679212   0.00186146],1,-1.0,[-0.4664754   0.00144582],0
48,[-0.4664754   0.00144582],1,-1.0,[-0.4654559   0.00101949],0
48,[-0.4654559   0.00101949],1,-1.0,[-0.46487027  0.00058562],0
48,[-0.46487027  0.00058562],1,-1.0,[-4.6472284e-01  1.4743491e-04],0
48,[-4.6472284e-01  1.4743491e-04],1,-1.0,[-4.6501470e-01 -2.9184218e-04],0
48,[-4.6501470e-01 -2.9184218e-04],1,-1.0,[-0.46574366 -0.00072896],0
48,[-0.46574366 -0.00072896],1,-1.0,[-0.46690434 -0.0011607 ],0
48,[-0.46690434 -0.0011607 ],1,-1.0,[-0.46848822 -0.00158386],0
48,[-0.46848822 -0.00158386],1,-1.0,[-0.47048354 -0.00199531],0
48,[-0.47048354 -0.00199531],1,-1.0,[-0.47287554 -0.00239199],0
48,[-0.47287554 -0.00239199],1,-1.0,[-0.47564647 -0.00277095],0
48,[-0.47564647 -0.00277095],1,-1.0,[-0.47877583 -0.00312935],0
48,[-0.47877583 -0.00312935],1,-1.0,[-0.48224035 -0.00346451],0
48,[-0.48224035 -0.00346451],1,-1.0,[-0.48601425 -0.00377391],0
48,[-0.48601425 -0.00377391],1,-1.0,[-0.49006945 -0.00405519],0
48,[-0.49006945 -0.00405519],1,-1.0,[-0.49437568 -0.00430624],0
48,[-0.49437568 -0.00430624],1,-1.0,[-0.4989008  -0.00452513],0
48,[-0.4989008  -0.00452513],1,-1.0,[-0.503611  -0.0047102],0
48,[-0.503611  -0.0047102],1,-1.0,[-0.508471   -0.00486002],0
48,[-0.508471   -0.00486002],1,-1.0,[-0.5134445  -0.00497344],0
48,[-0.5134445  -0.00497344],1,-1.0,[-0.51849407 -0.00504958],0
48,[-0.51849407 -0.00504958],1,-1.0,[-0.5235819  -0.00508787],0
48,[-0.5235819  -0.00508787],1,-1.0,[-0.5286699  -0.00508799],0
48,[-0.5286699  -0.00508799],1,-1.0,[-0.53371984 -0.00504996],0
48,[-0.53371984 -0.00504996],1,-1.0,[-0.5386939  -0.00497406],0
48,[-0.5386939  -0.00497406],1,-1.0,[-0.5435548  -0.00486089],0
48,[-0.5435548  -0.00486089],1,-1.0,[-0.5482661  -0.00471131],0
48,[-0.5482661  -0.00471131],1,-1.0,[-0.5527926  -0.00452647],0
48,[-0.5527926  -0.00452647],1,-1.0,[-0.5571004 -0.0043078],0
48,[-0.5571004 -0.0043078],1,-1.0,[-0.56115735 -0.00405696],0
48,[-0.56115735 -0.00405696],1,-1.0,[-0.5649332  -0.00377586],0
48,[-0.5649332  -0.00377586],1,-1.0,[-0.56839985 -0.00346665],0
48,[-0.56839985 -0.00346665],1,-1.0,[-0.57153153 -0.00313165],0
48,[-0.57153153 -0.00313165],1,-1.0,[-0.5743049  -0.00277339],0
48,[-0.5743049  -0.00277339],1,-1.0,[-0.5766995  -0.00239456],0
48,[-0.5766995  -0.00239456],1,-1.0,[-0.57869744 -0.00199799],0
48,[-0.57869744 -0.00199799],1,-1.0,[-0.5802841  -0.00158663],0
48,[-0.5802841  -0.00158663],1,-1.0,[-0.5814476  -0.00116354],0
48,[-0.5814476  -0.00116354],1,-1.0,[-0.5821795  -0.00073184],0
48,[-0.5821795  -0.00073184],1,-1.0,[-5.8247423e-01 -2.9474721e-04],0
48,[-5.8247423e-01 -2.9474721e-04],1,-1.0,[-5.8232969e-01  1.4452629e-04],0
48,[-5.8232969e-01  1.4452629e-04],1,-1.0,[-0.58174694  0.00058273],0
48,[-0.58174694  0.00058273],1,-1.0,[-0.5807303   0.00101664],0
48,[-0.5807303   0.00101664],1,-1.0,[-0.5792873   0.00144303],0
48,[-0.5792873   0.00144303],1,-1.0,[-0.5774285   0.00185875],0
48,[-0.5774285   0.00185875],1,-1.0,[-0.57516783  0.00226072],0
48,[-0.57516783  0.00226072],1,-1.0,[-0.57252187  0.00264595],0
48,[-0.57252187  0.00264595],1,-1.0,[-0.56951034  0.00301156],0
48,[-0.56951034  0.00301156],1,-1.0,[-0.5661555  0.0033548],0
48,[-0.5661555  0.0033548],1,-1.0,[-0.5624824   0.00367311],0
48,[-0.5624824   0.00367311],1,-1.0,[-0.5585183   0.00396408],0
48,[-0.5585183   0.00396408],1,-1.0,[-0.5542928  0.0042255],0
48,[-0.5542928  0.0042255],1,-1.0,[-0.54983747  0.00445538],0
48,[-0.54983747  0.00445538],1,-1.0,[-0.5451855   0.00465197],0
48,[-0.5451855   0.00465197],1,-1.0,[-0.5403717   0.00481375],0
48,[-0.5403717   0.00481375],1,-1.0,[-0.5354322  0.0049395],0
48,[-0.5354322  0.0049395],1,-1.0,[-0.530404    0.00502823],0
48,[-0.530404    0.00502823],1,-1.0,[-0.52532476  0.00507926],0
48,[-0.52532476  0.00507926],1,-1.0,[-0.5202325   0.00509221],0
48,[-0.5202325   0.00509221],1,-1.0,[-0.51516557  0.00506696],0
48,[-0.51516557  0.00506696],1,-1.0,[-0.5101618   0.00500372],0
48,[-0.5101618   0.00500372],1,-1.0,[-0.50525886  0.00490297],0
48,[-0.50525886  0.00490297],1,-1.0,[-0.5004934   0.00476549],0
48,[-0.5004934   0.00476549],1,-1.0,[-0.49590105  0.00459234],0
48,[-0.49590105  0.00459234],1,-1.0,[-0.4915162   0.00438485],0
48,[-0.4915162   0.00438485],1,-1.0,[-0.4873716  0.0041446],0
48,[-0.4873716  0.0041446],1,-1.0,[-0.4834982   0.00387343],0
48,[-0.4834982   0.00387343],1,-1.0,[-0.47992477  0.0035734 ],0
48,[-0.47992477  0.0035734 ],1,-1.0,[-0.47667798  0.00324678],0
48,[-0.47667798  0.00324678],1,-1.0,[-0.47378197  0.00289603],0
48,[-0.47378197  0.00289603],1,-1.0,[-0.47125816  0.0025238 ],0
48,[-0.47125816  0.0025238 ],1,-1.0,[-0.4691253   0.00213285],0
48,[-0.4691253   0.00213285],1,-1.0,[-0.46739918  0.00172612],0
48,[-0.46739918  0.00172612],1,-1.0,[-0.4660926   0.00130662],0
48,[-0.4660926   0.00130662],1,-1.0,[-0.46521512  0.00087746],0
48,[-0.46521512  0.00087746],1,-1.0,[-4.6477330e-01  4.4181434e-04],0
48,[-4.6477330e-01  4.4181434e-04],1,-1.0,[-4.647704e-01  2.909809e-06],0
48,[-4.647704e-01  2.909809e-06],1,-1.0,[-4.6520641e-01 -4.3601618e-04],0
48,[-4.6520641e-01 -4.3601618e-04],1,-1.0,[-0.46607813 -0.00087172],0
48,[-0.46607813 -0.00087172],1,-1.0,[-0.46737912 -0.00130099],0
48,[-0.46737912 -0.00130099],1,-1.0,[-0.46909976 -0.00172064],0
48,[-0.46909976 -0.00172064],1,-1.0,[-0.47122732 -0.00212756],0
48,[-0.47122732 -0.00212756],1,-1.0,[-0.47374606 -0.00251874],0
48,[-0.47374606 -0.00251874],1,-1.0,[-0.4766373  -0.00289124],0
48,[-0.4766373  -0.00289124],1,-1.0,[-0.4798796  -0.00324229],0
48,[-0.4798796  -0.00324229],1,-1.0,[-0.48344883 -0.00356924],0
48,[-0.48344883 -0.00356924],1,-1.0,[-0.48731846 -0.00386964],0
48,[-0.48731846 -0.00386964],1,-1.0,[-0.49145967 -0.0041412 ],0
48,[-0.49145967 -0.0041412 ],1,-1.0,[-0.49584156 -0.00438187],0
48,[-0.49584156 -0.00438187],1,-1.0,[-0.50043136 -0.00458981],0
48,[-0.50043136 -0.00458981],1,-1.0,[-0.5051948  -0.00476343],0
48,[-0.5051948  -0.00476343],1,-1.0,[-0.5100962  -0.00490139],0
48,[-0.5100962  -0.00490139],1,-1.0,[-0.5150988  -0.00500263],0
48,[-0.5150988  -0.00500263],1,-1.0,[-0.5201652  -0.00506637],0
48,[-0.5201652  -0.00506637],1,-1.0,[-0.5252573  -0.00509212],0
48,[-0.5252573  -0.00509212],1,-1.0,[-0.530337   -0.00507969],0
48,[-0.530337   -0.00507969],1,-1.0,[-0.5353661  -0.00502915],0
48,[-0.5353661  -0.00502915],1,-1.0,[-0.54030704 -0.00494091],0
48,[-0.54030704 -0.00494091],1,-1.0,[-0.5451227  -0.00481566],0
48,[-0.5451227  -0.00481566],1,-1.0,[-0.54977703 -0.00465434],0
48,[-0.54977703 -0.00465434],1,-1.0,[-0.5542353 -0.0044582],0
48,[-0.5542353 -0.0044582],1,-1.0,[-0.558464   -0.00422875],0
48,[-0.558464   -0.00422875],1,-1.0,[-0.56243175 -0.00396774],0
48,[-0.56243175 -0.00396774],1,-1.0,[-0.5661089  -0.00367715],0
48,[-0.5661089  -0.00367715],1,-1.0,[-0.5694681  -0.00335919],0
48,[-0.5694681  -0.00335919],1,-1.0,[-0.5724843  -0.00301625],0
48,[-0.5724843  -0.00301625],1,-1.0,[-0.57513523 -0.00265092],0
48,[-0.57513523 -0.00265092],1,-1.0,[-0.5774012  -0.00226594],0
48,[-0.5774012  -0.00226594],1,-1.0,[-0.57926536 -0.00186417],0
48,[-0.57926536 -0.00186417],1,-1.0,[-0.580714   -0.00144861],0
48,[-0.580714   -0.00144861],1,-1.0,[-0.5817363  -0.00102234],0
48,[-0.5817363  -0.00102234],1,-1.0,[-0.5823248  -0.00058851],0
48,[-0.5823248  -0.00058851],1,-1.0,[-5.8247519e-01 -1.5034349e-04],0
48,[-5.8247519e-01 -1.5034349e-04],1,-1.0,[-5.8218622e-01  2.8893707e-04],0
48,[-5.8218622e-01  2.8893707e-04],1,-1.0,[-0.5814602   0.00072608],0
48,[-0.5814602   0.00072608],1,-1.0,[-0.5803023   0.00115787],0
48,[-0.5803023   0.00115787],1,-1.0,[-0.57872117  0.0015811 ],0
48,[-0.57872117  0.0015811 ],1,-1.0,[-0.5767286   0.00199263],0
48,[-0.5767286   0.00199263],1,-1.0,[-0.57433915  0.00238942],0
48,[-0.57433915  0.00238942],1,-1.0,[-0.57157063  0.00276851],0
48,[-0.57157063  0.00276851],1,-1.0,[-0.5684436   0.00312705],0
48,[-0.5684436   0.00312705],1,-1.0,[-0.5649812   0.00346238],0
48,[-0.5649812   0.00346238],1,-1.0,[-0.56120926  0.00377195],0
48,[-0.56120926  0.00377195],1,-1.0,[-0.55715585  0.00405343],0
48,[-0.55715585  0.00405343],1,-1.0,[-0.55285114  0.00430468],0
48,[-0.55285114  0.00430468],1,-1.0,[-0.5483273   0.00452379],0
48,[-0.5483273   0.00452379],1,-1.0,[-0.54361826  0.00470909],0
48,[-0.54361826  0.00470909],1,-1.0,[-0.5387591   0.00485914],0
48,[-0.5387591   0.00485914],1,-1.0,[-0.5337863   0.00497281],0
48,[-0.5337863   0.00497281],1,-1.0,[-0.5287371  0.0050492],0
48,[-0.5287371  0.0050492],1,-1.0,[-0.5236494   0.00508774],0
48,[-0.5236494   0.00508774],1,-1.0,[-0.51856124  0.00508812],0
48,[-0.51856124  0.00508812],1,-1.0,[-0.51351094  0.00505034],0
48,[-0.51351094  0.00505034],1,-1.0,[-0.5085362   0.00497469],0
48,[-0.5085362   0.00497469],1,-1.0,[-0.50367445  0.00486176],0
48,[-0.50367445  0.00486176],1,-1.0,[-0.49896204  0.00471241],0
48,[-0.49896204  0.00471241],1,-1.0,[-0.49443424  0.00452781],0
48,[-0.49443424  0.00452781],1,-1.0,[-0.4901249   0.00430935],0
48,[-0.4901249   0.00430935],1,-1.0,[-0.48606616  0.00405872],0
48,[-0.48606616  0.00405872],1,-1.0,[-0.48228836  0.00377782],0
48,[-0.48228836  0.00377782],1,-1.0,[-0.47881958  0.00346878],0
48,[-0.47881958  0.00346878],1,-1.0,[-0.47568563  0.00313395],0
48,[-0.47568563  0.00313395],1,-1.0,[-0.47290978  0.00277584],0
48,[-0.47290978  0.00277584],1,-1.0,[-0.47051266  0.00239713],0
48,[-0.47051266  0.00239713],1,-1.0,[-0.46851197  0.00200067],0
48,[-0.46851197  0.00200067],1,-1.0,[-0.46692258  0.0015894 ],0
48,[-0.46692258  0.0015894 ],1,-1.0,[-0.4657562   0.00116637],0
48,[-0.4657562   0.00116637],1,-1.0,[-0.4650215   0.00073472],0
48,[-0.4650215   0.00073472],1,-1.0,[-4.6472386e-01  2.9765212e-04],0
48,[-4.6472386e-01  2.9765212e-04],1,-1.0,[-4.6486545e-01 -1.4161762e-04],0
48,[-4.6486545e-01 -1.4161762e-04],1,-1.0,[-0.4654453  -0.00057984],0
48,[-0.4654453  -0.00057984],1,-1.0,[-0.4664591  -0.00101378],0
48,[-0.4664591  -0.00101378],1,-1.0,[-0.46789932 -0.00144024],0
48,[-0.46789932 -0.00144024],1,-1.0,[-0.46975535 -0.00185604],0
48,[-0.46975535 -0.00185604],1,-1.0,[-0.47201347 -0.00225811],0
48,[-0.47201347 -0.00225811],1,-1.0,[-0.47465694 -0.00264346],0
48,[-0.47465694 -0.00264346],1,-1.0,[-0.47766614 -0.00300921],0
48,[-0.47766614 -0.00300921],1,-1.0,[-0.48101875 -0.00335261],0
48,[-0.48101875 -0.00335261],1,-1.0,[-0.48468983 -0.00367109],0
48,[-0.48468983 -0.00367109],1,-1.0,[-0.48865208 -0.00396225],0
48,[-0.48865208 -0.00396225],1,-1.0,[-0.49287596 -0.00422387],0
48,[-0.49287596 -0.00422387],1,-1.0,[-0.49732992 -0.00445396],0
48,[-0.49732992 -0.00445396],1,-1.0,[-0.5019807  -0.00465078],0
48,[-0.5019807  -0.00465078],1,-1.0,[-0.5067935 -0.0048128],0
48,[-0.5067935 -0.0048128],1,-1.0,[-0.5117323  -0.00493878],0
48,[-0.5117323  -0.00493878],1,-1.0,[-0.51676005 -0.00502776],0
48,[-0.51676005 -0.00502776],1,-1.0,[-0.5218391  -0.00507905],0
48,[-0.5218391  -0.00507905],1,-1.0,[-0.52693135 -0.00509225],1
49,"(array([-0.40785825,  0.        ], dtype=float32), {})",1,-1.0,[-0.40870896 -0.00085072],0
49,[-0.40870896 -0.00085072],1,-1.0,[-0.41040438 -0.00169543],0
49,[-0.41040438 -0.00169543],1,-1.0,[-0.41293257 -0.00252817],0
49,[-0.41293257 -0.00252817],1,-1.0,[-0.41627556 -0.003343  ],0
49,[-0.41627556 -0.003343  ],1,-1.0,[-0.42040965 -0.00413409],0
49,[-0.42040965 -0.00413409],1,-1.0,[-0.42530537 -0.0048957 ],0
49,[-0.42530537 -0.0048957 ],1,-1.0,[-0.43092763 -0.00562227],0
49,[-0.43092763 -0.00562227],1,-1.0,[-0.437236   -0.00630838],0
49,[-0.437236   -0.00630838],1,-1.0,[-0.44418487 -0.00694888],0
49,[-0.44418487 -0.00694888],1,-1.0,[-0.45172375 -0.00753887],0
49,[-0.45172375 -0.00753887],1,-1.0,[-0.4597975  -0.00807376],0
49,[-0.4597975  -0.00807376],1,-1.0,[-0.46834686 -0.00854935],0
49,[-0.46834686 -0.00854935],1,-1.0,[-0.47730872 -0.00896185],0
49,[-0.47730872 -0.00896185],1,-1.0,[-0.4866166  -0.00930791],0
49,[-0.4866166  -0.00930791],1,-1.0,[-0.49620134 -0.00958471],0
49,[-0.49620134 -0.00958471],1,-1.0,[-0.5059913  -0.00978996],0
49,[-0.5059913  -0.00978996],1,-1.0,[-0.51591325 -0.00992195],0
49,[-0.51591325 -0.00992195],1,-1.0,[-0.52589285 -0.00997959],0
49,[-0.52589285 -0.00997959],1,-1.0,[-0.53585523 -0.00996238],0
49,[-0.53585523 -0.00996238],1,-1.0,[-0.5457257  -0.00987048],0
49,[-0.5457257  -0.00987048],1,-1.0,[-0.55543035 -0.00970465],0
49,[-0.55543035 -0.00970465],1,-1.0,[-0.56489664 -0.00946628],0
49,[-0.56489664 -0.00946628],1,-1.0,[-0.57405394 -0.00915733],0
49,[-0.57405394 -0.00915733],1,-1.0,[-0.5828343  -0.00878036],0
49,[-0.5828343  -0.00878036],1,-1.0,[-0.59117275 -0.00833843],0
49,[-0.59117275 -0.00833843],1,-1.0,[-0.59900784 -0.00783509],0
49,[-0.59900784 -0.00783509],1,-1.0,[-0.6062822  -0.00727433],0
49,[-0.6062822  -0.00727433],1,-1.0,[-0.6129427  -0.00666055],0
49,[-0.6129427  -0.00666055],1,-1.0,[-0.6189412  -0.00599846],0
49,[-0.6189412  -0.00599846],1,-1.0,[-0.62423426 -0.00529311],0
49,[-0.62423426 -0.00529311],1,-1.0,[-0.62878406 -0.00454975],0
49,[-0.62878406 -0.00454975],1,-1.0,[-0.6325579  -0.00377389],0
49,[-0.6325579  -0.00377389],1,-1.0,[-0.6355291  -0.00297117],0
49,[-0.6355291  -0.00297117],1,-1.0,[-0.6376765  -0.00214738],0
49,[-0.6376765  -0.00214738],1,-1.0,[-0.6389849 -0.0013084],0
49,[-0.6389849 -0.0013084],1,-1.0,[-6.3944507e-01 -4.6018750e-04],0
49,[-6.3944507e-01 -4.6018750e-04],1,-1.0,[-6.3905382e-01  3.9127475e-04],0
49,[-6.3905382e-01  3.9127475e-04],1,-1.0,[-0.6378138   0.00123998],0
49,[-0.6378138   0.00123998],1,-1.0,[-0.6357339   0.00207993],0
49,[-0.6357339   0.00207993],1,-1.0,[-0.6328287   0.00290517],0
49,[-0.6328287   0.00290517],1,-1.0,[-0.6291189   0.00370981],0
49,[-0.6291189   0.00370981],1,-1.0,[-0.62463087  0.00448806],0
49,[-0.62463087  0.00448806],1,-1.0,[-0.6193966   0.00523425],0
49,[-0.6193966   0.00523425],1,-1.0,[-0.61345375  0.00594288],0
49,[-0.61345375  0.00594288],1,-1.0,[-0.6068451   0.00660866],0
49,[-0.6068451   0.00660866],1,-1.0,[-0.59961855  0.00722654],0
49,[-0.59961855  0.00722654],1,-1.0,[-0.5918268   0.00779176],0
49,[-0.5918268   0.00779176],1,-1.0,[-0.58352685  0.0082999 ],0
49,[-0.58352685  0.0082999 ],1,-1.0,[-0.5747799   0.00874695],0
49,[-0.5747799   0.00874695],1,-1.0,[-0.56565064  0.0091293 ],0
49,[-0.56565064  0.0091293 ],1,-1.0,[-0.55620676  0.00944385],0
49,[-0.55620676  0.00944385],1,-1.0,[-0.54651874  0.00968802],0
49,[-0.54651874  0.00968802],1,-1.0,[-0.53665894  0.00985979],0
49,[-0.53665894  0.00985979],1,-1.0,[-0.5267013   0.00995771],0
49,[-0.5267013   0.00995771],1,-1.0,[-0.51672024  0.00998098],0
49,[-0.51672024  0.00998098],1,-1.0,[-0.5067909  0.0099294],0
49,[-0.5067909  0.0099294],1,-1.0,[-0.49698746  0.00980339],0
49,[-0.49698746  0.00980339],1,-1.0,[-0.48738346  0.00960402],0
49,[-0.48738346  0.00960402],1,-1.0,[-0.47805053  0.00933294],0
49,[-0.47805053  0.00933294],1,-1.0,[-0.46905813  0.00899239],0
49,[-0.46905813  0.00899239],1,-1.0,[-0.46047297  0.00858516],0
49,[-0.46047297  0.00858516],1,-1.0,[-0.45235845  0.00811454],0
49,[-0.45235845  0.00811454],1,-1.0,[-0.44477415  0.00758429],0
49,[-0.44477415  0.00758429],1,-1.0,[-0.43777555  0.0069986 ],0
49,[-0.43777555  0.0069986 ],1,-1.0,[-0.43141353  0.00636202],0
49,[-0.43141353  0.00636202],1,-1.0,[-0.42573413  0.00567941],0
49,[-0.42573413  0.00567941],1,-1.0,[-0.42077821  0.00495592],0
49,[-0.42077821  0.00495592],1,-1.0,[-0.41658127  0.00419694],0
49,[-0.41658127  0.00419694],1,-1.0,[-0.41317326  0.00340802],0
49,[-0.41317326  0.00340802],1,-1.0,[-0.41057834  0.0025949 ],0
49,[-0.41057834  0.0025949 ],1,-1.0,[-0.40881497  0.00176339],0
49,[-0.40881497  0.00176339],1,-1.0,[-0.40789554  0.00091943],0
49,[-0.40789554  0.00091943],1,-1.0,[-4.0782654e-01  6.8973168e-05],0
49,[-4.0782654e-01  6.8973168e-05],1,-1.0,[-0.40860853 -0.00078197],0
49,[-0.40860853 -0.00078197],1,-1.0,[-0.4102359  -0.00162739],0
49,[-0.4102359  -0.00162739],1,-1.0,[-0.41269723 -0.00246132],0
49,[-0.41269723 -0.00246132],1,-1.0,[-0.41597503 -0.00327782],0
49,[-0.41597503 -0.00327782],1,-1.0,[-0.4200461  -0.00407104],0
49,[-0.4200461  -0.00407104],1,-1.0,[-0.42488134 -0.00483526],0
49,[-0.42488134 -0.00483526],1,-1.0,[-0.4304462  -0.00556486],0
49,[-0.4304462  -0.00556486],1,-1.0,[-0.43670067 -0.00625445],0
49,[-0.43670067 -0.00625445],1,-1.0,[-0.4435995  -0.00689883],0
49,[-0.4435995  -0.00689883],1,-1.0,[-0.45109257 -0.00749308],0
49,[-0.45109257 -0.00749308],1,-1.0,[-0.45912516 -0.0080326 ],0
49,[-0.45912516 -0.0080326 ],1,-1.0,[-0.4676383  -0.00851314],0
49,[-0.4676383  -0.00851314],1,-1.0,[-0.47656918 -0.00893087],0
49,[-0.47656918 -0.00893087],1,-1.0,[-0.48585162 -0.00928243],0
49,[-0.48585162 -0.00928243],1,-1.0,[-0.49541652 -0.00956493],0
49,[-0.49541652 -0.00956493],1,-1.0,[-0.5051926  -0.00977604],0
49,[-0.5051926  -0.00977604],1,-1.0,[-0.5151066  -0.00991402],0
49,[-0.5151066  -0.00991402],1,-1.0,[-0.5250843 -0.0099777],0
49,[-0.5250843 -0.0099777],1,-1.0,[-0.53505087 -0.00996656],0
49,[-0.53505087 -0.00996656],1,-1.0,[-0.54493153 -0.00988069],0
49,[-0.54493153 -0.00988069],1,-1.0,[-0.55465233 -0.0097208 ],0
49,[-0.55465233 -0.0097208 ],1,-1.0,[-0.56414056 -0.00948824],0
49,[-0.56414056 -0.00948824],1,-1.0,[-0.5733255  -0.00918492],0
49,[-0.5733255  -0.00918492],1,-1.0,[-0.58213884 -0.00881335],0
49,[-0.58213884 -0.00881335],1,-1.0,[-0.59051543 -0.00837656],0
49,[-0.59051543 -0.00837656],1,-1.0,[-0.59839344 -0.00787805],0
49,[-0.59839344 -0.00787805],1,-1.0,[-0.6057152  -0.00732178],0
49,[-0.6057152  -0.00732178],1,-1.0,[-0.61242735 -0.00671212],0
49,[-0.61242735 -0.00671212],1,-1.0,[-0.6184811  -0.00605376],0
49,[-0.6184811  -0.00605376],1,-1.0,[-0.6238328  -0.00535171],0
49,[-0.6238328  -0.00535171],1,-1.0,[-0.6284441  -0.00461124],0
49,[-0.6284441  -0.00461124],1,-1.0,[-0.63228184 -0.0038378 ],0
49,[-0.63228184 -0.0038378 ],1,-1.0,[-0.63531893 -0.00303704],0
49,[-0.63531893 -0.00303704],1,-1.0,[-0.63753366 -0.00221474],0
49,[-0.63753366 -0.00221474],1,-1.0,[-0.6389104  -0.00137677],0
49,[-0.6389104  -0.00137677],1,-1.0,[-6.3943952e-01 -5.2907894e-04],0
49,[-6.3943952e-01 -5.2907894e-04],1,-1.0,[-6.391171e-01  3.223439e-04],0
49,[-6.391171e-01  3.223439e-04],1,-1.0,[-0.63794565  0.00117149],0
49,[-0.63794565  0.00117149],1,-1.0,[-0.6359333   0.00201237],0
49,[-0.6359333   0.00201237],1,-1.0,[-0.63309425  0.00283903],0
49,[-0.63309425  0.00283903],1,-1.0,[-0.6294487   0.00364555],0
49,[-0.6294487   0.00364555],1,-1.0,[-0.62502253  0.00442615],0
49,[-0.62502253  0.00442615],1,-1.0,[-0.6198474   0.00517515],0
49,[-0.6198474   0.00517515],1,-1.0,[-0.6139604   0.00588702],0
49,[-0.6139604   0.00588702],1,-1.0,[-0.60740393  0.00655646],0
49,[-0.60740393  0.00655646],1,-1.0,[-0.6002255  0.0071784],0
49,[-0.6002255  0.0071784],1,-1.0,[-0.59247744  0.00774805],0
49,[-0.59247744  0.00774805],1,-1.0,[-0.5842165   0.00826098],0
49,[-0.5842165   0.00826098],1,-1.0,[-0.5755034   0.00871311],0
49,[-0.5755034   0.00871311],1,-1.0,[-0.56640255  0.00910082],0
49,[-0.56640255  0.00910082],1,-1.0,[-0.55698156  0.00942097],0
49,[-0.55698156  0.00942097],1,-1.0,[-0.54731065  0.00967092],0
49,[-0.54731065  0.00967092],1,-1.0,[-0.53746206  0.00984861],0
49,[-0.53746206  0.00984861],1,-1.0,[-0.5275095   0.00995255],0
49,[-0.5275095   0.00995255],1,-1.0,[-0.51752764  0.00998188],0
49,[-0.51752764  0.00998188],1,-1.0,[-0.50759125  0.00993635],0
49,[-0.50759125  0.00993635],1,-1.0,[-0.49777493  0.00981634],0
49,[-0.49777493  0.00981634],1,-1.0,[-0.48815206  0.00962286],0
49,[-0.48815206  0.00962286],1,-1.0,[-0.47879457  0.00935751],0
49,[-0.47879457  0.00935751],1,-1.0,[-0.46977207  0.00902249],0
49,[-0.46977207  0.00902249],1,-1.0,[-0.46115154  0.00862054],0
49,[-0.46115154  0.00862054],1,-1.0,[-0.4529966   0.00815492],0
49,[-0.4529966   0.00815492],1,-1.0,[-0.44536725  0.00762935],0
49,[-0.44536725  0.00762935],1,-1.0,[-0.43831927  0.00704799],0
49,[-0.43831927  0.00704799],1,-1.0,[-0.43190393  0.00641535],0
49,[-0.43190393  0.00641535],1,-1.0,[-0.42616764  0.00573628],0
49,[-0.42616764  0.00573628],1,-1.0,[-0.42115176  0.0050159 ],0
49,[-0.42115176  0.0050159 ],1,-1.0,[-0.41689214  0.00425959],0
49,[-0.41689214  0.00425959],1,-1.0,[-0.41341928  0.00347289],0
49,[-0.41341928  0.00347289],1,-1.0,[-0.41075775  0.00266151],0
49,[-0.41075775  0.00266151],1,-1.0,[-0.4089265   0.00183127],0
49,[-0.4089265   0.00183127],1,-1.0,[-0.4079384   0.00098809],0
49,[-0.4079384   0.00098809],1,-1.0,[-4.0780044e-01  1.3794313e-04],0
49,[-4.0780044e-01  1.3794313e-04],1,-1.0,[-0.40851364 -0.00071318],0
49,[-0.40851364 -0.00071318],1,-1.0,[-0.4100729  -0.00155927],0
49,[-0.4100729  -0.00155927],1,-1.0,[-0.41246724 -0.00239435],0
49,[-0.41246724 -0.00239435],1,-1.0,[-0.41567972 -0.00321248],0
49,[-0.41567972 -0.00321248],1,-1.0,[-0.41968754 -0.00400781],0
49,[-0.41968754 -0.00400781],1,-1.0,[-0.42446214 -0.00477458],0
49,[-0.42446214 -0.00477458],1,-1.0,[-0.4299693 -0.0055072],0
49,[-0.4299693 -0.0055072],1,-1.0,[-0.43616953 -0.00620022],0
49,[-0.43616953 -0.00620022],1,-1.0,[-0.443018   -0.00684845],0
49,[-0.443018   -0.00684845],1,-1.0,[-0.45046493 -0.00744693],0
49,[-0.45046493 -0.00744693],1,-1.0,[-0.45845598 -0.00799105],0
49,[-0.45845598 -0.00799105],1,-1.0,[-0.46693248 -0.00847651],0
49,[-0.46693248 -0.00847651],1,-1.0,[-0.47583196 -0.00889947],0
49,[-0.47583196 -0.00889947],1,-1.0,[-0.48508844 -0.00925649],0
49,[-0.48508844 -0.00925649],1,-1.0,[-0.4946331  -0.00954468],0
49,[-0.4946331  -0.00954468],1,-1.0,[-0.50439477 -0.00976165],0
49,[-0.50439477 -0.00976165],1,-1.0,[-0.51430035 -0.0099056 ],0
49,[-0.51430035 -0.0099056 ],1,-1.0,[-0.5242757  -0.00997533],0
49,[-0.5242757  -0.00997533],1,-1.0,[-0.53424597 -0.00997025],0
49,[-0.53424597 -0.00997025],1,-1.0,[-0.54413635 -0.00989041],0
49,[-0.54413635 -0.00989041],1,-1.0,[-0.5538728  -0.00973648],0
49,[-0.5538728  -0.00973648],1,-1.0,[-0.56338257 -0.00950973],0
49,[-0.56338257 -0.00950973],1,-1.0,[-0.57259464 -0.00921206],0
49,[-0.57259464 -0.00921206],1,-1.0,[-0.5814405  -0.00884591],0
49,[-0.5814405  -0.00884591],1,-1.0,[-0.58985484 -0.00841428],0
49,[-0.58985484 -0.00841428],1,-1.0,[-0.59777546 -0.00792062],0
49,[-0.59777546 -0.00792062],1,-1.0,[-0.6051443  -0.00736888],0
49,[-0.6051443  -0.00736888],1,-1.0,[-0.61190766 -0.00676337],0
49,[-0.61190766 -0.00676337],1,-1.0,[-0.6180164  -0.00610877],0
49,[-0.6180164  -0.00610877],1,-1.0,[-0.6234265  -0.00541007],0
49,[-0.6234265  -0.00541007],1,-1.0,[-0.628099  -0.0046725],0
49,[-0.628099  -0.0046725],1,-1.0,[-0.63200057 -0.00390153],0
49,[-0.63200057 -0.00390153],1,-1.0,[-0.6351033  -0.00310277],0
49,[-0.6351033  -0.00310277],1,-1.0,[-0.6373853  -0.00228199],0
49,[-0.6373853  -0.00228199],1,-1.0,[-0.63883036 -0.00144507],0
49,[-0.63883036 -0.00144507],1,-1.0,[-6.3942832e-01 -5.9794594e-04],0
49,[-6.3942832e-01 -5.9794594e-04],1,-1.0,[-6.3917494e-01  2.5339815e-04],0
49,[-6.3917494e-01  2.5339815e-04],1,-1.0,[-0.63807195  0.00110296],0
49,[-0.63807195  0.00110296],1,-1.0,[-0.63612723  0.00194473],0
49,[-0.63612723  0.00194473],1,-1.0,[-0.6333545   0.00277275],0
49,[-0.6333545   0.00277275],1,-1.0,[-0.6297734   0.00358113],0
49,[-0.6297734   0.00358113],1,-1.0,[-0.6254093   0.00436404],0
49,[-0.6254093   0.00436404],1,-1.0,[-0.6202935  0.0051158],0
49,[-0.6202935  0.0051158],1,-1.0,[-0.6144626   0.00583088],0
49,[-0.6144626   0.00583088],1,-1.0,[-0.6079587   0.00650395],0
49,[-0.6079587   0.00650395],1,-1.0,[-0.60082877  0.00712992],0
49,[-0.60082877  0.00712992],1,-1.0,[-0.5931248   0.00770398],0
49,[-0.5931248   0.00770398],1,-1.0,[-0.5849031   0.00822165],0
49,[-0.5849031   0.00822165],1,-1.0,[-0.57622427  0.00867884],0
49,[-0.57622427  0.00867884],1,-1.0,[-0.5671524  0.0090719],0
49,[-0.5671524  0.0090719],1,-1.0,[-0.55775476  0.00939762],0
49,[-0.55775476  0.00939762],1,-1.0,[-0.5481014   0.00965334],0
49,[-0.5481014   0.00965334],1,-1.0,[-0.5382645   0.00983695],0
49,[-0.5382645   0.00983695],1,-1.0,[-0.5283176   0.00994691],1
50,"(array([-0.40549597,  0.        ], dtype=float32), {})",1,-1.0,[-0.4063633  -0.00086735],0
50,[-0.4063633  -0.00086735],1,-1.0,[-0.40809193 -0.00172861],0
50,[-0.40809193 -0.00172861],1,-1.0,[-0.4106696  -0.00257767],0
50,[-0.4106696  -0.00257767],1,-1.0,[-0.41407812 -0.00340853],0
50,[-0.41407812 -0.00340853],1,-1.0,[-0.41829336 -0.00421524],0
50,[-0.41829336 -0.00421524],1,-1.0,[-0.42328534 -0.00499196],0
50,[-0.42328534 -0.00499196],1,-1.0,[-0.42901832 -0.005733  ],0
50,[-0.42901832 -0.005733  ],1,-1.0,[-0.4354512  -0.00643288],0
50,[-0.4354512  -0.00643288],1,-1.0,[-0.44253752 -0.0070863 ],0
50,[-0.44253752 -0.0070863 ],1,-1.0,[-0.4502258  -0.00768829],0
50,[-0.4502258  -0.00768829],1,-1.0,[-0.45845994 -0.00823415],0
50,[-0.45845994 -0.00823415],1,-1.0,[-0.46717954 -0.00871959],0
50,[-0.46717954 -0.00871959],1,-1.0,[-0.47632027 -0.00914072],0
50,[-0.47632027 -0.00914072],1,-1.0,[-0.4858144  -0.00949412],0
50,[-0.4858144  -0.00949412],1,-1.0,[-0.49559128 -0.0097769 ],0
50,[-0.49559128 -0.0097769 ],1,-1.0,[-0.505578   -0.00998671],0
50,[-0.505578   -0.00998671],1,-1.0,[-0.5156998 -0.0101218],0
50,[-0.5156998 -0.0101218],1,-1.0,[-0.5258808  -0.01018103],0
50,[-0.5258808  -0.01018103],1,-1.0,[-0.5360447  -0.01016392],0
50,[-0.5360447  -0.01016392],1,-1.0,[-0.54611534 -0.01007059],0
50,[-0.54611534 -0.01007059],1,-1.0,[-0.55601716 -0.00990185],0
50,[-0.55601716 -0.00990185],1,-1.0,[-0.5656763  -0.00965909],0
50,[-0.5656763  -0.00965909],1,-1.0,[-0.5750206  -0.00934435],0
50,[-0.5750206  -0.00934435],1,-1.0,[-0.58398086 -0.00896021],0
50,[-0.58398086 -0.00896021],1,-1.0,[-0.5924907  -0.00850982],0
50,[-0.5924907  -0.00850982],1,-1.0,[-0.6004875 -0.0079968],0
50,[-0.6004875 -0.0079968],1,-1.0,[-0.6079127  -0.00742524],0
50,[-0.6079127  -0.00742524],1,-1.0,[-0.6147123 -0.0067996],0
50,[-0.6147123 -0.0067996],1,-1.0,[-0.62083703 -0.00612473],0
50,[-0.62083703 -0.00612473],1,-1.0,[-0.62624276 -0.00540574],0
50,[-0.62624276 -0.00540574],1,-1.0,[-0.6308908  -0.00464802],0
50,[-0.6308908  -0.00464802],1,-1.0,[-0.6347479  -0.00385716],0
50,[-0.6347479  -0.00385716],1,-1.0,[-0.63778687 -0.0030389 ],0
50,[-0.63778687 -0.0030389 ],1,-1.0,[-0.639986   -0.00219914],0
50,[-0.639986   -0.00219914],1,-1.0,[-0.6413298  -0.00134386],0
50,[-0.6413298  -0.00134386],1,-1.0,[-6.4180899e-01 -4.7912565e-04],0
50,[-6.4180899e-01 -4.7912565e-04],1,-1.0,[-6.414200e-01  3.889843e-04],0
50,[-6.414200e-01  3.889843e-04],1,-1.0,[-0.6401656   0.00125436],0
50,[-0.6401656   0.00125436],1,-1.0,[-0.6380547  0.0021109],0
50,[-0.6380547  0.0021109],1,-1.0,[-0.6351022   0.00295255],0
50,[-0.6351022   0.00295255],1,-1.0,[-0.6313289   0.00377332],0
50,[-0.6313289   0.00377332],1,-1.0,[-0.62676156  0.0045673 ],0
50,[-0.62676156  0.0045673 ],1,-1.0,[-0.62143284  0.00532873],0
50,[-0.62143284  0.00532873],1,-1.0,[-0.6153808   0.00605199],0
50,[-0.6153808   0.00605199],1,-1.0,[-0.60864913  0.00673169],0
50,[-0.60864913  0.00673169],1,-1.0,[-0.6012865   0.00736267],0
50,[-0.6012865   0.00736267],1,-1.0,[-0.5933464   0.00794007],0
50,[-0.5933464   0.00794007],1,-1.0,[-0.584887    0.00845937],0
50,[-0.584887    0.00845937],1,-1.0,[-0.5759706   0.00891645],0
50,[-0.5759706   0.00891645],1,-1.0,[-0.56666297  0.00930762],0
50,[-0.56666297  0.00930762],1,-1.0,[-0.5570333  0.0096297],0
50,[-0.5570333  0.0096297],1,-1.0,[-0.54715323  0.00988004],0
50,[-0.54715323  0.00988004],1,-1.0,[-0.5370967   0.01005655],0
50,[-0.5370967   0.01005655],1,-1.0,[-0.5269389   0.01015776],0
50,[-0.5269389   0.01015776],1,-1.0,[-0.5167561   0.01018281],0
50,[-0.5167561   0.01018281],1,-1.0,[-0.5066246  0.0101315],0
50,[-0.5066246  0.0101315],1,-1.0,[-0.49662036  0.01000424],0
50,[-0.49662036  0.01000424],1,-1.0,[-0.48681822  0.00980213],0
50,[-0.48681822  0.00980213],1,-1.0,[-0.4772914   0.00952683],0
50,[-0.4772914   0.00952683],1,-1.0,[-0.46811077  0.00918064],0
50,[-0.46811077  0.00918064],1,-1.0,[-0.45934436  0.0087664 ],0
50,[-0.45934436  0.0087664 ],1,-1.0,[-0.4510569   0.00828747],0
50,[-0.4510569   0.00828747],1,-1.0,[-0.4433092   0.00774769],0
50,[-0.4433092   0.00774769],1,-1.0,[-0.43615788  0.00715133],0
50,[-0.43615788  0.00715133],1,-1.0,[-0.42965487  0.00650302],0
50,[-0.42965487  0.00650302],1,-1.0,[-0.42384714  0.00580773],0
50,[-0.42384714  0.00580773],1,-1.0,[-0.41877642  0.00507071],0
50,[-0.41877642  0.00507071],1,-1.0,[-0.414479    0.00429743],0
50,[-0.414479    0.00429743],1,-1.0,[-0.4109854   0.00349357],0
50,[-0.4109854   0.00349357],1,-1.0,[-0.4083205   0.00266495],0
50,[-0.4083205   0.00266495],1,-1.0,[-0.406503    0.00181749],0
50,[-0.406503    0.00181749],1,-1.0,[-0.40554577  0.00095722],0
50,[-0.40554577  0.00095722],1,-1.0,[-4.0545553e-01  9.0219837e-05],0
50,[-4.0545553e-01  9.0219837e-05],1,-1.0,[-0.40623295 -0.00077742],0
50,[-0.40623295 -0.00077742],1,-1.0,[-0.40787256 -0.00163959],0
50,[-0.40787256 -0.00163959],1,-1.0,[-0.41036275 -0.0024902 ],0
50,[-0.41036275 -0.0024902 ],1,-1.0,[-0.41368598 -0.00332323],0
50,[-0.41368598 -0.00332323],1,-1.0,[-0.4178187  -0.00413272],0
50,[-0.4178187  -0.00413272],1,-1.0,[-0.42273152 -0.00491282],0
50,[-0.42273152 -0.00491282],1,-1.0,[-0.42838937 -0.00565783],0
50,[-0.42838937 -0.00565783],1,-1.0,[-0.4347516  -0.00636224],0
50,[-0.4347516  -0.00636224],1,-1.0,[-0.4417723  -0.00702073],0
50,[-0.4417723  -0.00702073],1,-1.0,[-0.4494006  -0.00762828],0
50,[-0.4494006  -0.00762828],1,-1.0,[-0.45758078 -0.00818018],0
50,[-0.45758078 -0.00818018],1,-1.0,[-0.46625286 -0.00867209],0
50,[-0.46625286 -0.00867209],1,-1.0,[-0.47535294 -0.00910006],0
50,[-0.47535294 -0.00910006],1,-1.0,[-0.48481357 -0.00946064],0
50,[-0.48481357 -0.00946064],1,-1.0,[-0.49456447 -0.00975088],0
50,[-0.49456447 -0.00975088],1,-1.0,[-0.5045328  -0.00996836],0
50,[-0.5045328  -0.00996836],1,-1.0,[-0.5146441  -0.01011128],0
50,[-0.5146441  -0.01011128],1,-1.0,[-0.52482253 -0.01017843],0
50,[-0.52482253 -0.01017843],1,-1.0,[-0.5349918  -0.01016925],0
50,[-0.5349918  -0.01016925],1,-1.0,[-0.5450756  -0.01008382],0
50,[-0.5450756  -0.01008382],1,-1.0,[-0.55499846 -0.00992286],0
50,[-0.55499846 -0.00992286],1,-1.0,[-0.5646862  -0.00968771],0
50,[-0.5646862  -0.00968771],1,-1.0,[-0.57406646 -0.00938033],0
50,[-0.57406646 -0.00938033],1,-1.0,[-0.58306974 -0.00900327],0
50,[-0.58306974 -0.00900327],1,-1.0,[-0.5916293 -0.0085596],0
50,[-0.5916293 -0.0085596],1,-1.0,[-0.5996823 -0.0080529],0
50,[-0.5996823 -0.0080529],1,-1.0,[-0.60716945 -0.00748722],0
50,[-0.60716945 -0.00748722],1,-1.0,[-0.61403644 -0.00686698],0
50,[-0.61403644 -0.00686698],1,-1.0,[-0.6202334  -0.00619699],0
50,[-0.6202334  -0.00619699],1,-1.0,[-0.6257158  -0.00548234],0
50,[-0.6257158  -0.00548234],1,-1.0,[-0.63044417 -0.00472839],0
50,[-0.63044417 -0.00472839],1,-1.0,[-0.6343849 -0.0039407],0
50,[-0.6343849 -0.0039407],1,-1.0,[-0.6375099  -0.00312502],0
50,[-0.6375099  -0.00312502],1,-1.0,[-0.6397971  -0.00228721],0
50,[-0.6397971  -0.00228721],1,-1.0,[-0.64123034 -0.00143327],0
50,[-0.64123034 -0.00143327],1,-1.0,[-6.417996e-01 -5.692306e-04],0
50,[-6.417996e-01 -5.692306e-04],1,-1.0,[-6.4150077e-01  2.9881342e-04],0
50,[-6.4150077e-01  2.9881342e-04],1,-1.0,[-0.64033604  0.00116476],0
50,[-0.64033604  0.00116476],1,-1.0,[-0.63831353  0.0020225 ],0
50,[-0.63831353  0.0020225 ],1,-1.0,[-0.63544756  0.00286598],0
50,[-0.63544756  0.00286598],1,-1.0,[-0.6317584   0.00368919],0
50,[-0.6317584   0.00368919],1,-1.0,[-0.6272721   0.00448623],0
50,[-0.6272721   0.00448623],1,-1.0,[-0.62202084  0.0052513 ],0
50,[-0.62202084  0.0052513 ],1,-1.0,[-0.6160421   0.00597879],0
50,[-0.6160421   0.00597879],1,-1.0,[-0.6093788   0.00666326],0
50,[-0.6093788   0.00666326],1,-1.0,[-0.6020793   0.00729953],0
50,[-0.6020793   0.00729953],1,-1.0,[-0.59419656  0.00788271],0
50,[-0.59419656  0.00788271],1,-1.0,[-0.5857883   0.00840825],0
50,[-0.5857883   0.00840825],1,-1.0,[-0.57691634  0.00887197],0
50,[-0.57691634  0.00887197],1,-1.0,[-0.5676462   0.00927014],0
50,[-0.5676462   0.00927014],1,-1.0,[-0.55804664  0.00959954],0
50,[-0.55804664  0.00959954],1,-1.0,[-0.5481892   0.00985744],0
50,[-0.5481892   0.00985744],1,-1.0,[-0.5381475  0.0100417],0
50,[-0.5381475  0.0100417],1,-1.0,[-0.5279967   0.01015078],0
50,[-0.5279967   0.01015078],1,-1.0,[-0.51781297  0.01018377],0
50,[-0.51781297  0.01018377],1,-1.0,[-0.5076726   0.01014037],0
50,[-0.5076726   0.01014037],1,-1.0,[-0.49765164  0.01002097],0
50,[-0.49765164  0.01002097],1,-1.0,[-0.48782507  0.00982657],0
50,[-0.48782507  0.00982657],1,-1.0,[-0.4782663   0.00955878],0
50,[-0.4782663   0.00955878],1,-1.0,[-0.46904647  0.00921983],0
50,[-0.46904647  0.00921983],1,-1.0,[-0.46023396  0.00881251],0
50,[-0.46023396  0.00881251],1,-1.0,[-0.4518938   0.00834013],0
50,[-0.4518938   0.00834013],1,-1.0,[-0.44408733  0.00780648],0
50,[-0.44408733  0.00780648],1,-1.0,[-0.43687153  0.00721579],0
50,[-0.43687153  0.00721579],1,-1.0,[-0.4302989   0.00657265],0
50,[-0.4302989   0.00657265],1,-1.0,[-0.4244169  0.005882 ],0
50,[-0.4244169  0.005882 ],1,-1.0,[-0.41926783  0.00514906],0
50,[-0.41926783  0.00514906],1,-1.0,[-0.41488853  0.00437929],0
50,[-0.41488853  0.00437929],1,-1.0,[-0.4113102   0.00357834],0
50,[-0.4113102   0.00357834],1,-1.0,[-0.4085582   0.00275202],0
50,[-0.4085582   0.00275202],1,-1.0,[-0.40665194  0.00190624],0
50,[-0.40665194  0.00190624],1,-1.0,[-0.40560493  0.00104702],0
50,[-0.40560493  0.00104702],1,-1.0,[-4.0542448e-01  1.8043282e-04],0
50,[-4.0542448e-01  1.8043282e-04],1,-1.0,[-0.4061119  -0.00068742],0
50,[-0.4061119  -0.00068742],1,-1.0,[-0.40766236 -0.00155045],0
50,[-0.40766236 -0.00155045],1,-1.0,[-0.4100649  -0.00240254],0
50,[-0.4100649  -0.00240254],1,-1.0,[-0.41330257 -0.00323768],0
50,[-0.41330257 -0.00323768],1,-1.0,[-0.41735247 -0.00404989],0
50,[-0.41735247 -0.00404989],1,-1.0,[-0.42218578 -0.00483331],0
50,[-0.42218578 -0.00483331],1,-1.0,[-0.427768   -0.00558223],0
50,[-0.427768   -0.00558223],1,-1.0,[-0.4340591 -0.0062911],0
50,[-0.4340591 -0.0062911],1,-1.0,[-0.4410137 -0.0069546],0
50,[-0.4410137 -0.0069546],1,-1.0,[-0.44858137 -0.00756767],0
50,[-0.44858137 -0.00756767],1,-1.0,[-0.45670694 -0.00812556],0
50,[-0.45670694 -0.00812556],1,-1.0,[-0.46533084 -0.00862389],0
50,[-0.46533084 -0.00862389],1,-1.0,[-0.4743895  -0.00905868],0
50,[-0.4743895  -0.00905868],1,-1.0,[-0.4838159  -0.00942641],0
50,[-0.4838159  -0.00942641],1,-1.0,[-0.49354    -0.00972407],0
50,[-0.49354    -0.00972407],1,-1.0,[-0.5034892  -0.00994921],0
50,[-0.5034892  -0.00994921],1,-1.0,[-0.51358914 -0.01009994],0
50,[-0.51358914 -0.01009994],1,-1.0,[-0.52376413 -0.010175  ],0
50,[-0.52376413 -0.010175  ],1,-1.0,[-0.5339379  -0.01017376],0
50,[-0.5339379  -0.01017376],1,-1.0,[-0.5440341  -0.01009623],0
50,[-0.5440341  -0.01009623],1,-1.0,[-0.5539772  -0.00994306],0
50,[-0.5539772  -0.00994306],1,-1.0,[-0.56369275 -0.00971554],0
50,[-0.56369275 -0.00971554],1,-1.0,[-0.57310826 -0.00941556],0
50,[-0.57310826 -0.00941556],1,-1.0,[-0.58215386 -0.0090456 ],0
50,[-0.58215386 -0.0090456 ],1,-1.0,[-0.59076256 -0.00860869],0
50,[-0.59076256 -0.00860869],1,-1.0,[-0.59887093 -0.00810836],0
50,[-0.59887093 -0.00810836],1,-1.0,[-0.60641956 -0.00754861],0
50,[-0.60641956 -0.00754861],1,-1.0,[-0.6133534  -0.00693382],0
50,[-0.6133534  -0.00693382],1,-1.0,[-0.6196222  -0.00626877],0
50,[-0.6196222  -0.00626877],1,-1.0,[-0.62518066 -0.00555851],0
50,[-0.62518066 -0.00555851],1,-1.0,[-0.629989   -0.00480839],0
50,[-0.629989   -0.00480839],1,-1.0,[-0.634013   -0.00402394],0
50,[-0.634013   -0.00402394],1,-1.0,[-0.6372239  -0.00321089],0
50,[-0.6372239  -0.00321089],1,-1.0,[-0.63959897 -0.00237511],0
50,[-0.63959897 -0.00237511],1,-1.0,[-0.64112157 -0.00152257],0
50,[-0.64112157 -0.00152257],1,-1.0,[-0.64178085 -0.00065929],0
50,[-0.64178085 -0.00065929],1,-1.0,[-6.4157224e-01  2.0861982e-04],0
50,[-6.4157224e-01  2.0861982e-04],1,-1.0,[-0.64049715  0.00107506],0
50,[-0.64049715  0.00107506],1,-1.0,[-0.6385632   0.00193394],0
50,[-0.6385632   0.00193394],1,-1.0,[-0.63578403  0.00277918],0
50,[-0.63578403  0.00277918],1,-1.0,[-0.63217926  0.00360478],0
50,[-0.63217926  0.00360478],1,-1.0,[-0.6277745   0.00440481],0
50,[-0.6277745   0.00440481],1,-1.0,[-0.622601    0.00517347],0
50,[-0.622601    0.00517347],1,-1.0,[-0.6166959   0.00590511],0
50,[-0.6166959   0.00590511],1,-1.0,[-0.6101016  0.0065943],0
50,[-0.6101016  0.0065943],1,-1.0,[-0.60286576  0.00723581],0
50,[-0.60286576  0.00723581],1,-1.0,[-0.59504104  0.00782473],0
50,[-0.59504104  0.00782473],1,-1.0,[-0.5866846   0.00835645],0
50,[-0.5866846   0.00835645],1,-1.0,[-0.5778578   0.00882678],0
50,[-0.5778578   0.00882678],1,-1.0,[-0.56862587  0.00923193],0
50,[-0.56862587  0.00923193],1,-1.0,[-0.5590573  0.0095686],0
50,[-0.5590573  0.0095686],1,-1.0,[-0.54922324  0.00983404],0
50,[-0.54922324  0.00983404],1,-1.0,[-0.5391972   0.01002603],0
50,[-0.5391972   0.01002603],1,-1.0,[-0.5290542   0.01014298],1
51,"(array([-0.5958983,  0.       ], dtype=float32), {})",1,-1.0,[-5.953603e-01  5.380047e-04],0
51,[-5.953603e-01  5.380047e-04],1,-1.0,[-0.59428823  0.00107207],0
51,[-0.59428823  0.00107207],1,-1.0,[-0.59268993  0.00159827],0
51,[-0.59268993  0.00159827],1,-1.0,[-0.5905772   0.00211276],0
51,[-0.5905772   0.00211276],1,-1.0,[-0.5879655   0.00261172],0
51,[-0.5879655   0.00261172],1,-1.0,[-0.584874    0.00309148],0
51,[-0.584874    0.00309148],1,-1.0,[-0.58132553  0.00354846],0
51,[-0.58132553  0.00354846],1,-1.0,[-0.57734627  0.00397925],0
51,[-0.57734627  0.00397925],1,-1.0,[-0.5729657   0.00438061],0
51,[-0.5729657   0.00438061],1,-1.0,[-0.5682162   0.00474951],0
51,[-0.5682162   0.00474951],1,-1.0,[-0.56313306  0.00508314],0
51,[-0.56313306  0.00508314],1,-1.0,[-0.5577541   0.00537895],0
51,[-0.5577541   0.00537895],1,-1.0,[-0.55211943  0.00563467],0
51,[-0.55211943  0.00563467],1,-1.0,[-0.5462711   0.00584831],0
51,[-0.5462711   0.00584831],1,-1.0,[-0.54025286  0.00601822],0
51,[-0.54025286  0.00601822],1,-1.0,[-0.53410983  0.00614308],0
51,[-0.53410983  0.00614308],1,-1.0,[-0.5278879  0.0062219],0
51,[-0.5278879  0.0062219],1,-1.0,[-0.52163386  0.00625407],0
51,[-0.52163386  0.00625407],1,-1.0,[-0.5153945   0.00623933],0
51,[-0.5153945   0.00623933],1,-1.0,[-0.5092167  0.0061778],0
51,[-0.5092167  0.0061778],1,-1.0,[-0.50314677  0.00606997],0
51,[-0.50314677  0.00606997],1,-1.0,[-0.49723005  0.00591668],0
51,[-0.49723005  0.00591668],1,-1.0,[-0.49151096  0.00571912],0
51,[-0.49151096  0.00571912],1,-1.0,[-0.48603213  0.00547883],0
51,[-0.48603213  0.00547883],1,-1.0,[-0.48083442  0.00519768],0
51,[-0.48083442  0.00519768],1,-1.0,[-0.47595662  0.00487782],0
51,[-0.47595662  0.00487782],1,-1.0,[-0.4714349   0.00452172],0
51,[-0.4714349   0.00452172],1,-1.0,[-0.4673028   0.00413209],0
51,[-0.4673028   0.00413209],1,-1.0,[-0.46359095  0.00371187],0
51,[-0.46359095  0.00371187],1,-1.0,[-0.4603267   0.00326424],0
51,[-0.4603267   0.00326424],1,-1.0,[-0.45753416  0.00279254],0
51,[-0.45753416  0.00279254],1,-1.0,[-0.45523384  0.0023003 ],0
51,[-0.45523384  0.0023003 ],1,-1.0,[-0.4534427   0.00179115],0
51,[-0.4534427   0.00179115],1,-1.0,[-0.45217386  0.00126885],0
51,[-0.45217386  0.00126885],1,-1.0,[-0.4514366   0.00073726],0
51,[-0.4514366   0.00073726],1,-1.0,[-4.5123634e-01  2.0025676e-04],0
51,[-4.5123634e-01  2.0025676e-04],1,-1.0,[-4.5157456e-01 -3.3820875e-04],0
51,[-4.5157456e-01 -3.3820875e-04],1,-1.0,[-0.45244876 -0.0008742 ],0
51,[-0.45244876 -0.0008742 ],1,-1.0,[-0.45385253 -0.00140378],0
51,[-0.45385253 -0.00140378],1,-1.0,[-0.4557756  -0.00192307],0
51,[-0.4557756  -0.00192307],1,-1.0,[-0.45820382 -0.00242824],0
51,[-0.45820382 -0.00242824],1,-1.0,[-0.46111938 -0.00291556],0
51,[-0.46111938 -0.00291556],1,-1.0,[-0.4645008  -0.00338142],0
51,[-0.4645008  -0.00338142],1,-1.0,[-0.46832314 -0.00382233],0
51,[-0.46832314 -0.00382233],1,-1.0,[-0.47255814 -0.004235  ],0
51,[-0.47255814 -0.004235  ],1,-1.0,[-0.47717446 -0.00461631],0
51,[-0.47717446 -0.00461631],1,-1.0,[-0.48213783 -0.00496337],0
51,[-0.48213783 -0.00496337],1,-1.0,[-0.48741135 -0.00527353],0
51,[-0.48741135 -0.00527353],1,-1.0,[-0.49295577 -0.0055444 ],0
51,[-0.49295577 -0.0055444 ],1,-1.0,[-0.49872965 -0.0057739 ],0
51,[-0.49872965 -0.0057739 ],1,-1.0,[-0.50468993 -0.00596024],0
51,[-0.50468993 -0.00596024],1,-1.0,[-0.5107919  -0.00610199],0
51,[-0.5107919  -0.00610199],1,-1.0,[-0.5169899  -0.00619801],0
51,[-0.5169899  -0.00619801],1,-1.0,[-0.52323747 -0.00624758],0
51,[-0.52323747 -0.00624758],1,-1.0,[-0.5294878  -0.00625029],0
51,[-0.5294878  -0.00625029],1,-1.0,[-0.5356939  -0.00620612],0
51,[-0.5356939  -0.00620612],1,-1.0,[-0.5418093  -0.00611543],0
51,[-0.5418093  -0.00611543],1,-1.0,[-0.5477882  -0.00597892],0
51,[-0.5477882  -0.00597892],1,-1.0,[-0.5535859  -0.00579765],0
51,[-0.5535859  -0.00579765],1,-1.0,[-0.5591589  -0.00557305],0
51,[-0.5591589  -0.00557305],1,-1.0,[-0.5644658  -0.00530686],0
51,[-0.5644658  -0.00530686],1,-1.0,[-0.56946695 -0.00500112],0
51,[-0.56946695 -0.00500112],1,-1.0,[-0.5741251 -0.0046582],0
51,[-0.5741251 -0.0046582],1,-1.0,[-0.5784058 -0.0042807],0
51,[-0.5784058 -0.0042807],1,-1.0,[-0.5822773 -0.0038715],0
51,[-0.5822773 -0.0038715],1,-1.0,[-0.585711   -0.00343368],0
51,[-0.585711   -0.00343368],1,-1.0,[-0.5886815  -0.00297053],0
51,[-0.5886815  -0.00297053],1,-1.0,[-0.59116703 -0.0024855 ],0
51,[-0.59116703 -0.0024855 ],1,-1.0,[-0.59314924 -0.0019822 ],0
51,[-0.59314924 -0.0019822 ],1,-1.0,[-0.59461355 -0.00146435],0
51,[-0.59461355 -0.00146435],1,-1.0,[-0.59554935 -0.00093576],0
51,[-0.59554935 -0.00093576],1,-1.0,[-5.9594965e-01 -4.0031064e-04],0
51,[-5.9594965e-01 -4.0031064e-04],1,-1.0,[-5.9581155e-01  1.3807013e-04],0
51,[-5.9581155e-01  1.3807013e-04],1,-1.0,[-0.5951361   0.00067544],0
51,[-0.5951361   0.00067544],1,-1.0,[-0.5939283   0.00120786],0
51,[-0.5939283   0.00120786],1,-1.0,[-0.5921968   0.00173143],0
51,[-0.5921968   0.00173143],1,-1.0,[-0.58995456  0.00224229],0
51,[-0.58995456  0.00224229],1,-1.0,[-0.58721787  0.00273668],0
51,[-0.58721787  0.00273668],1,-1.0,[-0.58400697  0.00321093],0
51,[-0.58400697  0.00321093],1,-1.0,[-0.58034545  0.00366151],0
51,[-0.58034545  0.00366151],1,-1.0,[-0.5762604   0.00408506],0
51,[-0.5762604   0.00408506],1,-1.0,[-0.571782    0.00447838],0
51,[-0.571782    0.00447838],1,-1.0,[-0.56694347  0.0048385 ],0
51,[-0.56694347  0.0048385 ],1,-1.0,[-0.5617808   0.00516267],0
51,[-0.5617808   0.00516267],1,-1.0,[-0.5563324   0.00544841],0
51,[-0.5563324   0.00544841],1,-1.0,[-0.5506389   0.00569352],0
51,[-0.5506389   0.00569352],1,-1.0,[-0.5447428  0.0058961],0
51,[-0.5447428  0.0058961],1,-1.0,[-0.53868824  0.00605457],0
51,[-0.53868824  0.00605457],1,-1.0,[-0.53252053  0.0061677 ],0
51,[-0.53252053  0.0061677 ],1,-1.0,[-0.52628595  0.00623461],0
51,[-0.52628595  0.00623461],1,-1.0,[-0.52003115  0.00625476],0
51,[-0.52003115  0.00625476],1,-1.0,[-0.5138032  0.006228 ],0
51,[-0.5138032  0.006228 ],1,-1.0,[-0.5076486   0.00615455],0
51,[-0.5076486   0.00615455],1,-1.0,[-0.5016137   0.00603497],0
51,[-0.5016137   0.00603497],1,-1.0,[-0.49574345  0.0058702 ],0
51,[-0.49574345  0.0058702 ],1,-1.0,[-0.49008194  0.00566153],0
51,[-0.49008194  0.00566153],1,-1.0,[-0.48467135  0.00541057],0
51,[-0.48467135  0.00541057],1,-1.0,[-0.47955206  0.00511928],0
51,[-0.47955206  0.00511928],1,-1.0,[-0.47476217  0.00478989],0
51,[-0.47476217  0.00478989],1,-1.0,[-0.47033727  0.00442492],0
51,[-0.47033727  0.00442492],1,-1.0,[-0.46631008  0.00402716],0
51,[-0.46631008  0.00402716],1,-1.0,[-0.4627105   0.00359961],0
51,[-0.4627105   0.00359961],1,-1.0,[-0.459565    0.00314548],0
51,[-0.459565    0.00314548],1,-1.0,[-0.45689684  0.00266818],0
51,[-0.45689684  0.00266818],1,-1.0,[-0.4547256   0.00217124],0
51,[-0.4547256   0.00217124],1,-1.0,[-0.4530672   0.00165836],0
51,[-0.4530672   0.00165836],1,-1.0,[-0.45193392  0.00113331],0
51,[-0.45193392  0.00113331],1,-1.0,[-0.45133394  0.00059996],0
51,[-0.45133394  0.00059996],1,-1.0,[-4.5127174e-01  6.2208361e-05],0
51,[-4.5127174e-01  6.2208361e-05],1,-1.0,[-0.45174775 -0.000476  ],0
51,[-0.45174775 -0.000476  ],1,-1.0,[-0.45275846 -0.00101072],0
51,[-0.45275846 -0.00101072],1,-1.0,[-0.4542965  -0.00153803],0
51,[-0.4542965  -0.00153803],1,-1.0,[-0.45635054 -0.00205406],0
51,[-0.45635054 -0.00205406],1,-1.0,[-0.45890555 -0.00255501],0
51,[-0.45890555 -0.00255501],1,-1.0,[-0.46194273 -0.00303717],0
51,[-0.46194273 -0.00303717],1,-1.0,[-0.46543968 -0.00349695],0
51,[-0.46543968 -0.00349695],1,-1.0,[-0.4693706  -0.00393094],0
51,[-0.4693706  -0.00393094],1,-1.0,[-0.47370648 -0.00433586],0
51,[-0.47370648 -0.00433586],1,-1.0,[-0.47841513 -0.00470865],0
51,[-0.47841513 -0.00470865],1,-1.0,[-0.48346162 -0.00504649],0
51,[-0.48346162 -0.00504649],1,-1.0,[-0.48880842 -0.0053468 ],0
51,[-0.48880842 -0.0053468 ],1,-1.0,[-0.49441567 -0.00560725],0
51,[-0.49441567 -0.00560725],1,-1.0,[-0.5002415  -0.00582584],0
51,[-0.5002415  -0.00582584],1,-1.0,[-0.5062424  -0.00600088],0
51,[-0.5062424  -0.00600088],1,-1.0,[-0.5123734  -0.00613099],0
51,[-0.5123734  -0.00613099],1,-1.0,[-0.51858854 -0.00621517],0
51,[-0.51858854 -0.00621517],1,-1.0,[-0.5248413  -0.00625274],0
51,[-0.5248413  -0.00625274],1,-1.0,[-0.5310847  -0.00624343],0
51,[-0.5310847  -0.00624343],1,-1.0,[-0.53727204 -0.00618729],0
51,[-0.53727204 -0.00618729],1,-1.0,[-0.5433568  -0.00608476],0
51,[-0.5433568  -0.00608476],1,-1.0,[-0.54929346 -0.00593667],0
51,[-0.54929346 -0.00593667],1,-1.0,[-0.5550376  -0.00574415],0
51,[-0.5550376  -0.00574415],1,-1.0,[-0.5605463  -0.00550871],0
51,[-0.5605463  -0.00550871],1,-1.0,[-0.56577843 -0.00523217],0
51,[-0.56577843 -0.00523217],1,-1.0,[-0.5706951  -0.00491666],0
51,[-0.5706951  -0.00491666],1,-1.0,[-0.57525975 -0.00456461],0
51,[-0.57525975 -0.00456461],1,-1.0,[-0.57943845 -0.00417871],0
51,[-0.57943845 -0.00417871],1,-1.0,[-0.58320034 -0.00376186],0
51,[-0.58320034 -0.00376186],1,-1.0,[-0.5865175  -0.00331723],0
51,[-0.5865175  -0.00331723],1,-1.0,[-0.58936566 -0.00284814],0
51,[-0.58936566 -0.00284814],1,-1.0,[-0.59172374 -0.00235808],0
51,[-0.59172374 -0.00235808],1,-1.0,[-0.59357446 -0.00185069],0
51,[-0.59357446 -0.00185069],1,-1.0,[-0.5949042  -0.00132972],0
51,[-0.5949042  -0.00132972],1,-1.0,[-0.5957032 -0.000799 ],0
51,[-0.5957032 -0.000799 ],1,-1.0,[-5.9596556e-01 -2.6242383e-04],0
51,[-5.9596556e-01 -2.6242383e-04],1,-1.0,[-5.9568954e-01  2.7607378e-04],0
51,[-5.9568954e-01  2.7607378e-04],1,-1.0,[-0.59487695  0.00081255],0
51,[-0.59487695  0.00081255],1,-1.0,[-0.5935339   0.00134307],0
51,[-0.5935339   0.00134307],1,-1.0,[-0.59167016  0.00186374],0
51,[-0.59167016  0.00186374],1,-1.0,[-0.58929944  0.00237074],0
51,[-0.58929944  0.00237074],1,-1.0,[-0.58643913  0.00286031],0
51,[-0.58643913  0.00286031],1,-1.0,[-0.5831103   0.00332883],0
51,[-0.5831103   0.00332883],1,-1.0,[-0.5793375   0.00377279],0
51,[-0.5793375   0.00377279],1,-1.0,[-0.5751486   0.00418889],0
51,[-0.5751486   0.00418889],1,-1.0,[-0.57057464  0.00457397],0
51,[-0.57057464  0.00457397],1,-1.0,[-0.5656495   0.00492513],0
51,[-0.5656495   0.00492513],1,-1.0,[-0.56040984  0.00523967],0
51,[-0.56040984  0.00523967],1,-1.0,[-0.5548946   0.00551519],0
51,[-0.5548946   0.00551519],1,-1.0,[-0.54914504  0.00574957],0
51,[-0.54914504  0.00574957],1,-1.0,[-0.54320407  0.00594098],0
51,[-0.54320407  0.00594098],1,-1.0,[-0.53711617  0.00608793],0
51,[-0.53711617  0.00608793],1,-1.0,[-0.5309269   0.00618929],0
51,[-0.5309269   0.00618929],1,-1.0,[-0.52468264  0.00624424],0
51,[-0.52468264  0.00624424],1,-1.0,[-0.51843023  0.00625237],0
51,[-0.51843023  0.00625237],1,-1.0,[-0.5122166   0.00621361],0
51,[-0.5122166   0.00621361],1,-1.0,[-0.5060884   0.00612826],0
51,[-0.5060884   0.00612826],1,-1.0,[-0.5000914   0.00599699],0
51,[-0.5000914   0.00599699],1,-1.0,[-0.49427056  0.00582083],0
51,[-0.49427056  0.00582083],1,-1.0,[-0.48866943  0.00560115],0
51,[-0.48866943  0.00560115],1,-1.0,[-0.48332974  0.00533966],0
51,[-0.48332974  0.00533966],1,-1.0,[-0.47829136  0.00503838],0
51,[-0.47829136  0.00503838],1,-1.0,[-0.47359174  0.00469962],0
51,[-0.47359174  0.00469962],1,-1.0,[-0.4692658   0.00432597],0
51,[-0.4692658   0.00432597],1,-1.0,[-0.4653455   0.00392028],0
51,[-0.4653455   0.00392028],1,-1.0,[-0.4618599  0.0034856],0
51,[-0.4618599  0.0034856],1,-1.0,[-0.4588347  0.0030252],0
51,[-0.4588347  0.0030252],1,-1.0,[-0.45629218  0.00254252],0
51,[-0.45629218  0.00254252],1,-1.0,[-0.45425105  0.00204114],0
51,[-0.45425105  0.00204114],1,-1.0,[-0.45272627  0.00152478],0
51,[-0.45272627  0.00152478],1,-1.0,[-0.45172903  0.00099723],0
51,[-0.45172903  0.00099723],1,-1.0,[-0.45126668  0.00046237],0
51,[-0.45126668  0.00046237],1,-1.0,[-4.5134252e-01 -7.5869997e-05],0
51,[-4.5134252e-01 -7.5869997e-05],1,-1.0,[-0.4519561  -0.00061356],0
51,[-0.4519561  -0.00061356],1,-1.0,[-0.45310286 -0.00114675],0
51,[-0.45310286 -0.00114675],1,-1.0,[-0.45477438 -0.00167154],0
51,[-0.45477438 -0.00167154],1,-1.0,[-0.45695844 -0.00218406],0
51,[-0.45695844 -0.00218406],1,-1.0,[-0.45963898 -0.00268054],0
51,[-0.45963898 -0.00268054],1,-1.0,[-0.46279627 -0.0031573 ],0
51,[-0.46279627 -0.0031573 ],1,-1.0,[-0.4664071  -0.00361079],0
51,[-0.4664071  -0.00361079],1,-1.0,[-0.4704447  -0.00403763],0
51,[-0.4704447  -0.00403763],1,-1.0,[-0.4748793 -0.0044346],0
51,[-0.4748793 -0.0044346],1,-1.0,[-0.479678  -0.0047987],0
51,[-0.479678  -0.0047987],1,-1.0,[-0.48480517 -0.00512715],0
51,[-0.48480517 -0.00512715],1,-1.0,[-0.4902226  -0.00541745],0
51,[-0.4902226  -0.00541745],1,-1.0,[-0.49588993 -0.00566735],0
51,[-0.49588993 -0.00566735],1,-1.0,[-0.5017649  -0.00587493],0
51,[-0.5017649  -0.00587493],1,-1.0,[-0.50780344 -0.00603856],0
51,[-0.50780344 -0.00603856],1,-1.0,[-0.5139604  -0.00615698],0
51,[-0.5139604  -0.00615698],1,-1.0,[-0.5201897  -0.00622926],0
51,[-0.5201897  -0.00622926],1,-1.0,[-0.5264445  -0.00625483],1
52,"(array([-0.53955203,  0.        ], dtype=float32), {})",1,-1.0,[-5.3943247e-01  1.1960383e-04],0
52,[-5.3943247e-01  1.1960383e-04],1,-1.0,[-5.3919411e-01  2.3831164e-04],0
52,[-5.3919411e-01  2.3831164e-04],1,-1.0,[-5.3883886e-01  3.5523411e-04],0
52,[-5.3883886e-01  3.5523411e-04],1,-1.0,[-5.3836942e-01  4.6949516e-04],0
52,[-5.3836942e-01  4.6949516e-04],1,-1.0,[-0.53778917  0.00058024],0
52,[-0.53778917  0.00058024],1,-1.0,[-0.5371025   0.00068663],0
52,[-0.5371025   0.00068663],1,-1.0,[-0.53631467  0.00078788],0
52,[-0.53631467  0.00078788],1,-1.0,[-0.5354314   0.00088323],0
52,[-0.5354314   0.00088323],1,-1.0,[-0.5344595   0.00097196],0
52,[-0.5344595   0.00097196],1,-1.0,[-0.5334061  0.0010534],0
52,[-0.5334061  0.0010534],1,-1.0,[-0.53227913  0.00112694],0
52,[-0.53227913  0.00112694],1,-1.0,[-0.5310871   0.00119204],0
52,[-0.5310871   0.00119204],1,-1.0,[-0.52983886  0.00124819],0
52,[-0.52983886  0.00124819],1,-1.0,[-0.5285439   0.00129499],0
52,[-0.5285439   0.00129499],1,-1.0,[-0.5272118   0.00133208],0
52,[-0.5272118   0.00133208],1,-1.0,[-0.5258526   0.00135918],0
52,[-0.5258526   0.00135918],1,-1.0,[-0.5244765   0.00137608],0
52,[-0.5244765   0.00137608],1,-1.0,[-0.5230939   0.00138266],0
52,[-0.5230939   0.00138266],1,-1.0,[-0.521715    0.00137888],0
52,[-0.521715    0.00137888],1,-1.0,[-0.5203503   0.00136475],0
52,[-0.5203503   0.00136475],1,-1.0,[-0.5190099   0.00134039],0
52,[-0.5190099   0.00134039],1,-1.0,[-0.5177039   0.00130597],0
52,[-0.5177039   0.00130597],1,-1.0,[-0.5164422   0.00126176],0
52,[-0.5164422   0.00126176],1,-1.0,[-0.51523405  0.00120809],0
52,[-0.51523405  0.00120809],1,-1.0,[-0.5140887   0.00114536],0
52,[-0.5140887   0.00114536],1,-1.0,[-0.5130147   0.00107405],0
52,[-0.5130147   0.00107405],1,-1.0,[-0.51202     0.00099468],0
52,[-0.51202     0.00099468],1,-1.0,[-0.5111121   0.00090785],0
52,[-0.5111121   0.00090785],1,-1.0,[-0.5102979   0.00081423],0
52,[-0.5102979   0.00081423],1,-1.0,[-0.5095834  0.0007145],0
52,[-0.5095834  0.0007145],1,-1.0,[-0.508974    0.00060941],0
52,[-0.508974    0.00060941],1,-1.0,[-5.0847423e-01  4.9976102e-04],0
52,[-5.0847423e-01  4.9976102e-04],1,-1.0,[-5.080879e-01  3.863658e-04],0
52,[-5.080879e-01  3.863658e-04],1,-1.0,[-5.0781780e-01  2.7007592e-04],0
52,[-5.0781780e-01  2.7007592e-04],1,-1.0,[-5.0766605e-01  1.5176270e-04],0
52,[-5.0766605e-01  1.5176270e-04],1,-1.0,[-5.0763369e-01  3.2312553e-05],0
52,[-5.0763369e-01  3.2312553e-05],1,-1.0,[-5.0772107e-01 -8.7379667e-05],0
52,[-5.0772107e-01 -8.7379667e-05],1,-1.0,[-5.0792748e-01 -2.0641729e-04],0
52,[-5.0792748e-01 -2.0641729e-04],1,-1.0,[-5.082514e-01 -3.239085e-04],0
52,[-5.082514e-01 -3.239085e-04],1,-1.0,[-5.0869042e-01 -4.3897305e-04],0
52,[-5.0869042e-01 -4.3897305e-04],1,-1.0,[-0.50924116 -0.00055075],0
52,[-0.50924116 -0.00055075],1,-1.0,[-0.50989956 -0.0006584 ],0
52,[-0.50989956 -0.0006584 ],1,-1.0,[-0.51066065 -0.00076111],0
52,[-0.51066065 -0.00076111],1,-1.0,[-0.5115188  -0.00085812],0
52,[-0.5115188  -0.00085812],1,-1.0,[-0.5124675 -0.0009487],0
52,[-0.5124675 -0.0009487],1,-1.0,[-0.5134997  -0.00103217],0
52,[-0.5134997  -0.00103217],1,-1.0,[-0.51460755 -0.00110791],0
52,[-0.51460755 -0.00110791],1,-1.0,[-0.5157829  -0.00117533],0
52,[-0.5157829  -0.00117533],1,-1.0,[-0.5170168  -0.00123395],0
52,[-0.5170168  -0.00123395],1,-1.0,[-0.5183001  -0.00128331],0
52,[-0.5183001  -0.00128331],1,-1.0,[-0.51962316 -0.00132304],0
52,[-0.51962316 -0.00132304],1,-1.0,[-0.52097607 -0.00135286],0
52,[-0.52097607 -0.00135286],1,-1.0,[-0.5223486  -0.00137253],0
52,[-0.5223486  -0.00137253],1,-1.0,[-0.5237305  -0.00138191],0
52,[-0.5237305  -0.00138191],1,-1.0,[-0.52511144 -0.00138092],0
52,[-0.52511144 -0.00138092],1,-1.0,[-0.526481   -0.00136958],0
52,[-0.526481   -0.00136958],1,-1.0,[-0.52782893 -0.00134796],0
52,[-0.52782893 -0.00134796],1,-1.0,[-0.5291452  -0.00131623],0
52,[-0.5291452  -0.00131623],1,-1.0,[-0.5304198  -0.00127464],0
52,[-0.5304198  -0.00127464],1,-1.0,[-0.5316433  -0.00122348],0
52,[-0.5316433  -0.00122348],1,-1.0,[-0.53280646 -0.00116316],0
52,[-0.53280646 -0.00116316],1,-1.0,[-0.53390056 -0.00109411],0
52,[-0.53390056 -0.00109411],1,-1.0,[-0.5349174  -0.00101686],0
52,[-0.5349174  -0.00101686],1,-1.0,[-0.5358494  -0.00093198],0
52,[-0.5358494  -0.00093198],1,-1.0,[-0.5366895  -0.00084012],0
52,[-0.5366895  -0.00084012],1,-1.0,[-0.5374315  -0.00074197],0
52,[-0.5374315  -0.00074197],1,-1.0,[-0.5380697  -0.00063825],0
52,[-0.5380697  -0.00063825],1,-1.0,[-5.385995e-01 -5.297540e-04],0
52,[-5.385995e-01 -5.297540e-04],1,-1.0,[-5.390168e-01 -4.172866e-04],0
52,[-5.390168e-01 -4.172866e-04],1,-1.0,[-5.3931850e-01 -3.0169278e-04],0
52,[-5.3931850e-01 -3.0169278e-04],1,-1.0,[-5.3950232e-01 -1.8383874e-04],0
52,[-5.3950232e-01 -1.8383874e-04],1,-1.0,[-5.3956693e-01 -6.4607470e-05],0
52,[-5.3956693e-01 -6.4607470e-05],1,-1.0,[-5.395118e-01  5.510781e-05],0
52,[-5.395118e-01  5.510781e-05],1,-1.0,[-5.3933740e-01  1.7441025e-04],0
52,[-5.3933740e-01  1.7441025e-04],1,-1.0,[-5.390450e-01  2.924061e-04],0
52,[-5.390450e-01  2.924061e-04],1,-1.0,[-5.386368e-01  4.082113e-04],0
52,[-5.386368e-01  4.082113e-04],1,-1.0,[-5.381158e-01  5.209581e-04],0
52,[-5.381158e-01  5.209581e-04],1,-1.0,[-0.537486   0.0006298],0
52,[-0.537486   0.0006298],1,-1.0,[-0.5367521   0.00073393],0
52,[-0.5367521   0.00073393],1,-1.0,[-0.53591955  0.00083255],0
52,[-0.53591955  0.00083255],1,-1.0,[-0.5349946   0.00092493],0
52,[-0.5349946   0.00092493],1,-1.0,[-0.53398424  0.00101039],0
52,[-0.53398424  0.00101039],1,-1.0,[-0.532896    0.00108827],0
52,[-0.532896    0.00108827],1,-1.0,[-0.531738    0.00115799],0
52,[-0.531738    0.00115799],1,-1.0,[-0.53051895  0.00121902],0
52,[-0.53051895  0.00121902],1,-1.0,[-0.52924806  0.00127092],0
52,[-0.52924806  0.00127092],1,-1.0,[-0.52793473  0.00131329],0
52,[-0.52793473  0.00131329],1,-1.0,[-0.5265889   0.00134581],0
52,[-0.5265889   0.00134581],1,-1.0,[-0.5252207   0.00136823],0
52,[-0.5252207   0.00136823],1,-1.0,[-0.5238403  0.0013804],0
52,[-0.5238403  0.0013804],1,-1.0,[-0.5224581   0.00138221],0
52,[-0.5224581   0.00138221],1,-1.0,[-0.5210844   0.00137365],0
52,[-0.5210844   0.00137365],1,-1.0,[-0.5197297  0.0013548],0
52,[-0.5197297  0.0013548],1,-1.0,[-0.5184039   0.00132578],0
52,[-0.5184039   0.00132578],1,-1.0,[-0.517117    0.00128682],0
52,[-0.517117    0.00128682],1,-1.0,[-0.51587886  0.00123821],0
52,[-0.51587886  0.00123821],1,-1.0,[-0.5146985   0.00118031],0
52,[-0.5146985   0.00118031],1,-1.0,[-0.513585    0.00111357],0
52,[-0.513585    0.00111357],1,-1.0,[-0.5125465   0.00103848],0
52,[-0.5125465   0.00103848],1,-1.0,[-0.5115909  0.0009556],0
52,[-0.5115909  0.0009556],1,-1.0,[-0.5107253   0.00086556],0
52,[-0.5107253   0.00086556],1,-1.0,[-0.5099563   0.00076903],0
52,[-0.5099563   0.00076903],1,-1.0,[-0.50928956  0.00066674],0
52,[-0.50928956  0.00066674],1,-1.0,[-0.50873005  0.00055946],0
52,[-0.50873005  0.00055946],1,-1.0,[-5.0828212e-01  4.4797958e-04],0
52,[-5.0828212e-01  4.4797958e-04],1,-1.0,[-5.0794894e-01  3.3314494e-04],0
52,[-5.0794894e-01  3.3314494e-04],1,-1.0,[-5.0773317e-01  2.1581443e-04],0
52,[-5.0773317e-01  2.1581443e-04],1,-1.0,[-5.0763625e-01  9.6867116e-05],0
52,[-5.0763625e-01  9.6867116e-05],1,-1.0,[-5.0765908e-01 -2.2805874e-05],0
52,[-5.0765908e-01 -2.2805874e-05],1,-1.0,[-5.0780141e-01 -1.4230801e-04],0
52,[-5.0780141e-01 -1.4230801e-04],1,-1.0,[-5.0806212e-01 -2.6074407e-04],0
52,[-5.0806212e-01 -2.6074407e-04],1,-1.0,[-5.0843936e-01 -3.7722668e-04],0
52,[-5.0843936e-01 -3.7722668e-04],1,-1.0,[-5.0893027e-01 -4.9088307e-04],0
52,[-5.0893027e-01 -4.9088307e-04],1,-1.0,[-0.5095311  -0.00060086],0
52,[-0.5095311  -0.00060086],1,-1.0,[-0.51023746 -0.00070634],0
52,[-0.51023746 -0.00070634],1,-1.0,[-0.51104397 -0.00080652],0
52,[-0.51104397 -0.00080652],1,-1.0,[-0.51194465 -0.00090066],0
52,[-0.51194465 -0.00090066],1,-1.0,[-0.51293266 -0.00098805],0
52,[-0.51293266 -0.00098805],1,-1.0,[-0.5140007  -0.00106803],0
52,[-0.5140007  -0.00106803],1,-1.0,[-0.5151407  -0.00114001],0
52,[-0.5151407  -0.00114001],1,-1.0,[-0.51634413 -0.00120343],0
52,[-0.51634413 -0.00120343],1,-1.0,[-0.51760197 -0.00125784],0
52,[-0.51760197 -0.00125784],1,-1.0,[-0.5189048  -0.00130281],0
52,[-0.5189048  -0.00130281],1,-1.0,[-0.5202428  -0.00133802],0
52,[-0.5202428  -0.00133802],1,-1.0,[-0.521606   -0.00136319],0
52,[-0.521606   -0.00136319],1,-1.0,[-0.52298415 -0.00137813],0
52,[-0.52298415 -0.00137813],1,-1.0,[-0.52436686 -0.00138274],0
52,[-0.52436686 -0.00138274],1,-1.0,[-0.52574384 -0.00137698],0
52,[-0.52574384 -0.00137698],1,-1.0,[-0.52710474 -0.00136089],0
52,[-0.52710474 -0.00136089],1,-1.0,[-0.52843934 -0.0013346 ],0
52,[-0.52843934 -0.0013346 ],1,-1.0,[-0.52973765 -0.0012983 ],0
52,[-0.52973765 -0.0012983 ],1,-1.0,[-0.5309899  -0.00125226],0
52,[-0.5309899  -0.00125226],1,-1.0,[-0.53218675 -0.00119683],0
52,[-0.53218675 -0.00119683],1,-1.0,[-0.5333192  -0.00113243],0
52,[-0.5333192  -0.00113243],1,-1.0,[-0.5343787  -0.00105953],0
52,[-0.5343787  -0.00105953],1,-1.0,[-0.53535736 -0.0009787 ],0
52,[-0.53535736 -0.0009787 ],1,-1.0,[-0.5362479  -0.00089053],0
52,[-0.5362479  -0.00089053],1,-1.0,[-0.5370436  -0.00079568],0
52,[-0.5370436  -0.00079568],1,-1.0,[-0.53773844 -0.00069487],0
52,[-0.53773844 -0.00069487],1,-1.0,[-0.53832734 -0.00058886],0
52,[-0.53832734 -0.00058886],1,-1.0,[-5.388057e-01 -4.784280e-04],0
52,[-5.388057e-01 -4.784280e-04],1,-1.0,[-5.3917015e-01 -3.6441526e-04],0
52,[-5.3917015e-01 -3.6441526e-04],1,-1.0,[-5.3941786e-01 -2.4767232e-04],0
52,[-5.3941786e-01 -2.4767232e-04],1,-1.0,[-5.3954691e-01 -1.2907389e-04],0
52,[-5.3954691e-01 -1.2907389e-04],1,-1.0,[-5.3955644e-01 -9.5085097e-06],0
52,[-5.3955644e-01 -9.5085097e-06],1,-1.0,[-5.3944629e-01  1.1012811e-04],0
52,[-5.3944629e-01  1.1012811e-04],1,-1.0,[-5.3921735e-01  2.2893969e-04],0
52,[-5.3921735e-01  2.2893969e-04],1,-1.0,[-5.3887129e-01  3.4603616e-04],0
52,[-5.3887129e-01  3.4603616e-04],1,-1.0,[-5.3841078e-01  4.6054012e-04],0
52,[-5.3841078e-01  4.6054012e-04],1,-1.0,[-0.5378392   0.00057159],0
52,[-0.5378392   0.00057159],1,-1.0,[-0.5371608   0.00067836],0
52,[-0.5371608   0.00067836],1,-1.0,[-0.53638077  0.00078005],0
52,[-0.53638077  0.00078005],1,-1.0,[-0.5355049   0.00087589],0
52,[-0.5355049   0.00087589],1,-1.0,[-0.5345397   0.00096517],0
52,[-0.5345397   0.00096517],1,-1.0,[-0.5334925   0.00104721],0
52,[-0.5334925   0.00104721],1,-1.0,[-0.5323711  0.0011214],0
52,[-0.5323711  0.0011214],1,-1.0,[-0.5311839   0.00118719],0
52,[-0.5311839   0.00118719],1,-1.0,[-0.52993983  0.00124407],0
52,[-0.52993983  0.00124407],1,-1.0,[-0.5286482   0.00129163],0
52,[-0.5286482   0.00129163],1,-1.0,[-0.5273187  0.0013295],0
52,[-0.5273187  0.0013295],1,-1.0,[-0.5259613  0.0013574],0
52,[-0.5259613  0.0013574],1,-1.0,[-0.5245862   0.00137511],0
52,[-0.5245862   0.00137511],1,-1.0,[-0.5232037   0.00138252],0
52,[-0.5232037   0.00138252],1,-1.0,[-0.5218241   0.00137956],0
52,[-0.5218241   0.00137956],1,-1.0,[-0.52045786  0.00136625],0
52,[-0.52045786  0.00136625],1,-1.0,[-0.5191152   0.00134269],0
52,[-0.5191152   0.00134269],1,-1.0,[-0.5178061   0.00130906],0
52,[-0.5178061   0.00130906],1,-1.0,[-0.51654047  0.00126562],0
52,[-0.51654047  0.00126562],1,-1.0,[-0.5153278   0.00121269],0
52,[-0.5153278   0.00121269],1,-1.0,[-0.51417714  0.00115066],0
52,[-0.51417714  0.00115066],1,-1.0,[-0.5130971   0.00108001],0
52,[-0.5130971   0.00108001],1,-1.0,[-0.51209587  0.00100126],0
52,[-0.51209587  0.00100126],1,-1.0,[-0.5111809   0.00091501],0
52,[-0.5111809   0.00091501],1,-1.0,[-0.510359    0.00082189],0
52,[-0.510359    0.00082189],1,-1.0,[-0.50963634  0.00072262],0
52,[-0.50963634  0.00072262],1,-1.0,[-0.5090184   0.00061793],0
52,[-0.5090184   0.00061793],1,-1.0,[-0.5085098   0.00050862],0
52,[-0.5085098   0.00050862],1,-1.0,[-5.0811434e-01  3.9548666e-04],0
52,[-5.0811434e-01  3.9548666e-04],1,-1.0,[-5.0783491e-01  2.7939503e-04],0
52,[-5.0783491e-01  2.7939503e-04],1,-1.0,[-5.0767374e-01  1.6121022e-04],0
52,[-5.0767374e-01  1.6121022e-04],1,-1.0,[-5.0763190e-01  4.1817704e-05],0
52,[-5.0763190e-01  4.1817704e-05],1,-1.0,[-5.0770980e-01 -7.7888086e-05],0
52,[-5.0770980e-01 -7.7888086e-05],1,-1.0,[-5.0790679e-01 -1.9701038e-04],0
52,[-5.0790679e-01 -1.9701038e-04],1,-1.0,[-5.0822145e-01 -3.1465676e-04],0
52,[-5.0822145e-01 -3.1465676e-04],1,-1.0,[-5.0865138e-01 -4.2994577e-04],0
52,[-5.0865138e-01 -4.2994577e-04],1,-1.0,[-0.5091934  -0.00054201],0
52,[-0.5091934  -0.00054201],1,-1.0,[-0.5098434  -0.00065002],0
52,[-0.5098434  -0.00065002],1,-1.0,[-0.5105966  -0.00075316],0
52,[-0.5105966  -0.00075316],1,-1.0,[-0.51144725 -0.00085065],0
52,[-0.51144725 -0.00085065],1,-1.0,[-0.512389   -0.00094176],0
52,[-0.512389   -0.00094176],1,-1.0,[-0.5134148  -0.00102582],0
52,[-0.5134148  -0.00102582],1,-1.0,[-0.514517   -0.00110219],0
52,[-0.514517   -0.00110219],1,-1.0,[-0.5156873  -0.00117029],0
52,[-0.5156873  -0.00117029],1,-1.0,[-0.51691693 -0.00122962],0
52,[-0.51691693 -0.00122962],1,-1.0,[-0.51819664 -0.00127973],0
52,[-0.51819664 -0.00127973],1,-1.0,[-0.5195169  -0.00132025],0
52,[-0.5195169  -0.00132025],1,-1.0,[-0.52086776 -0.00135086],0
52,[-0.52086776 -0.00135086],1,-1.0,[-0.52223915 -0.00137134],0
52,[-0.52223915 -0.00137134],1,-1.0,[-0.52362067 -0.00138154],0
52,[-0.52362067 -0.00138154],1,-1.0,[-0.52500206 -0.00138138],1
53,"(array([-0.47415194,  0.        ], dtype=float32), {})",1,-1.0,[-4.7452143e-01 -3.6949277e-04],0
53,[-4.7452143e-01 -3.6949277e-04],1,-1.0,[-0.47525766 -0.00073624],0
53,[-0.47525766 -0.00073624],1,-1.0,[-0.4763552  -0.00109753],0
53,[-0.4763552  -0.00109753],1,-1.0,[-0.47780588 -0.00145068],0
53,[-0.47780588 -0.00145068],1,-1.0,[-0.4795989  -0.00179304],0
53,[-0.4795989  -0.00179304],1,-1.0,[-0.48172098 -0.00212208],0
53,[-0.48172098 -0.00212208],1,-1.0,[-0.48415634 -0.00243534],0
53,[-0.48415634 -0.00243534],1,-1.0,[-0.4868868  -0.00273047],0
53,[-0.4868868  -0.00273047],1,-1.0,[-0.48989207 -0.00300525],0
53,[-0.48989207 -0.00300525],1,-1.0,[-0.4931497  -0.00325762],0
53,[-0.4931497  -0.00325762],1,-1.0,[-0.49663535 -0.00348567],0
53,[-0.49663535 -0.00348567],1,-1.0,[-0.50032306 -0.00368768],0
53,[-0.50032306 -0.00368768],1,-1.0,[-0.50418514 -0.00386211],0
53,[-0.50418514 -0.00386211],1,-1.0,[-0.5081928  -0.00400763],0
53,[-0.5081928  -0.00400763],1,-1.0,[-0.5123159  -0.00412313],0
53,[-0.5123159  -0.00412313],1,-1.0,[-0.51652366 -0.00420773],0
53,[-0.51652366 -0.00420773],1,-1.0,[-0.52078444 -0.00426079],0
53,[-0.52078444 -0.00426079],1,-1.0,[-0.5250663 -0.0042819],0
53,[-0.5250663 -0.0042819],1,-1.0,[-0.5293372  -0.00427089],0
53,[-0.5293372  -0.00427089],1,-1.0,[-0.5335651  -0.00422786],0
53,[-0.5335651  -0.00422786],1,-1.0,[-0.53771824 -0.00415312],0
53,[-0.53771824 -0.00415312],1,-1.0,[-0.54176545 -0.00404726],0
53,[-0.54176545 -0.00404726],1,-1.0,[-0.5456765  -0.00391108],0
53,[-0.5456765  -0.00391108],1,-1.0,[-0.54942214 -0.00374561],0
53,[-0.54942214 -0.00374561],1,-1.0,[-0.5529743  -0.00355213],0
53,[-0.5529743  -0.00355213],1,-1.0,[-0.55630636 -0.0033321 ],0
53,[-0.55630636 -0.0033321 ],1,-1.0,[-0.5593936  -0.00308719],0
53,[-0.5593936  -0.00308719],1,-1.0,[-0.5622128  -0.00281924],0
53,[-0.5622128  -0.00281924],1,-1.0,[-0.5647431  -0.00253028],0
53,[-0.5647431  -0.00253028],1,-1.0,[-0.5669656  -0.00222248],0
53,[-0.5669656  -0.00222248],1,-1.0,[-0.56886375 -0.00189815],0
53,[-0.56886375 -0.00189815],1,-1.0,[-0.5704234  -0.00155971],0
53,[-0.5704234  -0.00155971],1,-1.0,[-0.5716331  -0.00120967],0
53,[-0.5716331  -0.00120967],1,-1.0,[-0.5724838  -0.00085066],0
53,[-0.5724838  -0.00085066],1,-1.0,[-5.7296914e-01 -4.8533722e-04],0
53,[-5.7296914e-01 -4.8533722e-04],1,-1.0,[-5.7308555e-01 -1.1641201e-04],0
53,[-5.7308555e-01 -1.1641201e-04],1,-1.0,[-5.7283217e-01  2.5337673e-04],0
53,[-5.7283217e-01  2.5337673e-04],1,-1.0,[-0.57221085  0.00062129],0
53,[-0.57221085  0.00062129],1,-1.0,[-0.5712263   0.00098459],0
53,[-0.5712263   0.00098459],1,-1.0,[-0.5698857   0.00134058],0
53,[-0.5698857   0.00134058],1,-1.0,[-0.5681991   0.00168662],0
53,[-0.5681991   0.00168662],1,-1.0,[-0.566179    0.00202012],0
53,[-0.566179    0.00202012],1,-1.0,[-0.5638404  0.0023386],0
53,[-0.5638404  0.0023386],1,-1.0,[-0.5612007   0.00263968],0
53,[-0.5612007   0.00263968],1,-1.0,[-0.5582796  0.0029211],0
53,[-0.5582796  0.0029211],1,-1.0,[-0.55509883  0.00318074],0
53,[-0.55509883  0.00318074],1,-1.0,[-0.55168223  0.00341664],0
53,[-0.55168223  0.00341664],1,-1.0,[-0.5480552   0.00362701],0
53,[-0.5480552   0.00362701],1,-1.0,[-0.54424495  0.00381027],0
53,[-0.54424495  0.00381027],1,-1.0,[-0.5402799   0.00396502],0
53,[-0.5402799   0.00396502],1,-1.0,[-0.53618985  0.00409007],0
53,[-0.53618985  0.00409007],1,-1.0,[-0.53200537  0.00418448],0
53,[-0.53200537  0.00418448],1,-1.0,[-0.5277578   0.00424753],0
53,[-0.5277578   0.00424753],1,-1.0,[-0.5234791   0.00427872],0
53,[-0.5234791   0.00427872],1,-1.0,[-0.5192013   0.00427782],0
53,[-0.5192013   0.00427782],1,-1.0,[-0.5149564   0.00424484],0
53,[-0.5149564   0.00424484],1,-1.0,[-0.5107764   0.00418003],0
53,[-0.5107764   0.00418003],1,-1.0,[-0.5066925   0.00408389],0
53,[-0.5066925   0.00408389],1,-1.0,[-0.5027354   0.00395714],0
53,[-0.5027354   0.00395714],1,-1.0,[-0.4989346   0.00380077],0
53,[-0.4989346   0.00380077],1,-1.0,[-0.49531865  0.00361596],0
53,[-0.49531865  0.00361596],1,-1.0,[-0.49191454  0.00340411],0
53,[-0.49191454  0.00340411],1,-1.0,[-0.4887477   0.00316684],0
53,[-0.4887477   0.00316684],1,-1.0,[-0.48584175  0.00290593],0
53,[-0.48584175  0.00290593],1,-1.0,[-0.4832184   0.00262336],0
53,[-0.4832184   0.00262336],1,-1.0,[-0.48089716  0.00232125],0
53,[-0.48089716  0.00232125],1,-1.0,[-0.4788953   0.00200186],0
53,[-0.4788953   0.00200186],1,-1.0,[-0.47722772  0.00166759],0
53,[-0.47722772  0.00166759],1,-1.0,[-0.4759068   0.00132092],0
53,[-0.4759068   0.00132092],1,-1.0,[-0.47494233  0.00096445],0
53,[-0.47494233  0.00096445],1,-1.0,[-0.4743415   0.00060082],0
53,[-0.4743415   0.00060082],1,-1.0,[-4.7410879e-01  2.3273846e-04],0
53,[-4.7410879e-01  2.3273846e-04],1,-1.0,[-4.7424585e-01 -1.3707441e-04],0
53,[-4.7424585e-01 -1.3707441e-04],1,-1.0,[-0.4747517  -0.00050587],0
53,[-0.4747517  -0.00050587],1,-1.0,[-0.47562262 -0.00087091],0
53,[-0.47562262 -0.00087091],1,-1.0,[-0.47685212 -0.00122949],0
53,[-0.47685212 -0.00122949],1,-1.0,[-0.47843108 -0.00157895],0
53,[-0.47843108 -0.00157895],1,-1.0,[-0.48034775 -0.00191667],0
53,[-0.48034775 -0.00191667],1,-1.0,[-0.48258787 -0.00224014],0
53,[-0.48258787 -0.00224014],1,-1.0,[-0.48513484 -0.00254695],0
53,[-0.48513484 -0.00254695],1,-1.0,[-0.4879696  -0.00283479],0
53,[-0.4879696  -0.00283479],1,-1.0,[-0.4910711 -0.0031015],0
53,[-0.4910711 -0.0031015],1,-1.0,[-0.49441618 -0.00334507],0
53,[-0.49441618 -0.00334507],1,-1.0,[-0.49797985 -0.00356366],0
53,[-0.49797985 -0.00356366],1,-1.0,[-0.50173545 -0.00375561],0
53,[-0.50173545 -0.00375561],1,-1.0,[-0.50565493 -0.00391947],0
53,[-0.50565493 -0.00391947],1,-1.0,[-0.5097089  -0.00405398],0
53,[-0.5097089  -0.00405398],1,-1.0,[-0.513867   -0.00415813],0
53,[-0.513867   -0.00415813],1,-1.0,[-0.5180981 -0.0042311],0
53,[-0.5180981 -0.0042311],1,-1.0,[-0.52237046 -0.00427236],0
53,[-0.52237046 -0.00427236],1,-1.0,[-0.52665204 -0.00428157],0
53,[-0.52665204 -0.00428157],1,-1.0,[-0.53091073 -0.00425867],0
53,[-0.53091073 -0.00425867],1,-1.0,[-0.5351146  -0.00420383],0
53,[-0.5351146  -0.00420383],1,-1.0,[-0.539232   -0.00411748],0
53,[-0.539232   -0.00411748],1,-1.0,[-0.5432323  -0.00400028],0
53,[-0.5432323  -0.00400028],1,-1.0,[-0.5470854  -0.00385311],0
53,[-0.5470854  -0.00385311],1,-1.0,[-0.55076253 -0.00367711],0
53,[-0.55076253 -0.00367711],1,-1.0,[-0.5542361 -0.0034736],0
53,[-0.5542361 -0.0034736],1,-1.0,[-0.5574803  -0.00324415],0
53,[-0.5574803  -0.00324415],1,-1.0,[-0.56047076 -0.00299047],0
53,[-0.56047076 -0.00299047],1,-1.0,[-0.5631853 -0.0027145],0
53,[-0.5631853 -0.0027145],1,-1.0,[-0.56560355 -0.0024183 ],0
53,[-0.56560355 -0.0024183 ],1,-1.0,[-0.56770766 -0.00210409],0
53,[-0.56770766 -0.00210409],1,-1.0,[-0.5694819  -0.00177424],0
53,[-0.5694819  -0.00177424],1,-1.0,[-0.5709131 -0.0014312],0
53,[-0.5709131 -0.0014312],1,-1.0,[-0.5719906  -0.00107754],0
53,[-0.5719906  -0.00107754],1,-1.0,[-0.5727065  -0.00071587],0
53,[-0.5727065  -0.00071587],1,-1.0,[-5.730554e-01 -3.488938e-04],0
53,[-5.730554e-01 -3.488938e-04],1,-1.0,[-5.7303470e-01  2.0671347e-05],0
53,[-5.7303470e-01  2.0671347e-05],1,-1.0,[-5.7264465e-01  3.9008318e-04],0
53,[-5.7264465e-01  3.9008318e-04],1,-1.0,[-0.571888   0.0007566],0
53,[-0.571888   0.0007566],1,-1.0,[-0.5707705   0.00111751],0
53,[-0.5707705   0.00111751],1,-1.0,[-0.5693004   0.00147011],0
53,[-0.5693004   0.00147011],1,-1.0,[-0.5674886  0.0018118],0
53,[-0.5674886  0.0018118],1,-1.0,[-0.56534857  0.00214003],0
53,[-0.56534857  0.00214003],1,-1.0,[-0.56289625  0.00245233],0
53,[-0.56289625  0.00245233],1,-1.0,[-0.56014985  0.00274638],0
53,[-0.56014985  0.00274638],1,-1.0,[-0.5571299   0.00301997],0
53,[-0.5571299   0.00301997],1,-1.0,[-0.5538589   0.00327102],0
53,[-0.5538589   0.00327102],1,-1.0,[-0.5503612   0.00349766],0
53,[-0.5503612   0.00349766],1,-1.0,[-0.54666305  0.00369817],0
53,[-0.54666305  0.00369817],1,-1.0,[-0.542792    0.00387101],0
53,[-0.542792    0.00387101],1,-1.0,[-0.5387772   0.00401488],0
53,[-0.5387772   0.00401488],1,-1.0,[-0.5346485   0.00412868],0
53,[-0.5346485   0.00412868],1,-1.0,[-0.53043693  0.00421154],0
53,[-0.53043693  0.00421154],1,-1.0,[-0.5261741   0.00426282],0
53,[-0.5261741   0.00426282],1,-1.0,[-0.521892    0.00428213],0
53,[-0.521892    0.00428213],1,-1.0,[-0.51762265  0.00426933],0
53,[-0.51762265  0.00426933],1,-1.0,[-0.5133982   0.00422451],0
53,[-0.5133982   0.00422451],1,-1.0,[-0.5092501   0.00414802],0
53,[-0.5092501   0.00414802],1,-1.0,[-0.5052097   0.00404044],0
53,[-0.5052097   0.00404044],1,-1.0,[-0.5013071   0.00390259],0
53,[-0.5013071   0.00390259],1,-1.0,[-0.49757156  0.00373553],0
53,[-0.49757156  0.00373553],1,-1.0,[-0.49403104  0.00354052],0
53,[-0.49403104  0.00354052],1,-1.0,[-0.490712    0.00331906],0
53,[-0.490712    0.00331906],1,-1.0,[-0.4876392  0.0030728],0
53,[-0.4876392  0.0030728],1,-1.0,[-0.48483554  0.00280363],0
53,[-0.48483554  0.00280363],1,-1.0,[-0.48232198  0.00251356],0
53,[-0.48232198  0.00251356],1,-1.0,[-0.4801172   0.00220478],0
53,[-0.4801172   0.00220478],1,-1.0,[-0.47823763  0.00187959],0
53,[-0.47823763  0.00187959],1,-1.0,[-0.47669718  0.00154043],0
53,[-0.47669718  0.00154043],1,-1.0,[-0.47550738  0.00118983],0
53,[-0.47550738  0.00118983],1,-1.0,[-0.47467697  0.00083039],0
53,[-0.47467697  0.00083039],1,-1.0,[-4.7421217e-01  4.6479271e-04],0
53,[-4.7421217e-01  4.6479271e-04],1,-1.0,[-4.7411644e-01  9.5746909e-05],0
53,[-4.7411644e-01  9.5746909e-05],1,-1.0,[-4.7439045e-01 -2.7400913e-04],0
53,[-4.7439045e-01 -2.7400913e-04],1,-1.0,[-0.47503218 -0.00064173],0
53,[-0.47503218 -0.00064173],1,-1.0,[-0.47603688 -0.00100469],0
53,[-0.47603688 -0.00100469],1,-1.0,[-0.47739708 -0.0013602 ],0
53,[-0.47739708 -0.0013602 ],1,-1.0,[-0.47910267 -0.0017056 ],0
53,[-0.47910267 -0.0017056 ],1,-1.0,[-0.481141   -0.00203833],0
53,[-0.481141   -0.00203833],1,-1.0,[-0.4834969  -0.00235591],0
53,[-0.4834969  -0.00235591],1,-1.0,[-0.48615286 -0.00265595],0
53,[-0.48615286 -0.00265595],1,-1.0,[-0.48908907 -0.0029362 ],0
53,[-0.48908907 -0.0029362 ],1,-1.0,[-0.4922836  -0.00319456],0
53,[-0.4922836  -0.00319456],1,-1.0,[-0.4957127  -0.00342908],0
53,[-0.4957127  -0.00342908],1,-1.0,[-0.4993507  -0.00363798],0
53,[-0.4993507  -0.00363798],1,-1.0,[-0.5031704  -0.00381968],0
53,[-0.5031704  -0.00381968],1,-1.0,[-0.50714314 -0.0039728 ],0
53,[-0.50714314 -0.0039728 ],1,-1.0,[-0.51123935 -0.00409617],0
53,[-0.51123935 -0.00409617],1,-1.0,[-0.5154282  -0.00418884],0
53,[-0.5154282  -0.00418884],1,-1.0,[-0.5196783  -0.00425011],0
53,[-0.5196783  -0.00425011],1,-1.0,[-0.5239578  -0.00427952],0
53,[-0.5239578  -0.00427952],1,-1.0,[-0.5282346  -0.00427682],0
53,[-0.5282346  -0.00427682],1,-1.0,[-0.53247666 -0.00424206],0
53,[-0.53247666 -0.00424206],1,-1.0,[-0.53665215 -0.00417548],0
53,[-0.53665215 -0.00417548],1,-1.0,[-0.54072976 -0.0040776 ],0
53,[-0.54072976 -0.0040776 ],1,-1.0,[-0.5446789  -0.00394918],0
53,[-0.5446789  -0.00394918],1,-1.0,[-0.54847014 -0.00379118],0
53,[-0.54847014 -0.00379118],1,-1.0,[-0.55207497 -0.00360482],0
53,[-0.55207497 -0.00360482],1,-1.0,[-0.5554665  -0.00339151],0
53,[-0.5554665  -0.00339151],1,-1.0,[-0.5586193  -0.00315286],0
53,[-0.5586193  -0.00315286],1,-1.0,[-0.56151    -0.00289069],0
53,[-0.56151    -0.00289069],1,-1.0,[-0.564117   -0.00260697],0
53,[-0.564117   -0.00260697],1,-1.0,[-0.5664208  -0.00230383],0
53,[-0.5664208  -0.00230383],1,-1.0,[-0.5684044  -0.00198355],0
53,[-0.5684044  -0.00198355],1,-1.0,[-0.5700529  -0.00164852],0
53,[-0.5700529  -0.00164852],1,-1.0,[-0.57135415 -0.00130124],0
53,[-0.57135415 -0.00130124],1,-1.0,[-0.5722984 -0.0009443],0
53,[-0.5722984 -0.0009443],1,-1.0,[-0.5728788  -0.00058035],0
53,[-0.5728788  -0.00058035],1,-1.0,[-5.7309085e-01 -2.1209479e-04],0
53,[-5.7309085e-01 -2.1209479e-04],1,-1.0,[-5.7293314e-01  1.5773364e-04],0
53,[-5.7293314e-01  1.5773364e-04],1,-1.0,[-5.7240677e-01  5.2639202e-04],0
53,[-5.7240677e-01  5.2639202e-04],1,-1.0,[-0.5715156   0.00089115],0
53,[-0.5715156   0.00089115],1,-1.0,[-0.5702663   0.00124928],0
53,[-0.5702663   0.00124928],1,-1.0,[-0.5686682   0.00159815],0
53,[-0.5686682   0.00159815],1,-1.0,[-0.566733    0.00193514],0
53,[-0.566733    0.00193514],1,-1.0,[-0.5644753   0.00225775],0
53,[-0.5644753   0.00225775],1,-1.0,[-0.56191176  0.00256355],0
53,[-0.56191176  0.00256355],1,-1.0,[-0.55906147  0.00285027],0
53,[-0.55906147  0.00285027],1,-1.0,[-0.55594575  0.00311574],0
53,[-0.55594575  0.00311574],1,-1.0,[-0.55258775  0.00335796],0
53,[-0.55258775  0.00335796],1,-1.0,[-0.54901266  0.0035751 ],0
53,[-0.54901266  0.0035751 ],1,-1.0,[-0.54524714  0.00376552],0
53,[-0.54524714  0.00376552],1,-1.0,[-0.5413194   0.00392777],0
53,[-0.5413194   0.00392777],1,-1.0,[-0.5372588   0.00406061],0
53,[-0.5372588   0.00406061],1,-1.0,[-0.5330957   0.00416303],0
53,[-0.5330957   0.00416303],1,-1.0,[-0.52886146  0.00423425],0
53,[-0.52886146  0.00423425],1,-1.0,[-0.52458775  0.00427372],0
53,[-0.52458775  0.00427372],1,-1.0,[-0.52030665  0.00428114],1
54,"(array([-0.44625223,  0.        ], dtype=float32), {})",1,-1.0,[-0.44682714 -0.00057491],0
54,[-0.44682714 -0.00057491],1,-1.0,[-0.44797274 -0.00114562],0
54,[-0.44797274 -0.00114562],1,-1.0,[-0.44968072 -0.00170796],0
54,[-0.44968072 -0.00170796],1,-1.0,[-0.45193854 -0.00225781],0
54,[-0.45193854 -0.00225781],1,-1.0,[-0.45472968 -0.00279113],0
54,[-0.45472968 -0.00279113],1,-1.0,[-0.45803365 -0.00330399],0
54,[-0.45803365 -0.00330399],1,-1.0,[-0.4618262  -0.00379256],0
54,[-0.4618262  -0.00379256],1,-1.0,[-0.4660794  -0.00425321],0
54,[-0.4660794  -0.00425321],1,-1.0,[-0.47076187 -0.00468246],0
54,[-0.47076187 -0.00468246],1,-1.0,[-0.47583896 -0.00507708],0
54,[-0.47583896 -0.00507708],1,-1.0,[-0.48127303 -0.00543406],0
54,[-0.48127303 -0.00543406],1,-1.0,[-0.48702365 -0.00575065],0
54,[-0.48702365 -0.00575065],1,-1.0,[-0.49304807 -0.00602441],0
54,[-0.49304807 -0.00602441],1,-1.0,[-0.49930128 -0.00625322],0
54,[-0.49930128 -0.00625322],1,-1.0,[-0.5057366  -0.00643529],0
54,[-0.5057366  -0.00643529],1,-1.0,[-0.5123058  -0.00656919],0
54,[-0.5123058  -0.00656919],1,-1.0,[-0.51895964 -0.00665387],0
54,[-0.51895964 -0.00665387],1,-1.0,[-0.5256483  -0.00668867],0
54,[-0.5256483  -0.00668867],1,-1.0,[-0.53232163 -0.0066733 ],0
54,[-0.53232163 -0.0066733 ],1,-1.0,[-0.5389295  -0.00660788],0
54,[-0.5389295  -0.00660788],1,-1.0,[-0.54542243 -0.00649294],0
54,[-0.54542243 -0.00649294],1,-1.0,[-0.5517518  -0.00632938],0
54,[-0.5517518  -0.00632938],1,-1.0,[-0.5578703  -0.00611848],0
54,[-0.5578703  -0.00611848],1,-1.0,[-0.5637322 -0.0058619],0
54,[-0.5637322 -0.0058619],1,-1.0,[-0.56929386 -0.00556163],0
54,[-0.56929386 -0.00556163],1,-1.0,[-0.5745138  -0.00521999],0
54,[-0.5745138  -0.00521999],1,-1.0,[-0.57935345 -0.00483961],0
54,[-0.57935345 -0.00483961],1,-1.0,[-0.58377683 -0.00442339],0
54,[-0.58377683 -0.00442339],1,-1.0,[-0.5877513  -0.00397451],0
54,[-0.5877513  -0.00397451],1,-1.0,[-0.5912476  -0.00349633],0
54,[-0.5912476  -0.00349633],1,-1.0,[-0.59424007 -0.00299244],0
54,[-0.59424007 -0.00299244],1,-1.0,[-0.5967067  -0.00246658],0
54,[-0.5967067  -0.00246658],1,-1.0,[-0.5986293  -0.00192266],0
54,[-0.5986293  -0.00192266],1,-1.0,[-0.599994   -0.00136467],0
54,[-0.599994   -0.00136467],1,-1.0,[-0.6007907  -0.00079671],0
54,[-0.6007907  -0.00079671],1,-1.0,[-6.0101360e-01 -2.2292911e-04],0
54,[-6.0101360e-01 -2.2292911e-04],1,-1.0,[-6.0066116e-01  3.5247690e-04],0
54,[-6.0066116e-01  3.5247690e-04],1,-1.0,[-0.59973586  0.00092531],0
54,[-0.59973586  0.00092531],1,-1.0,[-0.5982444   0.00149139],0
54,[-0.5982444   0.00149139],1,-1.0,[-0.5961979   0.00204656],0
54,[-0.5961979   0.00204656],1,-1.0,[-0.5936111   0.00258676],0
54,[-0.5936111   0.00258676],1,-1.0,[-0.59050316  0.003108  ],0
54,[-0.59050316  0.003108  ],1,-1.0,[-0.5868967   0.00360642],0
54,[-0.5868967   0.00360642],1,-1.0,[-0.5828184   0.00407831],0
54,[-0.5828184   0.00407831],1,-1.0,[-0.5782983   0.00452012],0
54,[-0.5782983   0.00452012],1,-1.0,[-0.57336974  0.00492853],0
54,[-0.57336974  0.00492853],1,-1.0,[-0.56806934  0.00530043],0
54,[-0.56806934  0.00530043],1,-1.0,[-0.56243634  0.00563297],0
54,[-0.56243634  0.00563297],1,-1.0,[-0.5565128   0.00592359],0
54,[-0.5565128   0.00592359],1,-1.0,[-0.55034274  0.00617004],0
54,[-0.55034274  0.00617004],1,-1.0,[-0.5439723   0.00637041],0
54,[-0.5439723   0.00637041],1,-1.0,[-0.5374492   0.00652312],0
54,[-0.5374492   0.00652312],1,-1.0,[-0.5308222   0.00662696],0
54,[-0.5308222   0.00662696],1,-1.0,[-0.52414113  0.00668114],0
54,[-0.52414113  0.00668114],1,-1.0,[-0.5174559  0.0066852],0
54,[-0.5174559  0.0066852],1,-1.0,[-0.51081675  0.00663913],0
54,[-0.51081675  0.00663913],1,-1.0,[-0.5042735   0.00654329],0
54,[-0.5042735   0.00654329],1,-1.0,[-0.49787503  0.00639843],0
54,[-0.49787503  0.00639843],1,-1.0,[-0.49166936  0.0062057 ],0
54,[-0.49166936  0.0062057 ],1,-1.0,[-0.48570275  0.00596659],0
54,[-0.48570275  0.00596659],1,-1.0,[-0.48001978  0.00568298],0
54,[-0.48001978  0.00568298],1,-1.0,[-0.4746627   0.00535707],0
54,[-0.4746627   0.00535707],1,-1.0,[-0.46967134  0.00499137],0
54,[-0.46967134  0.00499137],1,-1.0,[-0.46508265  0.00458867],0
54,[-0.46508265  0.00458867],1,-1.0,[-0.46093062  0.00415205],0
54,[-0.46093062  0.00415205],1,-1.0,[-0.4572458   0.00368481],0
54,[-0.4572458   0.00368481],1,-1.0,[-0.45405537  0.00319044],0
54,[-0.45405537  0.00319044],1,-1.0,[-0.45138273  0.00267264],0
54,[-0.45138273  0.00267264],1,-1.0,[-0.44924748  0.00213525],0
54,[-0.44924748  0.00213525],1,-1.0,[-0.44766524  0.00158222],0
54,[-0.44766524  0.00158222],1,-1.0,[-0.4466476   0.00101764],0
54,[-0.4466476   0.00101764],1,-1.0,[-4.4620201e-01  4.4561396e-04],0
54,[-4.4620201e-01  4.4561396e-04],1,-1.0,[-4.4633165e-01 -1.2966013e-04],0
54,[-4.4633165e-01 -1.2966013e-04],1,-1.0,[-0.44703564 -0.00070399],0
54,[-0.44703564 -0.00070399],1,-1.0,[-0.44830883 -0.00127318],0
54,[-0.44830883 -0.00127318],1,-1.0,[-0.45014188 -0.00183306],0
54,[-0.45014188 -0.00183306],1,-1.0,[-0.4525214  -0.00237954],0
54,[-0.4525214  -0.00237954],1,-1.0,[-0.45543    -0.00290859],0
54,[-0.45543    -0.00290859],1,-1.0,[-0.4588463 -0.0034163],0
54,[-0.4588463 -0.0034163],1,-1.0,[-0.4627452  -0.00389889],0
54,[-0.4627452  -0.00389889],1,-1.0,[-0.46709797 -0.00435276],0
54,[-0.46709797 -0.00435276],1,-1.0,[-0.47187245 -0.00477449],0
54,[-0.47187245 -0.00477449],1,-1.0,[-0.47703335 -0.00516089],0
54,[-0.47703335 -0.00516089],1,-1.0,[-0.48254234 -0.00550899],0
54,[-0.48254234 -0.00550899],1,-1.0,[-0.48835847 -0.00581614],0
54,[-0.48835847 -0.00581614],1,-1.0,[-0.4944384  -0.00607995],0
54,[-0.4944384  -0.00607995],1,-1.0,[-0.5007368  -0.00629837],0
54,[-0.5007368  -0.00629837],1,-1.0,[-0.5072065 -0.0064697],0
54,[-0.5072065 -0.0064697],1,-1.0,[-0.5137991  -0.00659259],0
54,[-0.5137991  -0.00659259],1,-1.0,[-0.5204652  -0.00666608],0
54,[-0.5204652  -0.00666608],1,-1.0,[-0.52715474 -0.00668958],0
54,[-0.52715474 -0.00668958],1,-1.0,[-0.53381765 -0.00666291],0
54,[-0.53381765 -0.00666291],1,-1.0,[-0.54040396 -0.00658628],0
54,[-0.54040396 -0.00658628],1,-1.0,[-0.5468643 -0.0064603],0
54,[-0.5468643 -0.0064603],1,-1.0,[-0.5531502  -0.00628595],0
54,[-0.5531502  -0.00628595],1,-1.0,[-0.55921483 -0.0060646 ],0
54,[-0.55921483 -0.0060646 ],1,-1.0,[-0.5650128  -0.00579799],0
54,[-0.5650128  -0.00579799],1,-1.0,[-0.57050097 -0.00548818],0
54,[-0.57050097 -0.00548818],1,-1.0,[-0.57563853 -0.00513758],0
54,[-0.57563853 -0.00513758],1,-1.0,[-0.5803874  -0.00474886],0
54,[-0.5803874  -0.00474886],1,-1.0,[-0.58471245 -0.00432501],0
54,[-0.58471245 -0.00432501],1,-1.0,[-0.5885816  -0.00386922],0
54,[-0.5885816  -0.00386922],1,-1.0,[-0.59196657 -0.00338493],0
54,[-0.59196657 -0.00338493],1,-1.0,[-0.5948423  -0.00287576],0
54,[-0.5948423  -0.00287576],1,-1.0,[-0.5971878  -0.00234549],0
54,[-0.5971878  -0.00234549],1,-1.0,[-0.59898585 -0.00179804],0
54,[-0.59898585 -0.00179804],1,-1.0,[-0.6002233  -0.00123745],0
54,[-0.6002233  -0.00123745],1,-1.0,[-0.6008911  -0.00066781],0
54,[-0.6008911  -0.00066781],1,-1.0,[-6.009844e-01 -9.329871e-05],0
54,[-6.009844e-01 -9.329871e-05],1,-1.0,[-6.0050249e-01  4.8189404e-04],0
54,[-6.0050249e-01  4.8189404e-04],1,-1.0,[-0.599449    0.00105357],0
54,[-0.599449    0.00105357],1,-1.0,[-0.5978314   0.00161755],0
54,[-0.5978314   0.00161755],1,-1.0,[-0.5956617  0.0021697],0
54,[-0.5956617  0.0021697],1,-1.0,[-0.5929557   0.00270597],0
54,[-0.5929557   0.00270597],1,-1.0,[-0.5897333   0.00322241],0
54,[-0.5897333   0.00322241],1,-1.0,[-0.58601815  0.00371517],0
54,[-0.58601815  0.00371517],1,-1.0,[-0.5818376   0.00418058],0
54,[-0.5818376   0.00418058],1,-1.0,[-0.5772224   0.00461515],0
54,[-0.5772224   0.00461515],1,-1.0,[-0.5722068  0.0050156],0
54,[-0.5722068  0.0050156],1,-1.0,[-0.56682795  0.00537887],0
54,[-0.56682795  0.00537887],1,-1.0,[-0.56112576  0.00570218],0
54,[-0.56112576  0.00570218],1,-1.0,[-0.5551427   0.00598304],0
54,[-0.5551427   0.00598304],1,-1.0,[-0.5489235   0.00621926],0
54,[-0.5489235   0.00621926],1,-1.0,[-0.54251444  0.00640902],0
54,[-0.54251444  0.00640902],1,-1.0,[-0.53596365  0.00655081],0
54,[-0.53596365  0.00655081],1,-1.0,[-0.5293201   0.00664352],0
54,[-0.5293201   0.00664352],1,-1.0,[-0.5226337   0.00668643],0
54,[-0.5226337   0.00668643],1,-1.0,[-0.5159545   0.00667919],0
54,[-0.5159545   0.00667919],1,-1.0,[-0.50933266  0.00662187],0
54,[-0.50933266  0.00662187],1,-1.0,[-0.50281775  0.0065149 ],0
54,[-0.50281775  0.0065149 ],1,-1.0,[-0.4964586   0.00635915],0
54,[-0.4964586   0.00635915],1,-1.0,[-0.49030277  0.00615582],0
54,[-0.49030277  0.00615582],1,-1.0,[-0.48439625  0.00590651],0
54,[-0.48439625  0.00590651],1,-1.0,[-0.47878307  0.00561317],0
54,[-0.47878307  0.00561317],1,-1.0,[-0.47350502  0.00527807],0
54,[-0.47350502  0.00527807],1,-1.0,[-0.46860123  0.00490378],0
54,[-0.46860123  0.00490378],1,-1.0,[-0.46410808  0.00449316],0
54,[-0.46410808  0.00449316],1,-1.0,[-0.46005872  0.00404935],0
54,[-0.46005872  0.00404935],1,-1.0,[-0.45648304  0.00357568],0
54,[-0.45648304  0.00357568],1,-1.0,[-0.45340735  0.0030757 ],0
54,[-0.45340735  0.0030757 ],1,-1.0,[-0.45085418  0.00255315],0
54,[-0.45085418  0.00255315],1,-1.0,[-0.44884232  0.00201189],0
54,[-0.44884232  0.00201189],1,-1.0,[-0.4473864  0.0014559],0
54,[-0.4473864  0.0014559],1,-1.0,[-0.44649714  0.00088928],0
54,[-0.44649714  0.00088928],1,-1.0,[-4.4618097e-01  3.1615532e-04],0
54,[-4.4618097e-01  3.1615532e-04],1,-1.0,[-4.4644025e-01 -2.5927220e-04],0
54,[-4.4644025e-01 -2.5927220e-04],1,-1.0,[-0.44727305 -0.00083281],0
54,[-0.44727305 -0.00083281],1,-1.0,[-0.4486733  -0.00140026],0
54,[-0.4486733  -0.00140026],1,-1.0,[-0.45063078 -0.00195748],0
54,[-0.45063078 -0.00195748],1,-1.0,[-0.45313117 -0.00250038],0
54,[-0.45313117 -0.00250038],1,-1.0,[-0.45615613 -0.00302496],0
54,[-0.45615613 -0.00302496],1,-1.0,[-0.45968348 -0.00352734],0
54,[-0.45968348 -0.00352734],1,-1.0,[-0.46368724 -0.00400377],0
54,[-0.46368724 -0.00400377],1,-1.0,[-0.46813792 -0.00445069],0
54,[-0.46813792 -0.00445069],1,-1.0,[-0.47300267 -0.00486473],0
54,[-0.47300267 -0.00486473],1,-1.0,[-0.4782454  -0.00524275],0
54,[-0.4782454  -0.00524275],1,-1.0,[-0.48382726 -0.00558185],0
54,[-0.48382726 -0.00558185],1,-1.0,[-0.4897067  -0.00587943],0
54,[-0.4897067  -0.00587943],1,-1.0,[-0.49583986 -0.00613318],0
54,[-0.49583986 -0.00613318],1,-1.0,[-0.502181   -0.00634113],0
54,[-0.502181   -0.00634113],1,-1.0,[-0.50868267 -0.00650165],0
54,[-0.50868267 -0.00650165],1,-1.0,[-0.51529616 -0.00661349],0
54,[-0.51529616 -0.00661349],1,-1.0,[-0.5219719  -0.00667575],0
54,[-0.5219719  -0.00667575],1,-1.0,[-0.5286598  -0.00668795],0
54,[-0.5286598  -0.00668795],1,-1.0,[-0.53530985 -0.00665   ],0
54,[-0.53530985 -0.00665   ],1,-1.0,[-0.541872   -0.00656218],0
54,[-0.541872   -0.00656218],1,-1.0,[-0.5482972 -0.0064252],0
54,[-0.5482972 -0.0064252],1,-1.0,[-0.55453736 -0.00624013],0
54,[-0.55453736 -0.00624013],1,-1.0,[-0.56054574 -0.00600843],0
54,[-0.56054574 -0.00600843],1,-1.0,[-0.5662777  -0.00573189],0
54,[-0.5662777  -0.00573189],1,-1.0,[-0.5716903  -0.00541267],0
54,[-0.5716903  -0.00541267],1,-1.0,[-0.57674354 -0.00505324],0
54,[-0.57674354 -0.00505324],1,-1.0,[-0.5813999  -0.00465634],0
54,[-0.5813999  -0.00465634],1,-1.0,[-0.5856249 -0.004225 ],0
54,[-0.5856249 -0.004225 ],1,-1.0,[-0.58938736 -0.00376248],0
54,[-0.58938736 -0.00376248],1,-1.0,[-0.59265965 -0.00327226],0
54,[-0.59265965 -0.00327226],1,-1.0,[-0.5954176 -0.002758 ],0
54,[-0.5954176 -0.002758 ],1,-1.0,[-0.59764117 -0.00222352],0
54,[-0.59764117 -0.00222352],1,-1.0,[-0.5993139  -0.00167276],0
54,[-0.5993139  -0.00167276],1,-1.0,[-0.6004237  -0.00110976],0
54,[-0.6004237  -0.00110976],1,-1.0,[-6.0096234e-01 -5.3866551e-04],0
54,[-6.0096234e-01 -5.3866551e-04],1,-1.0,[-6.0092598e-01  3.6366262e-05],0
54,[-6.0092598e-01  3.6366262e-05],1,-1.0,[-0.60031486  0.00061113],0
54,[-0.60031486  0.00061113],1,-1.0,[-0.59913343  0.00118144],0
54,[-0.59913343  0.00118144],1,-1.0,[-0.5973903   0.00174311],0
54,[-0.5973903   0.00174311],1,-1.0,[-0.59509826  0.00229204],0
54,[-0.59509826  0.00229204],1,-1.0,[-0.59227407  0.00282418],0
54,[-0.59227407  0.00282418],1,-1.0,[-0.5889385   0.00333561],0
54,[-0.5889385   0.00333561],1,-1.0,[-0.58511597  0.00382253],0
54,[-0.58511597  0.00382253],1,-1.0,[-0.5808347   0.00428129],0
54,[-0.5808347   0.00428129],1,-1.0,[-0.5761262   0.00470845],0
54,[-0.5761262   0.00470845],1,-1.0,[-0.57102543  0.00510078],0
54,[-0.57102543  0.00510078],1,-1.0,[-0.5655701   0.00545528],0
54,[-0.5655701   0.00545528],1,-1.0,[-0.5598009   0.00576924],0
54,[-0.5598009   0.00576924],1,-1.0,[-0.5537607   0.00604022],0
54,[-0.5537607   0.00604022],1,-1.0,[-0.5474946   0.00626612],0
54,[-0.5474946   0.00626612],1,-1.0,[-0.54104936  0.00644519],0
54,[-0.54104936  0.00644519],1,-1.0,[-0.53447336  0.00657601],0
54,[-0.53447336  0.00657601],1,-1.0,[-0.5278158   0.00665755],0
54,[-0.5278158   0.00665755],1,-1.0,[-0.5211266   0.00668918],1
55,"(array([-0.5343979,  0.       ], dtype=float32), {})",1,-1.0,[-5.3431696e-01  8.0979386e-05],0
55,[-5.3431696e-01  8.0979386e-05],1,-1.0,[-5.3415561e-01  1.6135175e-04],0
55,[-5.3415561e-01  1.6135175e-04],1,-1.0,[-5.3391504e-01  2.4051458e-04],0
55,[-5.3391504e-01  2.4051458e-04],1,-1.0,[-5.3359717e-01  3.1787445e-04],0
55,[-5.3359717e-01  3.1787445e-04],1,-1.0,[-5.3320432e-01  3.9285136e-04],0
55,[-5.3320432e-01  3.9285136e-04],1,-1.0,[-5.3273946e-01  4.6488317e-04],0
55,[-5.3273946e-01  4.6488317e-04],1,-1.0,[-0.53220606  0.00053343],0
55,[-0.53220606  0.00053343],1,-1.0,[-0.53160805  0.00059798],0
55,[-0.53160805  0.00059798],1,-1.0,[-0.53095     0.00065804],0
55,[-0.53095     0.00065804],1,-1.0,[-0.53023684  0.00071317],0
55,[-0.53023684  0.00071317],1,-1.0,[-0.5294739   0.00076295],0
55,[-0.5294739   0.00076295],1,-1.0,[-0.52866685  0.00080701],0
55,[-0.52866685  0.00080701],1,-1.0,[-0.52782184  0.00084502],0
55,[-0.52782184  0.00084502],1,-1.0,[-0.5269452  0.0008767],0
55,[-0.5269452  0.0008767],1,-1.0,[-0.52604336  0.00090179],0
55,[-0.52604336  0.00090179],1,-1.0,[-0.52512324  0.00092013],0
55,[-0.52512324  0.00092013],1,-1.0,[-0.5241917   0.00093156],0
55,[-0.5241917   0.00093156],1,-1.0,[-0.52325565  0.00093601],0
55,[-0.52325565  0.00093601],1,-1.0,[-0.52232224  0.00093343],0
55,[-0.52232224  0.00093343],1,-1.0,[-0.52139837  0.00092386],0
55,[-0.52139837  0.00092386],1,-1.0,[-0.520491    0.00090736],0
55,[-0.520491    0.00090736],1,-1.0,[-0.51960695  0.00088405],0
55,[-0.51960695  0.00088405],1,-1.0,[-0.5187529   0.00085411],0
55,[-0.5187529   0.00085411],1,-1.0,[-0.5179351   0.00081777],0
55,[-0.5179351   0.00081777],1,-1.0,[-0.5171598   0.00077529],0
55,[-0.5171598   0.00077529],1,-1.0,[-0.5164328  0.000727 ],0
55,[-0.5164328  0.000727 ],1,-1.0,[-0.5157595   0.00067326],0
55,[-0.5157595   0.00067326],1,-1.0,[-0.51514506  0.00061447],0
55,[-0.51514506  0.00061447],1,-1.0,[-0.51459396  0.00055108],0
55,[-0.51459396  0.00055108],1,-1.0,[-5.1411045e-01  4.8354996e-04],0
55,[-5.1411045e-01  4.8354996e-04],1,-1.0,[-5.1369804e-01  4.1239697e-04],0
55,[-5.1369804e-01  4.1239697e-04],1,-1.0,[-5.133599e-01  3.381523e-04],0
55,[-5.133599e-01  3.381523e-04],1,-1.0,[-5.1309848e-01  2.6137268e-04],0
55,[-5.1309848e-01  2.6137268e-04],1,-1.0,[-5.1291585e-01  1.8263370e-04],0
55,[-5.1291585e-01  1.8263370e-04],1,-1.0,[-5.1281333e-01  1.0252565e-04],0
55,[-5.1281333e-01  1.0252565e-04],1,-1.0,[-5.1279169e-01  2.1649057e-05],0
55,[-5.1279169e-01  2.1649057e-05],1,-1.0,[-5.1285106e-01 -5.9389818e-05],0
55,[-5.1285106e-01 -5.9389818e-05],1,-1.0,[-5.129911e-01 -1.399835e-04],0
55,[-5.129911e-01 -1.399835e-04],1,-1.0,[-5.1321059e-01 -2.1952785e-04],0
55,[-5.1321059e-01 -2.1952785e-04],1,-1.0,[-5.1350802e-01 -2.9742657e-04],0
55,[-5.1350802e-01 -2.9742657e-04],1,-1.0,[-5.1388115e-01 -3.7309562e-04],0
55,[-5.1388115e-01 -3.7309562e-04],1,-1.0,[-5.143271e-01 -4.459677e-04],0
55,[-5.143271e-01 -4.459677e-04],1,-1.0,[-0.51484257 -0.0005155 ],0
55,[-0.51484257 -0.0005155 ],1,-1.0,[-0.5154238  -0.00058116],0
55,[-0.5154238  -0.00058116],1,-1.0,[-0.5160662  -0.00064247],0
55,[-0.5160662  -0.00064247],1,-1.0,[-0.5167652  -0.00069896],0
55,[-0.5167652  -0.00069896],1,-1.0,[-0.51751536 -0.0007502 ],0
55,[-0.51751536 -0.0007502 ],1,-1.0,[-0.5183112  -0.00079583],0
55,[-0.5183112  -0.00079583],1,-1.0,[-0.5191467  -0.00083548],0
55,[-0.5191467  -0.00083548],1,-1.0,[-0.52001554 -0.00086887],0
55,[-0.52001554 -0.00086887],1,-1.0,[-0.5209113  -0.00089575],0
55,[-0.5209113  -0.00089575],1,-1.0,[-0.5218272 -0.0009159],0
55,[-0.5218272 -0.0009159],1,-1.0,[-0.5227564  -0.00092919],0
55,[-0.5227564  -0.00092919],1,-1.0,[-0.5236919  -0.00093551],0
55,[-0.5236919  -0.00093551],1,-1.0,[-0.52462673 -0.00093481],0
55,[-0.52462673 -0.00093481],1,-1.0,[-0.5255538 -0.0009271],0
55,[-0.5255538 -0.0009271],1,-1.0,[-0.52646625 -0.00091244],0
55,[-0.52646625 -0.00091244],1,-1.0,[-0.52735716 -0.00089093],0
55,[-0.52735716 -0.00089093],1,-1.0,[-0.52821994 -0.00086274],0
55,[-0.52821994 -0.00086274],1,-1.0,[-0.529048   -0.00082809],0
55,[-0.529048   -0.00082809],1,-1.0,[-0.5298352  -0.00078722],0
55,[-0.5298352  -0.00078722],1,-1.0,[-0.5305757  -0.00074045],0
55,[-0.5305757  -0.00074045],1,-1.0,[-0.53126377 -0.00068812],0
55,[-0.53126377 -0.00068812],1,-1.0,[-0.53189445 -0.00063064],0
55,[-0.53189445 -0.00063064],1,-1.0,[-0.53246284 -0.00056843],0
55,[-0.53246284 -0.00056843],1,-1.0,[-5.3296483e-01 -5.0195813e-04],0
55,[-5.3296483e-01 -5.0195813e-04],1,-1.0,[-5.3339654e-01 -4.3172203e-04],0
55,[-5.3339654e-01 -4.3172203e-04],1,-1.0,[-5.3375477e-01 -3.5824935e-04],0
55,[-5.3375477e-01 -3.5824935e-04],1,-1.0,[-5.340369e-01 -2.820910e-04],0
55,[-5.340369e-01 -2.820910e-04],1,-1.0,[-5.3424072e-01 -2.0381797e-04],0
55,[-5.3424072e-01 -2.0381797e-04],1,-1.0,[-5.3436470e-01 -1.2401708e-04],0
55,[-5.3436470e-01 -1.2401708e-04],1,-1.0,[-5.3440803e-01 -4.3286534e-05],0
55,[-5.3440803e-01 -4.3286534e-05],1,-1.0,[-5.3437024e-01  3.7768485e-05],0
55,[-5.3437024e-01  3.7768485e-05],1,-1.0,[-5.3425169e-01  1.1854039e-04],0
55,[-5.3425169e-01  1.1854039e-04],1,-1.0,[-5.3405327e-01  1.9842370e-04],0
55,[-5.3405327e-01  1.9842370e-04],1,-1.0,[-5.3377646e-01  2.7681957e-04],0
55,[-5.3377646e-01  2.7681957e-04],1,-1.0,[-5.3342330e-01  3.5314032e-04],0
55,[-5.3342330e-01  3.5314032e-04],1,-1.0,[-5.3299648e-01  4.2681367e-04],0
55,[-5.3299648e-01  4.2681367e-04],1,-1.0,[-5.3249919e-01  4.9728726e-04],0
55,[-5.3249919e-01  4.9728726e-04],1,-1.0,[-0.53193516  0.00056403],0
55,[-0.53193516  0.00056403],1,-1.0,[-0.53130865  0.00062655],0
55,[-0.53130865  0.00062655],1,-1.0,[-0.5306243   0.00068437],0
55,[-0.5306243   0.00068437],1,-1.0,[-0.5298872   0.00073706],0
55,[-0.5298872   0.00073706],1,-1.0,[-0.529103    0.00078422],0
55,[-0.529103    0.00078422],1,-1.0,[-0.5282775  0.0008255],0
55,[-0.5282775  0.0008255],1,-1.0,[-0.5274169   0.00086058],0
55,[-0.5274169   0.00086058],1,-1.0,[-0.5265277   0.00088922],0
55,[-0.5265277   0.00088922],1,-1.0,[-0.5256165   0.00091119],0
55,[-0.5256165   0.00091119],1,-1.0,[-0.5246902   0.00092632],0
55,[-0.5246902   0.00092632],1,-1.0,[-0.52375567  0.00093451],0
55,[-0.52375567  0.00093451],1,-1.0,[-0.52282     0.00093568],0
55,[-0.52282     0.00093568],1,-1.0,[-0.52189016  0.00092984],0
55,[-0.52189016  0.00092984],1,-1.0,[-0.52097315  0.00091703],0
55,[-0.52097315  0.00091703],1,-1.0,[-0.5200758   0.00089733],0
55,[-0.5200758   0.00089733],1,-1.0,[-0.5192049   0.00087091],0
55,[-0.5192049   0.00087091],1,-1.0,[-0.51836693  0.00083796],0
55,[-0.51836693  0.00083796],1,-1.0,[-0.51756823  0.00079872],0
55,[-0.51756823  0.00079872],1,-1.0,[-0.5168147  0.0007535],0
55,[-0.5168147  0.0007535],1,-1.0,[-0.5161121   0.00070262],0
55,[-0.5161121   0.00070262],1,-1.0,[-0.5154656   0.00064647],0
55,[-0.5154656   0.00064647],1,-1.0,[-0.5148801   0.00058548],0
55,[-0.5148801   0.00058548],1,-1.0,[-0.51436    0.0005201],0
55,[-0.51436    0.0005201],1,-1.0,[-5.1390922e-01  4.5081615e-04],0
55,[-5.1390922e-01  4.5081615e-04],1,-1.0,[-5.1353109e-01  3.7815474e-04],0
55,[-5.1353109e-01  3.7815474e-04],1,-1.0,[-5.1322842e-01  3.0265842e-04],0
55,[-5.1322842e-01  3.0265842e-04],1,-1.0,[-5.1300353e-01  2.2489324e-04],0
55,[-5.1300353e-01  2.2489324e-04],1,-1.0,[-5.1285809e-01  1.4544217e-04],0
55,[-5.1285809e-01  1.4544217e-04],1,-1.0,[-5.1279318e-01  6.4900865e-05],0
55,[-5.1279318e-01  6.4900865e-05],1,-1.0,[-5.1280928e-01 -1.6126953e-05],0
55,[-5.1280928e-01 -1.6126953e-05],1,-1.0,[-5.129063e-01 -9.703388e-05],0
55,[-5.129063e-01 -9.703388e-05],1,-1.0,[-5.1308358e-01 -1.7721343e-04],0
55,[-5.1308358e-01 -1.7721343e-04],1,-1.0,[-5.1333964e-01 -2.5606455e-04],0
55,[-5.1333964e-01 -2.5606455e-04],1,-1.0,[-5.1367259e-01 -3.3299613e-04],0
55,[-5.1367259e-01 -3.3299613e-04],1,-1.0,[-5.1408005e-01 -4.0743136e-04],0
55,[-5.1408005e-01 -4.0743136e-04],1,-1.0,[-5.1455885e-01 -4.7881217e-04],0
55,[-5.1455885e-01 -4.7881217e-04],1,-1.0,[-0.5151054 -0.0005466],0
55,[-0.5151054 -0.0005466],1,-1.0,[-0.5157158 -0.0006103],0
55,[-0.5157158 -0.0006103],1,-1.0,[-0.51638514 -0.00066941],0
55,[-0.51638514 -0.00066941],1,-1.0,[-0.5171087  -0.00072351],0
55,[-0.5171087  -0.00072351],1,-1.0,[-0.51788086 -0.00077218],0
55,[-0.51788086 -0.00077218],1,-1.0,[-0.51869595 -0.00081507],0
55,[-0.51869595 -0.00081507],1,-1.0,[-0.51954776 -0.00085184],0
55,[-0.51954776 -0.00085184],1,-1.0,[-0.52042997 -0.00088222],0
55,[-0.52042997 -0.00088222],1,-1.0,[-0.52133596 -0.00090598],0
55,[-0.52133596 -0.00090598],1,-1.0,[-0.52225894 -0.00092295],0
55,[-0.52225894 -0.00092295],1,-1.0,[-0.5231919 -0.000933 ],0
55,[-0.5231919 -0.000933 ],1,-1.0,[-0.52412796 -0.00093605],0
55,[-0.52412796 -0.00093605],1,-1.0,[-0.52506006 -0.00093209],0
55,[-0.52506006 -0.00093209],1,-1.0,[-0.5259812  -0.00092113],0
55,[-0.5259812  -0.00092113],1,-1.0,[-0.52688444 -0.00090326],0
55,[-0.52688444 -0.00090326],1,-1.0,[-0.52776307 -0.00087862],0
55,[-0.52776307 -0.00087862],1,-1.0,[-0.52861047 -0.00084738],0
55,[-0.52861047 -0.00084738],1,-1.0,[-0.52942026 -0.0008098 ],0
55,[-0.52942026 -0.0008098 ],1,-1.0,[-0.5301864  -0.00076614],0
55,[-0.5301864  -0.00076614],1,-1.0,[-0.5309031  -0.00071674],0
55,[-0.5309031  -0.00071674],1,-1.0,[-0.53156507 -0.00066196],0
55,[-0.53156507 -0.00066196],1,-1.0,[-0.5321673  -0.00060222],0
55,[-0.5321673  -0.00060222],1,-1.0,[-0.53270525 -0.00053796],0
55,[-0.53270525 -0.00053796],1,-1.0,[-5.3317493e-01 -4.6966915e-04],0
55,[-5.3317493e-01 -4.6966915e-04],1,-1.0,[-5.335728e-01 -3.978579e-04],0
55,[-5.335728e-01 -3.978579e-04],1,-1.0,[-5.3389585e-01 -3.2306398e-04],0
55,[-5.3389585e-01 -3.2306398e-04],1,-1.0,[-5.3414172e-01 -2.4584823e-04],0
55,[-5.3414172e-01 -2.4584823e-04],1,-1.0,[-5.343085e-01 -1.667895e-04],0
55,[-5.343085e-01 -1.667895e-04],1,-1.0,[-5.343950e-01 -8.648048e-05],0
55,[-5.343950e-01 -8.648048e-05],1,-1.0,[-5.3440046e-01 -5.5232049e-06],0
55,[-5.3440046e-01 -5.5232049e-06],1,-1.0,[-5.343250e-01  7.547547e-05],0
55,[-5.343250e-01  7.547547e-05],1,-1.0,[-5.3416908e-01  1.5590839e-04],0
55,[-5.3416908e-01  1.5590839e-04],1,-1.0,[-5.3393394e-01  2.3517257e-04],0
55,[-5.3393394e-01  2.3517257e-04],1,-1.0,[-5.3362125e-01  3.1267383e-04],0
55,[-5.3362125e-01  3.1267383e-04],1,-1.0,[-5.3323340e-01  3.8783115e-04],0
55,[-5.3323340e-01  3.8783115e-04],1,-1.0,[-5.3277338e-01  4.6008098e-04],0
55,[-5.3277338e-01  4.6008098e-04],1,-1.0,[-5.3224444e-01  5.2888156e-04],0
55,[-5.3224444e-01  5.2888156e-04],1,-1.0,[-0.5316507   0.00059372],0
55,[-0.5316507   0.00059372],1,-1.0,[-0.5309966  0.0006541],0
55,[-0.5309966  0.0006541],1,-1.0,[-0.5302871   0.00070958],0
55,[-0.5302871   0.00070958],1,-1.0,[-0.5295273   0.00075974],0
55,[-0.5295273   0.00075974],1,-1.0,[-0.5287231  0.0008042],0
55,[-0.5287231  0.0008042],1,-1.0,[-0.5278805   0.00084263],0
55,[-0.5278805   0.00084263],1,-1.0,[-0.52700573  0.00087474],0
55,[-0.52700573  0.00087474],1,-1.0,[-0.52610546  0.0009003 ],0
55,[-0.52610546  0.0009003 ],1,-1.0,[-0.52518636  0.0009191 ],0
55,[-0.52518636  0.0009191 ],1,-1.0,[-0.52425534  0.000931  ],0
55,[-0.52425534  0.000931  ],1,-1.0,[-0.5233194   0.00093593],0
55,[-0.5233194   0.00093593],1,-1.0,[-0.5223856   0.00093383],0
55,[-0.5223856   0.00093383],1,-1.0,[-0.5214609   0.00092473],0
55,[-0.5214609   0.00092473],1,-1.0,[-0.52055216  0.0009087 ],0
55,[-0.52055216  0.0009087 ],1,-1.0,[-0.5196663   0.00088585],0
55,[-0.5196663   0.00088585],1,-1.0,[-0.51881     0.00085636],0
55,[-0.51881     0.00085636],1,-1.0,[-0.5179895   0.00082044],0
55,[-0.5179895   0.00082044],1,-1.0,[-0.51721114  0.00077837],0
55,[-0.51721114  0.00077837],1,-1.0,[-0.5164807   0.00073047],0
55,[-0.5164807   0.00073047],1,-1.0,[-0.5158036   0.00067709],0
55,[-0.5158036   0.00067709],1,-1.0,[-0.51518494  0.00061863],0
55,[-0.51518494  0.00061863],1,-1.0,[-0.5146294   0.00055553],0
55,[-0.5146294   0.00055553],1,-1.0,[-5.1414114e-01  4.8827092e-04],0
55,[-5.1414114e-01  4.8827092e-04],1,-1.0,[-5.1372379e-01  4.1734823e-04],0
55,[-5.1372379e-01  4.1734823e-04],1,-1.0,[-5.1338053e-01  3.4329676e-04],0
55,[-5.1338053e-01  3.4329676e-04],1,-1.0,[-5.1311386e-01  2.6667170e-04],0
55,[-5.1311386e-01  2.6667170e-04],1,-1.0,[-5.129258e-01  1.880476e-04],0
55,[-5.129258e-01  1.880476e-04],1,-1.0,[-5.12817800e-01  1.08013846e-04],0
55,[-5.12817800e-01  1.08013846e-04],1,-1.0,[-5.1279062e-01  2.7170408e-05],0
55,[-5.1279062e-01  2.7170408e-05],1,-1.0,[-5.1284450e-01 -5.3876705e-05],0
55,[-5.1284450e-01 -5.3876705e-05],1,-1.0,[-5.1297897e-01 -1.3451996e-04],0
55,[-5.1297897e-01 -1.3451996e-04],1,-1.0,[-5.1319313e-01 -2.1415482e-04],0
55,[-5.1319313e-01 -2.1415482e-04],1,-1.0,[-5.1348531e-01 -2.9218433e-04],0
55,[-5.1348531e-01 -2.9218433e-04],1,-1.0,[-5.138534e-01 -3.680235e-04],0
55,[-5.138534e-01 -3.680235e-04],1,-1.0,[-5.1429445e-01 -4.4110371e-04],0
55,[-5.1429445e-01 -4.4110371e-04],1,-1.0,[-5.148053e-01 -5.108770e-04],0
55,[-5.148053e-01 -5.108770e-04],1,-1.0,[-0.5153822  -0.00057682],0
55,[-0.5153822  -0.00057682],1,-1.0,[-0.5160206  -0.00063844],0
55,[-0.5160206  -0.00063844],1,-1.0,[-0.5167159  -0.00069527],0
55,[-0.5167159  -0.00069527],1,-1.0,[-0.51746273 -0.00074689],0
55,[-0.51746273 -0.00074689],1,-1.0,[-0.51825565 -0.00079291],0
55,[-0.51825565 -0.00079291],1,-1.0,[-0.5190886  -0.00083298],0
55,[-0.5190886  -0.00083298],1,-1.0,[-0.51995546 -0.0008668 ],0
55,[-0.51995546 -0.0008668 ],1,-1.0,[-0.5208496  -0.00089413],0
55,[-0.5208496  -0.00089413],1,-1.0,[-0.52176434 -0.00091475],0
55,[-0.52176434 -0.00091475],1,-1.0,[-0.5226928 -0.0009285],0
55,[-0.5226928 -0.0009285],1,-1.0,[-0.5236281 -0.0009353],0
55,[-0.5236281 -0.0009353],1,-1.0,[-0.5245632  -0.00093508],1
56,"(array([-0.5219,  0.    ], dtype=float32), {})",1,-1.0,[-5.2191275e-01 -1.2740741e-05],0
56,[-5.2191275e-01 -1.2740741e-05],1,-1.0,[-5.2193815e-01 -2.5385927e-05],0
56,[-5.2193815e-01 -2.5385927e-05],1,-1.0,[-5.2197599e-01 -3.7840724e-05],0
56,[-5.2197599e-01 -3.7840724e-05],1,-1.0,[-5.2202600e-01 -5.0011717e-05],0
56,[-5.2202600e-01 -5.0011717e-05],1,-1.0,[-5.220878e-01 -6.180762e-05],0
56,[-5.220878e-01 -6.180762e-05],1,-1.0,[-5.2216095e-01 -7.3139978e-05],0
56,[-5.2216095e-01 -7.3139978e-05],1,-1.0,[-5.222449e-01 -8.392379e-05],0
56,[-5.222449e-01 -8.392379e-05],1,-1.0,[-5.223389e-01 -9.407818e-05],0
56,[-5.223389e-01 -9.407818e-05],1,-1.0,[-5.2244246e-01 -1.0352699e-04],0
56,[-5.2244246e-01 -1.0352699e-04],1,-1.0,[-5.22554636e-01 -1.12199355e-04],0
56,[-5.22554636e-01 -1.12199355e-04],1,-1.0,[-5.2267468e-01 -1.2003022e-04],0
56,[-5.2267468e-01 -1.2003022e-04],1,-1.0,[-5.2280164e-01 -1.2696088e-04],0
56,[-5.2280164e-01 -1.2696088e-04],1,-1.0,[-5.2293462e-01 -1.3293931e-04],0
56,[-5.2293462e-01 -1.3293931e-04],1,-1.0,[-5.2307248e-01 -1.3792072e-04],0
56,[-5.2307248e-01 -1.3792072e-04],1,-1.0,[-5.2321440e-01 -1.4186771e-04],0
56,[-5.2321440e-01 -1.4186771e-04],1,-1.0,[-5.2335912e-01 -1.4475071e-04],0
56,[-5.2335912e-01 -1.4475071e-04],1,-1.0,[-5.2350569e-01 -1.4654807e-04],0
56,[-5.2350569e-01 -1.4654807e-04],1,-1.0,[-5.2365291e-01 -1.4724632e-04],0
56,[-5.2365291e-01 -1.4724632e-04],1,-1.0,[-5.2379978e-01 -1.4684022e-04],0
56,[-5.2379978e-01 -1.4684022e-04],1,-1.0,[-5.2394509e-01 -1.4533283e-04],0
56,[-5.2394509e-01 -1.4533283e-04],1,-1.0,[-5.2408785e-01 -1.4273543e-04],0
56,[-5.2408785e-01 -1.4273543e-04],1,-1.0,[-5.2422690e-01 -1.3906753e-04],0
56,[-5.2422690e-01 -1.3906753e-04],1,-1.0,[-5.2436125e-01 -1.3435661e-04],0
56,[-5.2436125e-01 -1.3435661e-04],1,-1.0,[-5.2448988e-01 -1.2863803e-04],0
56,[-5.2448988e-01 -1.2863803e-04],1,-1.0,[-5.2461183e-01 -1.2195466e-04],0
56,[-5.2461183e-01 -1.2195466e-04],1,-1.0,[-5.2472621e-01 -1.1435663e-04],0
56,[-5.2472621e-01 -1.1435663e-04],1,-1.0,[-5.2483213e-01 -1.0590094e-04],0
56,[-5.2483213e-01 -1.0590094e-04],1,-1.0,[-5.2492875e-01 -9.6650991e-05],0
56,[-5.2492875e-01 -9.6650991e-05],1,-1.0,[-5.250154e-01 -8.667617e-05],0
56,[-5.250154e-01 -8.667617e-05],1,-1.0,[-5.2509147e-01 -7.6051278e-05],0
56,[-5.2509147e-01 -7.6051278e-05],1,-1.0,[-5.251563e-01 -6.485601e-05],0
56,[-5.251563e-01 -6.485601e-05],1,-1.0,[-5.2520949e-01 -5.3174328e-05],0
56,[-5.2520949e-01 -5.3174328e-05],1,-1.0,[-5.252506e-01 -4.109384e-05],0
56,[-5.252506e-01 -4.109384e-05],1,-1.0,[-5.2527928e-01 -2.8705153e-05],0
56,[-5.2527928e-01 -2.8705153e-05],1,-1.0,[-5.2529544e-01 -1.6101181e-05],0
56,[-5.2529544e-01 -1.6101181e-05],1,-1.0,[-5.2529877e-01 -3.3764516e-06],0
56,[-5.2529877e-01 -3.3764516e-06],1,-1.0,[-5.252894e-01  9.373602e-06],0
56,[-5.252894e-01  9.373602e-06],1,-1.0,[-5.2526736e-01  2.2053353e-05],0
56,[-5.2526736e-01  2.2053353e-05],1,-1.0,[-5.2523279e-01  3.4567707e-05],0
56,[-5.2523279e-01  3.4567707e-05],1,-1.0,[-5.2518600e-01  4.6822806e-05],0
56,[-5.2518600e-01  4.6822806e-05],1,-1.0,[-5.2512723e-01  5.8726739e-05],0
56,[-5.2512723e-01  5.8726739e-05],1,-1.0,[-5.2505708e-01  7.0190225e-05],0
56,[-5.2505708e-01  7.0190225e-05],1,-1.0,[-5.2497596e-01  8.1127291e-05],0
56,[-5.2497596e-01  8.1127291e-05],1,-1.0,[-5.2488446e-01  9.1455906e-05],0
56,[-5.2488446e-01  9.1455906e-05],1,-1.0,[-5.2478337e-01  1.0109861e-04],0
56,[-5.2478337e-01  1.0109861e-04],1,-1.0,[-5.2467340e-01  1.0998308e-04],0
56,[-5.2467340e-01  1.0998308e-04],1,-1.0,[-5.2455533e-01  1.1804268e-04],0
56,[-5.2455533e-01  1.1804268e-04],1,-1.0,[-5.2443016e-01  1.2521696e-04],0
56,[-5.2443016e-01  1.2521696e-04],1,-1.0,[-5.2429867e-01  1.3145212e-04],0
56,[-5.2429867e-01  1.3145212e-04],1,-1.0,[-5.2416199e-01  1.3670139e-04],0
56,[-5.2416199e-01  1.3670139e-04],1,-1.0,[-5.240210e-01  1.409254e-04],0
56,[-5.240210e-01  1.409254e-04],1,-1.0,[-5.2387697e-01  1.4409248e-04],0
56,[-5.2387697e-01  1.4409248e-04],1,-1.0,[-5.2373075e-01  1.4617886e-04],0
56,[-5.2373075e-01  1.4617886e-04],1,-1.0,[-5.235836e-01  1.471689e-04],0
56,[-5.235836e-01  1.471689e-04],1,-1.0,[-5.2343655e-01  1.4705517e-04],0
56,[-5.2343655e-01  1.4705517e-04],1,-1.0,[-5.2329069e-01  1.4583852e-04],0
56,[-5.2329069e-01  1.4583852e-04],1,-1.0,[-5.2314717e-01  1.4352810e-04],0
56,[-5.2314717e-01  1.4352810e-04],1,-1.0,[-5.2300704e-01  1.4014120e-04],0
56,[-5.2300704e-01  1.4014120e-04],1,-1.0,[-5.2287138e-01  1.3570326e-04],0
56,[-5.2287138e-01  1.3570326e-04],1,-1.0,[-5.2274108e-01  1.3024754e-04],0
56,[-5.2274108e-01  1.3024754e-04],1,-1.0,[-5.2261728e-01  1.2381497e-04],0
56,[-5.2261728e-01  1.2381497e-04],1,-1.0,[-5.2250081e-01  1.1645378e-04],0
56,[-5.2250081e-01  1.1645378e-04],1,-1.0,[-5.2239263e-01  1.0821920e-04],0
56,[-5.2239263e-01  1.0821920e-04],1,-1.0,[-5.2229345e-01  9.9172983e-05],0
56,[-5.2229345e-01  9.9172983e-05],1,-1.0,[-5.2220404e-01  8.9382971e-05],0
56,[-5.2220404e-01  8.9382971e-05],1,-1.0,[-5.221251e-01  7.892259e-05],0
56,[-5.221251e-01  7.892259e-05],1,-1.0,[-5.2205724e-01  6.7870293e-05],0
56,[-5.2205724e-01  6.7870293e-05],1,-1.0,[-5.2200097e-01  5.6308978e-05],0
56,[-5.2200097e-01  5.6308978e-05],1,-1.0,[-5.2195662e-01  4.4325352e-05],0
56,[-5.2195662e-01  4.4325352e-05],1,-1.0,[-5.2192461e-01  3.2009288e-05],0
56,[-5.2192461e-01  3.2009288e-05],1,-1.0,[-5.2190518e-01  1.9453155e-05],0
56,[-5.2190518e-01  1.9453155e-05],1,-1.0,[-5.2189839e-01  6.7511273e-06],0
56,[-5.2189839e-01  6.7511273e-06],1,-1.0,[-5.219044e-01 -6.001533e-06],0
56,[-5.219044e-01 -6.001533e-06],1,-1.0,[-5.2192312e-01 -1.8709183e-05],0
56,[-5.2192312e-01 -1.8709183e-05],1,-1.0,[-5.2195442e-01 -3.1276515e-05],0
56,[-5.2195442e-01 -3.1276515e-05],1,-1.0,[-5.2199799e-01 -4.3609278e-05],0
56,[-5.2199799e-01 -4.3609278e-05],1,-1.0,[-5.2205360e-01 -5.5614975e-05],0
56,[-5.2205360e-01 -5.5614975e-05],1,-1.0,[-5.2212083e-01 -6.7203560e-05],0
56,[-5.2212083e-01 -6.7203560e-05],1,-1.0,[-5.221991e-01 -7.828813e-05],0
56,[-5.221991e-01 -7.828813e-05],1,-1.0,[-5.222879e-01 -8.878554e-05],0
56,[-5.222879e-01 -8.878554e-05],1,-1.0,[-5.223865e-01 -9.861706e-05],0
56,[-5.223865e-01 -9.861706e-05],1,-1.0,[-5.2249426e-01 -1.0770897e-04],0
56,[-5.2249426e-01 -1.0770897e-04],1,-1.0,[-5.2261025e-01 -1.1599306e-04],0
56,[-5.2261025e-01 -1.1599306e-04],1,-1.0,[-5.2273363e-01 -1.2340721e-04],0
56,[-5.2273363e-01 -1.2340721e-04],1,-1.0,[-5.2286351e-01 -1.2989581e-04],0
56,[-5.2286351e-01 -1.2989581e-04],1,-1.0,[-5.2299893e-01 -1.3541018e-04],0
56,[-5.2299893e-01 -1.3541018e-04],1,-1.0,[-5.231388e-01 -1.399090e-04],0
56,[-5.231388e-01 -1.399090e-04],1,-1.0,[-5.2328223e-01 -1.4335848e-04],0
56,[-5.2328223e-01 -1.4335848e-04],1,-1.0,[-5.2342796e-01 -1.4573277e-04],0
56,[-5.2342796e-01 -1.4573277e-04],1,-1.0,[-5.2357495e-01 -1.4701409e-04],0
56,[-5.2357495e-01 -1.4701409e-04],1,-1.0,[-5.2372211e-01 -1.4719278e-04],0
56,[-5.2372211e-01 -1.4719278e-04],1,-1.0,[-5.2386838e-01 -1.4626754e-04],0
56,[-5.2386838e-01 -1.4626754e-04],1,-1.0,[-5.2401263e-01 -1.4424529e-04],0
56,[-5.2401263e-01 -1.4424529e-04],1,-1.0,[-5.2415377e-01 -1.4114121e-04],0
56,[-5.2415377e-01 -1.4114121e-04],1,-1.0,[-5.2429080e-01 -1.3697856e-04],0
56,[-5.2429080e-01 -1.3697856e-04],1,-1.0,[-5.2442259e-01 -1.3178856e-04],0
56,[-5.2442259e-01 -1.3178856e-04],1,-1.0,[-5.2454817e-01 -1.2561017e-04],0
56,[-5.2454817e-01 -1.2561017e-04],1,-1.0,[-5.24666667e-01 -1.18489705e-04],0
56,[-5.24666667e-01 -1.18489705e-04],1,-1.0,[-5.2477711e-01 -1.1048056e-04],0
56,[-5.2477711e-01 -1.1048056e-04],1,-1.0,[-5.2487880e-01 -1.0164282e-04],0
56,[-5.2487880e-01 -1.0164282e-04],1,-1.0,[-5.249708e-01 -9.204277e-05],0
56,[-5.249708e-01 -9.204277e-05],1,-1.0,[-5.250526e-01 -8.175240e-05],0
56,[-5.250526e-01 -8.175240e-05],1,-1.0,[-5.2512342e-01 -7.0848895e-05],0
56,[-5.2512342e-01 -7.0848895e-05],1,-1.0,[-5.2518284e-01 -5.9414026e-05],0
56,[-5.2518284e-01 -5.9414026e-05],1,-1.0,[-5.2523035e-01 -4.7533555e-05],0
56,[-5.2523035e-01 -4.7533555e-05],1,-1.0,[-5.2526569e-01 -3.5296587e-05],0
56,[-5.2526569e-01 -3.5296587e-05],1,-1.0,[-5.2528846e-01 -2.2794900e-05],0
56,[-5.2528846e-01 -2.2794900e-05],1,-1.0,[-5.2529860e-01 -1.0122254e-05],0
56,[-5.2529860e-01 -1.0122254e-05],1,-1.0,[-5.2529597e-01  2.6263092e-06],0
56,[-5.2529597e-01  2.6263092e-06],1,-1.0,[-5.2528059e-01  1.5355175e-05],0
56,[-5.2528059e-01  1.5355175e-05],1,-1.0,[-5.2525264e-01  2.7968879e-05],0
56,[-5.2525264e-01  2.7968879e-05],1,-1.0,[-5.252123e-01  4.037282e-05],0
56,[-5.252123e-01  4.037282e-05],1,-1.0,[-5.2515978e-01  5.2473966e-05],0
56,[-5.2515978e-01  5.2473966e-05],1,-1.0,[-5.2509564e-01  6.4181564e-05],0
56,[-5.2509564e-01  6.4181564e-05],1,-1.0,[-5.250202e-01  7.540781e-05],0
56,[-5.250202e-01  7.540781e-05],1,-1.0,[-5.249341e-01  8.606849e-05],0
56,[-5.249341e-01  8.606849e-05],1,-1.0,[-5.2483803e-01  9.6083670e-05],0
56,[-5.2483803e-01  9.6083670e-05],1,-1.0,[-5.24732649e-01  1.05378225e-04],0
56,[-5.24732649e-01  1.05378225e-04],1,-1.0,[-5.2461880e-01  1.1388245e-04],0
56,[-5.2461880e-01  1.1388245e-04],1,-1.0,[-5.2449727e-01  1.2153256e-04],0
56,[-5.2449727e-01  1.2153256e-04],1,-1.0,[-5.2436900e-01  1.2827119e-04],0
56,[-5.2436900e-01  1.2827119e-04],1,-1.0,[-5.2423495e-01  1.3404778e-04],0
56,[-5.2423495e-01  1.3404778e-04],1,-1.0,[-5.2409613e-01  1.3881901e-04],0
56,[-5.2409613e-01  1.3881901e-04],1,-1.0,[-5.2395356e-01  1.4254911e-04],0
56,[-5.2395356e-01  1.4254911e-04],1,-1.0,[-5.2380836e-01  1.4521007e-04],0
56,[-5.2380836e-01  1.4521007e-04],1,-1.0,[-5.2366155e-01  1.4678198e-04],0
56,[-5.2366155e-01  1.4678198e-04],1,-1.0,[-5.2351433e-01  1.4725301e-04],0
56,[-5.2351433e-01  1.4725301e-04],1,-1.0,[-5.2336770e-01  1.4661966e-04],0
56,[-5.2336770e-01  1.4661966e-04],1,-1.0,[-5.2322280e-01  1.4488664e-04],0
56,[-5.2322280e-01  1.4488664e-04],1,-1.0,[-5.2308077e-01  1.4206699e-04],0
56,[-5.2308077e-01  1.4206699e-04],1,-1.0,[-5.2294254e-01  1.3818183e-04],0
56,[-5.2294254e-01  1.3818183e-04],1,-1.0,[-5.228093e-01  1.332603e-04],0
56,[-5.228093e-01  1.332603e-04],1,-1.0,[-5.2268195e-01  1.2733933e-04],0
56,[-5.2268195e-01  1.2733933e-04],1,-1.0,[-5.22561491e-01  1.20463315e-04],0
56,[-5.22561491e-01  1.20463315e-04],1,-1.0,[-5.2244884e-01  1.1268383e-04],0
56,[-5.2244884e-01  1.1268383e-04],1,-1.0,[-5.2234477e-01  1.0405922e-04],0
56,[-5.2234477e-01  1.0405922e-04],1,-1.0,[-5.222501e-01  9.465418e-05],0
56,[-5.222501e-01  9.465418e-05],1,-1.0,[-5.221656e-01  8.453923e-05],0
56,[-5.221656e-01  8.453923e-05],1,-1.0,[-5.220918e-01  7.379024e-05],0
56,[-5.220918e-01  7.379024e-05],1,-1.0,[-5.220293e-01  6.248783e-05],0
56,[-5.220293e-01  6.248783e-05],1,-1.0,[-5.2197856e-01  5.0716764e-05],0
56,[-5.2197856e-01  5.0716764e-05],1,-1.0,[-5.2193999e-01  3.8565333e-05],0
56,[-5.2193999e-01  3.8565333e-05],1,-1.0,[-5.219139e-01  2.612466e-05],0
56,[-5.219139e-01  2.612466e-05],1,-1.0,[-5.2190042e-01  1.3488057e-05],0
56,[-5.2190042e-01  1.3488057e-05],1,-1.0,[-5.2189964e-01  7.5029561e-07],0
56,[-5.2189964e-01  7.5029561e-07],1,-1.0,[-5.2191162e-01 -1.1993094e-05],0
56,[-5.2191162e-01 -1.1993094e-05],1,-1.0,[-5.2193630e-01 -2.4646535e-05],0
56,[-5.2193630e-01 -2.4646535e-05],1,-1.0,[-5.2197343e-01 -3.7115133e-05],0
56,[-5.2197343e-01 -3.7115133e-05],1,-1.0,[-5.2202272e-01 -4.9305367e-05],0
56,[-5.2202272e-01 -4.9305367e-05],1,-1.0,[-5.2208382e-01 -6.1125815e-05],0
56,[-5.2208382e-01 -6.1125815e-05],1,-1.0,[-5.221563e-01 -7.248783e-05],0
56,[-5.221563e-01 -7.248783e-05],1,-1.0,[-5.2223963e-01 -8.3306186e-05],0
56,[-5.2223963e-01 -8.3306186e-05],1,-1.0,[-5.2233315e-01 -9.3499752e-05],0
56,[-5.2233315e-01 -9.3499752e-05],1,-1.0,[-5.22436142e-01 -1.02992075e-04],0
56,[-5.22436142e-01 -1.02992075e-04],1,-1.0,[-5.2254784e-01 -1.1171196e-04],0
56,[-5.2254784e-01 -1.1171196e-04],1,-1.0,[-5.2266741e-01 -1.1959401e-04],0
56,[-5.2266741e-01 -1.1959401e-04],1,-1.0,[-5.2279401e-01 -1.2657912e-04],0
56,[-5.2279401e-01 -1.2657912e-04],1,-1.0,[-5.2292663e-01 -1.3261488e-04],0
56,[-5.2292663e-01 -1.3261488e-04],1,-1.0,[-5.2306426e-01 -1.3765604e-04],0
56,[-5.2306426e-01 -1.3765604e-04],1,-1.0,[-5.2320594e-01 -1.4166477e-04],0
56,[-5.2320594e-01 -1.4166477e-04],1,-1.0,[-5.2335054e-01 -1.4461101e-04],0
56,[-5.2335054e-01 -1.4461101e-04],1,-1.0,[-5.2349705e-01 -1.4647268e-04],0
56,[-5.2349705e-01 -1.4647268e-04],1,-1.0,[-5.2364427e-01 -1.4723581e-04],0
56,[-5.2364427e-01 -1.4723581e-04],1,-1.0,[-5.2379113e-01 -1.4689466e-04],0
56,[-5.2379113e-01 -1.4689466e-04],1,-1.0,[-5.239366e-01 -1.454518e-04],0
56,[-5.239366e-01 -1.454518e-04],1,-1.0,[-5.2407950e-01 -1.4291806e-04],0
56,[-5.2407950e-01 -1.4291806e-04],1,-1.0,[-5.2421886e-01 -1.3931243e-04],0
56,[-5.2421886e-01 -1.3931243e-04],1,-1.0,[-5.2435350e-01 -1.3466197e-04],0
56,[-5.2435350e-01 -1.3466197e-04],1,-1.0,[-5.2448249e-01 -1.2900154e-04],0
56,[-5.2448249e-01 -1.2900154e-04],1,-1.0,[-5.2460486e-01 -1.2237359e-04],0
56,[-5.2460486e-01 -1.2237359e-04],1,-1.0,[-5.24719715e-01 -1.14827846e-04],0
56,[-5.24719715e-01 -1.14827846e-04],1,-1.0,[-5.248261e-01 -1.064209e-04],0
56,[-5.248261e-01 -1.064209e-04],1,-1.0,[-5.249233e-01 -9.721581e-05],0
56,[-5.249233e-01 -9.721581e-05],1,-1.0,[-5.2501065e-01 -8.7281594e-05],0
56,[-5.2501065e-01 -8.7281594e-05],1,-1.0,[-5.2508730e-01 -7.6692784e-05],0
56,[-5.2508730e-01 -7.6692784e-05],1,-1.0,[-5.2515286e-01 -6.5528773e-05],0
56,[-5.2515286e-01 -6.5528773e-05],1,-1.0,[-5.2520674e-01 -5.3873307e-05],0
56,[-5.2520674e-01 -5.3873307e-05],1,-1.0,[-5.2524853e-01 -4.1813797e-05],0
56,[-5.2524853e-01 -4.1813797e-05],1,-1.0,[-5.2527797e-01 -2.9440684e-05],0
56,[-5.2527797e-01 -2.9440684e-05],1,-1.0,[-5.2529484e-01 -1.6846769e-05],0
56,[-5.2529484e-01 -1.6846769e-05],1,-1.0,[-5.2529895e-01 -4.1265062e-06],0
56,[-5.2529895e-01 -4.1265062e-06],1,-1.0,[-5.2529031e-01  8.6247055e-06],0
56,[-5.2529031e-01  8.6247055e-06],1,-1.0,[-5.2526903e-01  2.1311233e-05],0
56,[-5.2526903e-01  2.1311233e-05],1,-1.0,[-5.252352e-01  3.383793e-05],0
56,[-5.252352e-01  3.383793e-05],1,-1.0,[-5.2518904e-01  4.6110843e-05],0
56,[-5.2518904e-01  4.6110843e-05],1,-1.0,[-5.2513105e-01  5.8037927e-05],0
56,[-5.2513105e-01  5.8037927e-05],1,-1.0,[-5.2506149e-01  6.9529735e-05],0
56,[-5.2506149e-01  6.9529735e-05],1,-1.0,[-5.2498102e-01  8.0500075e-05],0
56,[-5.2498102e-01  8.0500075e-05],1,-1.0,[-5.248901e-01  9.086667e-05],0
56,[-5.248901e-01  9.086667e-05],1,-1.0,[-5.2478957e-01  1.0055177e-04],0
56,[-5.2478957e-01  1.0055177e-04],1,-1.0,[-5.2468008e-01  1.0948274e-04],0
56,[-5.2468008e-01  1.0948274e-04],1,-1.0,[-5.24562478e-01  1.17592586e-04],0
56,[-5.24562478e-01  1.17592586e-04],1,-1.0,[-5.2443767e-01  1.2482049e-04],0
56,[-5.2443767e-01  1.2482049e-04],1,-1.0,[-5.2430660e-01  1.3111226e-04],0
56,[-5.2430660e-01  1.3111226e-04],1,-1.0,[-5.2417016e-01  1.3642068e-04],0
56,[-5.2417016e-01  1.3642068e-04],1,-1.0,[-5.2402943e-01  1.4070595e-04],0
56,[-5.2402943e-01  1.4070595e-04],1,-1.0,[-5.2388549e-01  1.4393592e-04],0
56,[-5.2388549e-01  1.4393592e-04],1,-1.0,[-5.2373940e-01  1.4608637e-04],0
56,[-5.2373940e-01  1.4608637e-04],1,-1.0,[-5.2359229e-01  1.4714118e-04],0
56,[-5.2359229e-01  1.4714118e-04],1,-1.0,[-5.2344519e-01  1.4709243e-04],1
57,"(array([-0.44411552,  0.        ], dtype=float32), {})",1,-1.0,[-0.444706   -0.00059049],0
57,[-0.444706   -0.00059049],1,-1.0,[-0.44588268 -0.00117668],0
57,[-0.44588268 -0.00117668],1,-1.0,[-0.44763696 -0.00175428],0
57,[-0.44763696 -0.00175428],1,-1.0,[-0.44995603 -0.00231908],0
57,[-0.44995603 -0.00231908],1,-1.0,[-0.45282295 -0.00286692],0
57,[-0.45282295 -0.00286692],1,-1.0,[-0.45621672 -0.00339376],0
57,[-0.45621672 -0.00339376],1,-1.0,[-0.4601124  -0.00389569],0
57,[-0.4601124  -0.00389569],1,-1.0,[-0.46448135 -0.00436896],0
57,[-0.46448135 -0.00436896],1,-1.0,[-0.4692914  -0.00481002],0
57,[-0.4692914  -0.00481002],1,-1.0,[-0.4745069  -0.00521553],0
57,[-0.4745069  -0.00521553],1,-1.0,[-0.4800893  -0.00558239],0
57,[-0.4800893  -0.00558239],1,-1.0,[-0.48599708 -0.00590778],0
57,[-0.48599708 -0.00590778],1,-1.0,[-0.49218628 -0.0061892 ],0
57,[-0.49218628 -0.0061892 ],1,-1.0,[-0.4986107  -0.00642444],0
57,[-0.4986107  -0.00642444],1,-1.0,[-0.5052224  -0.00661168],0
57,[-0.5052224  -0.00661168],1,-1.0,[-0.51197183 -0.00674943],0
57,[-0.51197183 -0.00674943],1,-1.0,[-0.5188084  -0.00683661],0
57,[-0.5188084  -0.00683661],1,-1.0,[-0.52568096 -0.00687254],0
57,[-0.52568096 -0.00687254],1,-1.0,[-0.5325379  -0.00685692],0
57,[-0.5325379  -0.00685692],1,-1.0,[-0.5393278  -0.00678989],0
57,[-0.5393278  -0.00678989],1,-1.0,[-0.54599977 -0.00667197],0
57,[-0.54599977 -0.00667197],1,-1.0,[-0.5525038  -0.00650408],0
57,[-0.5525038  -0.00650408],1,-1.0,[-0.5587914  -0.00628757],0
57,[-0.5587914  -0.00628757],1,-1.0,[-0.5648155  -0.00602411],0
57,[-0.5648155  -0.00602411],1,-1.0,[-0.5705313  -0.00571577],0
57,[-0.5705313  -0.00571577],1,-1.0,[-0.57589626 -0.00536494],0
57,[-0.57589626 -0.00536494],1,-1.0,[-0.58087057 -0.00497432],0
57,[-0.58087057 -0.00497432],1,-1.0,[-0.58541745 -0.00454689],0
57,[-0.58541745 -0.00454689],1,-1.0,[-0.58950335 -0.0040859 ],0
57,[-0.58950335 -0.0040859 ],1,-1.0,[-0.59309816 -0.00359483],0
57,[-0.59309816 -0.00359483],1,-1.0,[-0.59617555 -0.00307736],0
57,[-0.59617555 -0.00307736],1,-1.0,[-0.59871286 -0.00253732],0
57,[-0.59871286 -0.00253732],1,-1.0,[-0.60069156 -0.00197872],0
57,[-0.60069156 -0.00197872],1,-1.0,[-0.6020973  -0.00140567],0
57,[-0.6020973  -0.00140567],1,-1.0,[-0.6029196  -0.00082235],0
57,[-0.6029196  -0.00082235],1,-1.0,[-6.0315263e-01 -2.3304662e-04],0
57,[-6.0315263e-01 -2.3304662e-04],1,-1.0,[-6.027947e-01  3.579594e-04],0
57,[-6.027947e-01  3.579594e-04],1,-1.0,[-0.60184836  0.00094636],0
57,[-0.60184836  0.00094636],1,-1.0,[-0.60032046  0.00152785],0
57,[-0.60032046  0.00152785],1,-1.0,[-0.59822226  0.0020982 ],0
57,[-0.59822226  0.0020982 ],1,-1.0,[-0.5955691   0.00265321],0
57,[-0.5955691   0.00265321],1,-1.0,[-0.5923803  0.0031888],0
57,[-0.5923803  0.0031888],1,-1.0,[-0.58867925  0.00370101],0
57,[-0.58867925  0.00370101],1,-1.0,[-0.5844932   0.00418602],0
57,[-0.5844932   0.00418602],1,-1.0,[-0.57985306  0.00464019],0
57,[-0.57985306  0.00464019],1,-1.0,[-0.5747929  0.0050601],0
57,[-0.5747929  0.0050601],1,-1.0,[-0.56935036  0.00544255],0
57,[-0.56935036  0.00544255],1,-1.0,[-0.5635658   0.00578461],0
57,[-0.5635658   0.00578461],1,-1.0,[-0.5574821   0.00608364],0
57,[-0.5574821   0.00608364],1,-1.0,[-0.5511448   0.00633733],0
57,[-0.5511448   0.00633733],1,-1.0,[-0.5446011   0.00654369],0
57,[-0.5446011   0.00654369],1,-1.0,[-0.53790003  0.00670111],0
57,[-0.53790003  0.00670111],1,-1.0,[-0.5310917   0.00680833],0
57,[-0.5310917   0.00680833],1,-1.0,[-0.52422714  0.00686452],0
57,[-0.52422714  0.00686452],1,-1.0,[-0.5173579   0.00686924],0
57,[-0.5173579   0.00686924],1,-1.0,[-0.5105355   0.00682243],0
57,[-0.5105355   0.00682243],1,-1.0,[-0.503811    0.00672448],0
57,[-0.503811    0.00672448],1,-1.0,[-0.49723482  0.00657616],0
57,[-0.49723482  0.00657616],1,-1.0,[-0.4908562   0.00637864],0
57,[-0.4908562   0.00637864],1,-1.0,[-0.48472273  0.00613346],0
57,[-0.48472273  0.00613346],1,-1.0,[-0.47888017  0.00584255],0
57,[-0.47888017  0.00584255],1,-1.0,[-0.473372    0.00550817],0
57,[-0.473372    0.00550817],1,-1.0,[-0.4682391   0.00513289],0
57,[-0.4682391   0.00513289],1,-1.0,[-0.4635195  0.0047196],0
57,[-0.4635195  0.0047196],1,-1.0,[-0.45924807  0.00427144],0
57,[-0.45924807  0.00427144],1,-1.0,[-0.45545626  0.0037918 ],0
57,[-0.45545626  0.0037918 ],1,-1.0,[-0.45217198  0.00328429],0
57,[-0.45217198  0.00328429],1,-1.0,[-0.4494193   0.00275268],0
57,[-0.4494193   0.00275268],1,-1.0,[-0.4472184   0.00220091],0
57,[-0.4472184   0.00220091],1,-1.0,[-0.4455853   0.00163306],0
57,[-0.4455853   0.00163306],1,-1.0,[-0.44453204  0.00105328],0
57,[-0.44453204  0.00105328],1,-1.0,[-0.4440662   0.00046583],0
57,[-0.4440662   0.00046583],1,-1.0,[-4.4419122e-01 -1.2502159e-04],0
57,[-4.4419122e-01 -1.2502159e-04],1,-1.0,[-0.44490618 -0.00071496],0
57,[-0.44490618 -0.00071496],1,-1.0,[-0.44620588 -0.00129969],0
57,[-0.44620588 -0.00129969],1,-1.0,[-0.4480808  -0.00187493],0
57,[-0.4480808  -0.00187493],1,-1.0,[-0.4505173  -0.00243649],0
57,[-0.4505173  -0.00243649],1,-1.0,[-0.45349753 -0.00298022],0
57,[-0.45349753 -0.00298022],1,-1.0,[-0.45699963 -0.00350211],0
57,[-0.45699963 -0.00350211],1,-1.0,[-0.4609979  -0.00399829],0
57,[-0.4609979  -0.00399829],1,-1.0,[-0.46546295 -0.00446504],0
57,[-0.46546295 -0.00446504],1,-1.0,[-0.4703618  -0.00489885],0
57,[-0.4703618  -0.00489885],1,-1.0,[-0.47565824 -0.00529643],0
57,[-0.47565824 -0.00529643],1,-1.0,[-0.481313   -0.00565475],0
57,[-0.481313   -0.00565475],1,-1.0,[-0.487284   -0.00597104],0
57,[-0.487284   -0.00597104],1,-1.0,[-0.49352688 -0.00624286],0
57,[-0.49352688 -0.00624286],1,-1.0,[-0.499995  -0.0064681],0
57,[-0.499995  -0.0064681],1,-1.0,[-0.50663996 -0.00664498],0
57,[-0.50663996 -0.00664498],1,-1.0,[-0.51341206 -0.00677211],0
57,[-0.51341206 -0.00677211],1,-1.0,[-0.5202606 -0.0068485],0
57,[-0.5202606 -0.0068485],1,-1.0,[-0.5271341  -0.00687354],0
57,[-0.5271341  -0.00687354],1,-1.0,[-0.53398114 -0.00684702],0
57,[-0.53398114 -0.00684702],1,-1.0,[-0.5407503  -0.00676917],0
57,[-0.5407503  -0.00676917],1,-1.0,[-0.5473909  -0.00664059],0
57,[-0.5473909  -0.00664059],1,-1.0,[-0.5538532 -0.0064623],0
57,[-0.5538532 -0.0064623],1,-1.0,[-0.5600889 -0.0062357],0
57,[-0.5600889 -0.0062357],1,-1.0,[-0.5660515  -0.00596257],0
57,[-0.5660515  -0.00596257],1,-1.0,[-0.5716965  -0.00564504],0
57,[-0.5716965  -0.00564504],1,-1.0,[-0.5769821  -0.00528556],0
57,[-0.5769821  -0.00528556],1,-1.0,[-0.58186895 -0.00488689],0
57,[-0.58186895 -0.00488689],1,-1.0,[-0.58632106 -0.00445209],0
57,[-0.58632106 -0.00445209],1,-1.0,[-0.59030545 -0.00398444],0
57,[-0.59030545 -0.00398444],1,-1.0,[-0.593793   -0.00348747],0
57,[-0.593793   -0.00348747],1,-1.0,[-0.5967578 -0.0029649],0
57,[-0.5967578 -0.0029649],1,-1.0,[-0.59917843 -0.0024206 ],0
57,[-0.59917843 -0.0024206 ],1,-1.0,[-0.601037  -0.0018586],0
57,[-0.601037  -0.0018586],1,-1.0,[-0.6023201  -0.00128302],0
57,[-0.6023201  -0.00128302],1,-1.0,[-0.60301816 -0.00069808],0
57,[-0.60301816 -0.00069808],1,-1.0,[-6.0312623e-01 -1.0805788e-04],0
57,[-6.0312623e-01 -1.0805788e-04],1,-1.0,[-6.0264343e-01  4.8275539e-04],0
57,[-6.0264343e-01  4.8275539e-04],1,-1.0,[-0.6015734   0.00107005],0
57,[-0.6015734   0.00107005],1,-1.0,[-0.59992385  0.00164954],0
57,[-0.59992385  0.00164954],1,-1.0,[-0.59770685  0.00221699],0
57,[-0.59770685  0.00221699],1,-1.0,[-0.59493864  0.00276823],0
57,[-0.59493864  0.00276823],1,-1.0,[-0.5916394   0.00329921],0
57,[-0.5916394   0.00329921],1,-1.0,[-0.58783346  0.00380598],0
57,[-0.58783346  0.00380598],1,-1.0,[-0.58354867  0.00428476],0
57,[-0.58354867  0.00428476],1,-1.0,[-0.5788167   0.00473196],0
57,[-0.5788167   0.00473196],1,-1.0,[-0.57367253  0.00514421],0
57,[-0.57367253  0.00514421],1,-1.0,[-0.56815416  0.00551835],0
57,[-0.56815416  0.00551835],1,-1.0,[-0.56230265  0.00585152],0
57,[-0.56230265  0.00585152],1,-1.0,[-0.5561615   0.00614115],0
57,[-0.5561615   0.00614115],1,-1.0,[-0.54977655  0.00638498],0
57,[-0.54977655  0.00638498],1,-1.0,[-0.5431954   0.00658111],0
57,[-0.5431954   0.00658111],1,-1.0,[-0.53646743  0.006728  ],0
57,[-0.53646743  0.006728  ],1,-1.0,[-0.52964294  0.00682449],0
57,[-0.52964294  0.00682449],1,-1.0,[-0.5227731   0.00686982],0
57,[-0.5227731   0.00686982],1,-1.0,[-0.5159095   0.00686363],0
57,[-0.5159095   0.00686363],1,-1.0,[-0.50910354  0.00680596],0
57,[-0.50910354  0.00680596],1,-1.0,[-0.50240624  0.00669728],0
57,[-0.50240624  0.00669728],1,-1.0,[-0.4958678   0.00653845],0
57,[-0.4958678   0.00653845],1,-1.0,[-0.4895371  0.0063307],0
57,[-0.4895371  0.0063307],1,-1.0,[-0.48346138  0.00607569],0
57,[-0.48346138  0.00607569],1,-1.0,[-0.47768602  0.00577538],0
57,[-0.47768602  0.00577538],1,-1.0,[-0.4722539   0.00543212],0
57,[-0.4722539   0.00543212],1,-1.0,[-0.46720532  0.00504856],0
57,[-0.46720532  0.00504856],1,-1.0,[-0.4625777   0.00462762],0
57,[-0.4625777   0.00462762],1,-1.0,[-0.4584052   0.00417252],0
57,[-0.4584052   0.00417252],1,-1.0,[-0.4547185   0.00368668],0
57,[-0.4547185   0.00368668],1,-1.0,[-0.45154476  0.00317374],0
57,[-0.45154476  0.00317374],1,-1.0,[-0.44890723  0.00263754],0
57,[-0.44890723  0.00263754],1,-1.0,[-0.4468252   0.00208203],0
57,[-0.4468252   0.00208203],1,-1.0,[-0.4453139  0.0015113],0
57,[-0.4453139  0.0015113],1,-1.0,[-0.44438437  0.00092955],0
57,[-0.44438437  0.00092955],1,-1.0,[-4.4404334e-01  3.4101491e-04],0
57,[-4.4404334e-01  3.4101491e-04],1,-1.0,[-4.4429335e-01 -2.5000243e-04],0
57,[-4.4429335e-01 -2.5000243e-04],1,-1.0,[-0.44513255 -0.0008392 ],0
57,[-0.44513255 -0.0008392 ],1,-1.0,[-0.4465548  -0.00142227],0
57,[-0.4465548  -0.00142227],1,-1.0,[-0.4485498  -0.00199497],0
57,[-0.4485498  -0.00199497],1,-1.0,[-0.45110288 -0.0025531 ],0
57,[-0.45110288 -0.0025531 ],1,-1.0,[-0.45419544 -0.00309254],0
57,[-0.45419544 -0.00309254],1,-1.0,[-0.45780474 -0.00360931],0
57,[-0.45780474 -0.00360931],1,-1.0,[-0.46190432 -0.00409957],0
57,[-0.46190432 -0.00409957],1,-1.0,[-0.46646395 -0.00455964],0
57,[-0.46646395 -0.00455964],1,-1.0,[-0.47145    -0.00498606],0
57,[-0.47145    -0.00498606],1,-1.0,[-0.4768256  -0.00537558],0
57,[-0.4768256  -0.00537558],1,-1.0,[-0.48255083 -0.00572523],0
57,[-0.48255083 -0.00572523],1,-1.0,[-0.48858312 -0.00603231],0
57,[-0.48858312 -0.00603231],1,-1.0,[-0.49487758 -0.00629444],0
57,[-0.49487758 -0.00629444],1,-1.0,[-0.5013872  -0.00650959],0
57,[-0.5013872  -0.00650959],1,-1.0,[-0.5080632  -0.00667605],0
57,[-0.5080632  -0.00667605],1,-1.0,[-0.51485574 -0.00679253],0
57,[-0.51485574 -0.00679253],1,-1.0,[-0.52171385 -0.00685809],0
57,[-0.52171385 -0.00685809],1,-1.0,[-0.52858603 -0.00687223],0
57,[-0.52858603 -0.00687223],1,-1.0,[-0.5354209  -0.00683482],0
57,[-0.5354209  -0.00683482],1,-1.0,[-0.54216707 -0.00674618],0
57,[-0.54216707 -0.00674618],1,-1.0,[-0.54877406 -0.00660699],0
57,[-0.54877406 -0.00660699],1,-1.0,[-0.5551924  -0.00641835],0
57,[-0.5551924  -0.00641835],1,-1.0,[-0.5613741  -0.00618175],0
57,[-0.5613741  -0.00618175],1,-1.0,[-0.5672732  -0.00589905],0
57,[-0.5672732  -0.00589905],1,-1.0,[-0.57284564 -0.00557242],0
57,[-0.57284564 -0.00557242],1,-1.0,[-0.57805    -0.00520441],0
57,[-0.57805    -0.00520441],1,-1.0,[-0.5828479  -0.00479784],0
57,[-0.5828479  -0.00479784],1,-1.0,[-0.5872037  -0.00435581],0
57,[-0.5872037  -0.00435581],1,-1.0,[-0.5910854  -0.00388166],0
57,[-0.5910854  -0.00388166],1,-1.0,[-0.5944643  -0.00337897],0
57,[-0.5944643  -0.00337897],1,-1.0,[-0.5973158  -0.00285147],0
57,[-0.5973158  -0.00285147],1,-1.0,[-0.59961885 -0.00230309],0
57,[-0.59961885 -0.00230309],1,-1.0,[-0.60135674 -0.00173787],0
57,[-0.60135674 -0.00173787],1,-1.0,[-0.6025167  -0.00115996],0
57,[-0.6025167  -0.00115996],1,-1.0,[-6.030903e-01 -5.735854e-04],0
57,[-6.030903e-01 -5.735854e-04],1,-1.0,[-6.030733e-01  1.696610e-05],0
57,[-6.030733e-01  1.696610e-05],1,-1.0,[-0.6024659   0.00060739],0
57,[-0.6024659   0.00060739],1,-1.0,[-0.6012725   0.00119339],0
57,[-0.6012725   0.00119339],1,-1.0,[-0.59950185  0.00177069],0
57,[-0.59950185  0.00177069],1,-1.0,[-0.5971668   0.00233506],0
57,[-0.5971668   0.00233506],1,-1.0,[-0.5942844   0.00288235],0
57,[-0.5942844   0.00288235],1,-1.0,[-0.5908759   0.00340853],0
57,[-0.5908759   0.00340853],1,-1.0,[-0.5869662   0.00390969],0
57,[-0.5869662   0.00390969],1,-1.0,[-0.58258414  0.00438208],0
57,[-0.58258414  0.00438208],1,-1.0,[-0.57776195  0.00482217],0
57,[-0.57776195  0.00482217],1,-1.0,[-0.5725354   0.00522661],0
57,[-0.5725354   0.00522661],1,-1.0,[-0.56694305  0.00559231],0
57,[-0.56694305  0.00559231],1,-1.0,[-0.5610266   0.00591648],0
57,[-0.5610266   0.00591648],1,-1.0,[-0.55482996  0.0061966 ],0
57,[-0.55482996  0.0061966 ],1,-1.0,[-0.54839945  0.00643049],0
57,[-0.54839945  0.00643049],1,-1.0,[-0.54178315  0.00661633],0
57,[-0.54178315  0.00661633],1,-1.0,[-0.5350305   0.00675264],0
57,[-0.5350305   0.00675264],1,-1.0,[-0.52819216  0.00683836],0
57,[-0.52819216  0.00683836],1,-1.0,[-0.5213193   0.00687281],1
58,"(array([-0.5656025,  0.       ], dtype=float32), {})",1,-1.0,[-5.6528825e-01  3.1419453e-04],0
58,[-5.6528825e-01  3.1419453e-04],1,-1.0,[-0.5646622   0.00062605],0
58,[-0.5646622   0.00062605],1,-1.0,[-0.563729    0.00093325],0
58,[-0.563729    0.00093325],1,-1.0,[-0.56249547  0.0012335 ],0
58,[-0.56249547  0.0012335 ],1,-1.0,[-0.5609709   0.00152456],0
58,[-0.5609709   0.00152456],1,-1.0,[-0.5591666   0.00180427],0
58,[-0.5591666   0.00180427],1,-1.0,[-0.5570961   0.00207052],0
58,[-0.5570961   0.00207052],1,-1.0,[-0.55477476  0.00232133],0
58,[-0.55477476  0.00232133],1,-1.0,[-0.55222     0.00255481],0
58,[-0.55222     0.00255481],1,-1.0,[-0.54945076  0.0027692 ],0
58,[-0.54945076  0.0027692 ],1,-1.0,[-0.54648787  0.0029629 ],0
58,[-0.54648787  0.0029629 ],1,-1.0,[-0.54335344  0.00313443],0
58,[-0.54335344  0.00313443],1,-1.0,[-0.54007095  0.0032825 ],0
58,[-0.54007095  0.0032825 ],1,-1.0,[-0.53666496  0.00340599],0
58,[-0.53666496  0.00340599],1,-1.0,[-0.533161    0.00350397],0
58,[-0.533161    0.00350397],1,-1.0,[-0.5295853   0.00357567],0
58,[-0.5295853   0.00357567],1,-1.0,[-0.52596474  0.00362057],0
58,[-0.52596474  0.00362057],1,-1.0,[-0.5223264   0.00363831],0
58,[-0.5223264   0.00363831],1,-1.0,[-0.5186977   0.00362877],0
58,[-0.5186977   0.00362877],1,-1.0,[-0.51510566  0.00359201],0
58,[-0.51510566  0.00359201],1,-1.0,[-0.5115773   0.00352832],0
58,[-0.5115773   0.00352832],1,-1.0,[-0.50813913  0.00343818],0
58,[-0.50813913  0.00343818],1,-1.0,[-0.5048169   0.00332228],0
58,[-0.5048169   0.00332228],1,-1.0,[-0.5016354   0.00318149],0
58,[-0.5016354   0.00318149],1,-1.0,[-0.4986185   0.00301688],0
58,[-0.4986185   0.00301688],1,-1.0,[-0.4957888  0.0028297],0
58,[-0.4957888  0.0028297],1,-1.0,[-0.49316743  0.00262137],0
58,[-0.49316743  0.00262137],1,-1.0,[-0.49077398  0.00239345],0
58,[-0.49077398  0.00239345],1,-1.0,[-0.4886263   0.00214766],0
58,[-0.4886263   0.00214766],1,-1.0,[-0.48674047  0.00188585],0
58,[-0.48674047  0.00188585],1,-1.0,[-0.4851305   0.00160998],0
58,[-0.4851305   0.00160998],1,-1.0,[-0.48380837  0.0013221 ],0
58,[-0.48380837  0.0013221 ],1,-1.0,[-0.482784    0.00102438],0
58,[-0.482784    0.00102438],1,-1.0,[-0.48206496  0.00071904],0
58,[-0.48206496  0.00071904],1,-1.0,[-4.8165661e-01  4.0833998e-04],0
58,[-4.8165661e-01  4.0833998e-04],1,-1.0,[-4.8156202e-01  9.4603201e-05],0
58,[-4.8156202e-01  9.4603201e-05],1,-1.0,[-4.8178184e-01 -2.1983749e-04],0
58,[-4.8178184e-01 -2.1983749e-04],1,-1.0,[-0.4823145  -0.00053264],0
58,[-0.4823145  -0.00053264],1,-1.0,[-0.48315597 -0.00084148],0
58,[-0.48315597 -0.00084148],1,-1.0,[-0.48430005 -0.00114406],0
58,[-0.48430005 -0.00114406],1,-1.0,[-0.48573816 -0.00143812],0
58,[-0.48573816 -0.00143812],1,-1.0,[-0.48745963 -0.00172146],0
58,[-0.48745963 -0.00172146],1,-1.0,[-0.4894516  -0.00199198],0
58,[-0.4894516  -0.00199198],1,-1.0,[-0.49169922 -0.00224763],0
58,[-0.49169922 -0.00224763],1,-1.0,[-0.49418575 -0.00248651],0
58,[-0.49418575 -0.00248651],1,-1.0,[-0.49689257 -0.00270683],0
58,[-0.49689257 -0.00270683],1,-1.0,[-0.4997995  -0.00290691],0
58,[-0.4997995  -0.00290691],1,-1.0,[-0.50288475 -0.00308525],0
58,[-0.50288475 -0.00308525],1,-1.0,[-0.5061252  -0.00324051],0
58,[-0.5061252  -0.00324051],1,-1.0,[-0.50949675 -0.0033715 ],0
58,[-0.50949675 -0.0033715 ],1,-1.0,[-0.51297396 -0.00347723],0
58,[-0.51297396 -0.00347723],1,-1.0,[-0.5165309 -0.0035569],0
58,[-0.5165309 -0.0035569],1,-1.0,[-0.52014077 -0.00360991],0
58,[-0.52014077 -0.00360991],1,-1.0,[-0.52377665 -0.00363584],0
58,[-0.52377665 -0.00363584],1,-1.0,[-0.52741116 -0.00363451],0
58,[-0.52741116 -0.00363451],1,-1.0,[-0.53101707 -0.00360592],0
58,[-0.53101707 -0.00360592],1,-1.0,[-0.53456736 -0.00355029],0
58,[-0.53456736 -0.00355029],1,-1.0,[-0.5380354  -0.00346804],0
58,[-0.5380354  -0.00346804],1,-1.0,[-0.5413952 -0.0033598],0
58,[-0.5413952 -0.0033598],1,-1.0,[-0.5446216  -0.00322639],0
58,[-0.5446216  -0.00322639],1,-1.0,[-0.5476904  -0.00306882],0
58,[-0.5476904  -0.00306882],1,-1.0,[-0.55057865 -0.00288829],0
58,[-0.55057865 -0.00288829],1,-1.0,[-0.55326486 -0.00268616],0
58,[-0.55326486 -0.00268616],1,-1.0,[-0.5557288  -0.00246396],0
58,[-0.5557288  -0.00246396],1,-1.0,[-0.55795217 -0.00222336],0
58,[-0.55795217 -0.00222336],1,-1.0,[-0.5599183  -0.00196616],0
58,[-0.5599183  -0.00196616],1,-1.0,[-0.5616126  -0.00169431],0
58,[-0.5616126  -0.00169431],1,-1.0,[-0.56302243 -0.00140982],0
58,[-0.56302243 -0.00140982],1,-1.0,[-0.5641373  -0.00111483],0
58,[-0.5641373  -0.00111483],1,-1.0,[-0.5649488  -0.00081154],0
58,[-0.5649488  -0.00081154],1,-1.0,[-5.6545103e-01 -5.0221046e-04],0
58,[-5.6545103e-01 -5.0221046e-04],1,-1.0,[-5.6564015e-01 -1.8914269e-04],0
58,[-5.6564015e-01 -1.8914269e-04],1,-1.0,[-5.655148e-01  1.253324e-04],0
58,[-5.655148e-01  1.253324e-04],1,-1.0,[-5.6507593e-01  4.3887494e-04],0
58,[-5.6507593e-01  4.3887494e-04],1,-1.0,[-0.5643268   0.00074915],0
58,[-0.5643268   0.00074915],1,-1.0,[-0.56327295  0.00105385],0
58,[-0.56327295  0.00105385],1,-1.0,[-0.56192225  0.00135071],0
58,[-0.56192225  0.00135071],1,-1.0,[-0.56028473  0.0016375 ],0
58,[-0.56028473  0.0016375 ],1,-1.0,[-0.5583727   0.00191209],0
58,[-0.5583727   0.00191209],1,-1.0,[-0.5562002   0.00217242],0
58,[-0.5562002   0.00217242],1,-1.0,[-0.5537837   0.00241654],0
58,[-0.5537837   0.00241654],1,-1.0,[-0.5511411   0.00264262],0
58,[-0.5511411   0.00264262],1,-1.0,[-0.5482921   0.00284895],0
58,[-0.5482921   0.00284895],1,-1.0,[-0.54525816  0.00303398],0
58,[-0.54525816  0.00303398],1,-1.0,[-0.5420618   0.00319631],0
58,[-0.5420618   0.00319631],1,-1.0,[-0.5387271   0.00333472],0
58,[-0.5387271   0.00333472],1,-1.0,[-0.535279    0.00344814],0
58,[-0.535279    0.00344814],1,-1.0,[-0.5317432   0.00353572],0
58,[-0.5317432   0.00353572],1,-1.0,[-0.52814645  0.0035968 ],0
58,[-0.52814645  0.0035968 ],1,-1.0,[-0.5245155   0.00363091],0
58,[-0.5245155   0.00363091],1,-1.0,[-0.5208778   0.00363778],0
58,[-0.5208778   0.00363778],1,-1.0,[-0.5172604   0.00361737],0
58,[-0.5172604   0.00361737],1,-1.0,[-0.51369053  0.00356984],0
58,[-0.51369053  0.00356984],1,-1.0,[-0.510195    0.00349554],0
58,[-0.510195    0.00349554],1,-1.0,[-0.50679994  0.00339504],0
58,[-0.50679994  0.00339504],1,-1.0,[-0.50353086  0.0032691 ],0
58,[-0.50353086  0.0032691 ],1,-1.0,[-0.50041217  0.00311868],0
58,[-0.50041217  0.00311868],1,-1.0,[-0.49746725  0.00294492],0
58,[-0.49746725  0.00294492],1,-1.0,[-0.49471813  0.00274914],0
58,[-0.49471813  0.00274914],1,-1.0,[-0.49218532  0.0025328 ],0
58,[-0.49218532  0.0025328 ],1,-1.0,[-0.48988777  0.00229755],0
58,[-0.48988777  0.00229755],1,-1.0,[-0.48784262  0.00204515],0
58,[-0.48784262  0.00204515],1,-1.0,[-0.48606512  0.00177749],0
58,[-0.48606512  0.00177749],1,-1.0,[-0.48456854  0.00149658],0
58,[-0.48456854  0.00149658],1,-1.0,[-0.48336402  0.00120453],0
58,[-0.48336402  0.00120453],1,-1.0,[-0.48246053  0.0009035 ],0
58,[-0.48246053  0.0009035 ],1,-1.0,[-0.48186478  0.00059574],0
58,[-0.48186478  0.00059574],1,-1.0,[-4.8158124e-01  2.8355484e-04],0
58,[-4.8158124e-01  2.8355484e-04],1,-1.0,[-4.8161197e-01 -3.0742907e-05],0
58,[-4.8161197e-01 -3.0742907e-05],1,-1.0,[-4.8195678e-01 -3.4481191e-04],0
58,[-4.8195678e-01 -3.4481191e-04],1,-1.0,[-0.4826131  -0.00065632],0
58,[-0.4826131  -0.00065632],1,-1.0,[-0.48357603 -0.00096293],0
58,[-0.48357603 -0.00096293],1,-1.0,[-0.48483843 -0.00126238],0
58,[-0.48483843 -0.00126238],1,-1.0,[-0.48639086 -0.00155243],0
58,[-0.48639086 -0.00155243],1,-1.0,[-0.48822176 -0.00183091],0
58,[-0.48822176 -0.00183091],1,-1.0,[-0.4903175  -0.00209574],0
58,[-0.4903175  -0.00209574],1,-1.0,[-0.49266243 -0.00234494],0
58,[-0.49266243 -0.00234494],1,-1.0,[-0.49523905 -0.00257663],0
58,[-0.49523905 -0.00257663],1,-1.0,[-0.49802813 -0.00278907],0
58,[-0.49802813 -0.00278907],1,-1.0,[-0.5010088  -0.00298066],0
58,[-0.5010088  -0.00298066],1,-1.0,[-0.50415874 -0.00314995],0
58,[-0.50415874 -0.00314995],1,-1.0,[-0.5074544  -0.00329567],0
58,[-0.5074544  -0.00329567],1,-1.0,[-0.5108711  -0.00341671],0
58,[-0.5108711  -0.00341671],1,-1.0,[-0.51438326 -0.00351214],0
58,[-0.51438326 -0.00351214],1,-1.0,[-0.51796454 -0.00358125],0
58,[-0.51796454 -0.00358125],1,-1.0,[-0.521588  -0.0036235],0
58,[-0.521588  -0.0036235],1,-1.0,[-0.5252266  -0.00363858],0
58,[-0.5252266  -0.00363858],1,-1.0,[-0.528853   -0.00362638],0
58,[-0.528853   -0.00362638],1,-1.0,[-0.53243995 -0.00358697],0
58,[-0.53243995 -0.00358697],1,-1.0,[-0.5359606  -0.00352067],0
58,[-0.5359606  -0.00352067],1,-1.0,[-0.5393886  -0.00342798],0
58,[-0.5393886  -0.00342798],1,-1.0,[-0.5426982 -0.0033096],0
58,[-0.5426982 -0.0033096],1,-1.0,[-0.54586464 -0.00316643],0
58,[-0.54586464 -0.00316643],1,-1.0,[-0.5488642  -0.00299956],0
58,[-0.5488642  -0.00299956],1,-1.0,[-0.5516744  -0.00281025],0
58,[-0.5516744  -0.00281025],1,-1.0,[-0.5542744  -0.00259993],0
58,[-0.5542744  -0.00259993],1,-1.0,[-0.55664456 -0.00237019],0
58,[-0.55664456 -0.00237019],1,-1.0,[-0.5587673  -0.00212275],0
58,[-0.5587673  -0.00212275],1,-1.0,[-0.5606268  -0.00185948],0
58,[-0.5606268  -0.00185948],1,-1.0,[-0.5622091  -0.00158234],0
58,[-0.5622091  -0.00158234],1,-1.0,[-0.56350255 -0.00129341],0
58,[-0.56350255 -0.00129341],1,-1.0,[-0.5644974  -0.00099484],0
58,[-0.5644974  -0.00099484],1,-1.0,[-0.56518626 -0.00068887],0
58,[-0.56518626 -0.00068887],1,-1.0,[-5.6556404e-01 -3.7777601e-04],0
58,[-5.6556404e-01 -3.7777601e-04],1,-1.0,[-5.6562793e-01 -6.3867286e-05],0
58,[-5.6562793e-01 -6.3867286e-05],1,-1.0,[-5.6537741e-01  2.5051663e-04],0
58,[-5.6537741e-01  2.5051663e-04],1,-1.0,[-5.6481433e-01  5.6303653e-04],0
58,[-5.6481433e-01  5.6303653e-04],1,-1.0,[-0.56394297  0.00087137],0
58,[-0.56394297  0.00087137],1,-1.0,[-0.5627698   0.00117321],0
58,[-0.5627698   0.00117321],1,-1.0,[-0.56130344  0.00146632],0
58,[-0.56130344  0.00146632],1,-1.0,[-0.55955493  0.0017485 ],0
58,[-0.55955493  0.0017485 ],1,-1.0,[-0.5575373   0.00201765],0
58,[-0.5575373   0.00201765],1,-1.0,[-0.55526555  0.00227175],0
58,[-0.55526555  0.00227175],1,-1.0,[-0.55275667  0.00250889],0
58,[-0.55275667  0.00250889],1,-1.0,[-0.5500294  0.0027273],0
58,[-0.5500294  0.0027273],1,-1.0,[-0.54710406  0.00292532],0
58,[-0.54710406  0.00292532],1,-1.0,[-0.5440026   0.00310146],0
58,[-0.5440026   0.00310146],1,-1.0,[-0.5407482  0.0032544],0
58,[-0.5407482  0.0032544],1,-1.0,[-0.53736526  0.00338296],0
58,[-0.53736526  0.00338296],1,-1.0,[-0.53387904  0.00348618],0
58,[-0.53387904  0.00348618],1,-1.0,[-0.5303158   0.00356327],0
58,[-0.5303158   0.00356327],1,-1.0,[-0.52670217  0.00361364],0
58,[-0.52670217  0.00361364],1,-1.0,[-0.5230652   0.00363692],0
58,[-0.5230652   0.00363692],1,-1.0,[-0.5194323   0.00363292],0
58,[-0.5194323   0.00363292],1,-1.0,[-0.51583064  0.00360167],0
58,[-0.51583064  0.00360167],1,-1.0,[-0.51228726  0.00354341],0
58,[-0.51228726  0.00354341],1,-1.0,[-0.50882864  0.00345859],0
58,[-0.50882864  0.00345859],1,-1.0,[-0.50548077  0.00334785],0
58,[-0.50548077  0.00334785],1,-1.0,[-0.50226873  0.00321203],0
58,[-0.50226873  0.00321203],1,-1.0,[-0.4992166   0.00305217],0
58,[-0.4992166   0.00305217],1,-1.0,[-0.49634713  0.00286947],0
58,[-0.49634713  0.00286947],1,-1.0,[-0.49368182  0.00266531],0
58,[-0.49368182  0.00266531],1,-1.0,[-0.4912406   0.00244123],0
58,[-0.4912406   0.00244123],1,-1.0,[-0.48904166  0.00219892],0
58,[-0.48904166  0.00219892],1,-1.0,[-0.48710147  0.00194021],0
58,[-0.48710147  0.00194021],1,-1.0,[-0.48543444  0.00166703],0
58,[-0.48543444  0.00166703],1,-1.0,[-0.48405302  0.00138142],0
58,[-0.48405302  0.00138142],1,-1.0,[-0.4829675   0.00108552],0
58,[-0.4829675   0.00108552],1,-1.0,[-0.48218596  0.00078154],0
58,[-0.48218596  0.00078154],1,-1.0,[-4.8171422e-01  4.7174277e-04],0
58,[-4.8171422e-01  4.7174277e-04],1,-1.0,[-4.8155576e-01  1.5843447e-04],0
58,[-4.8155576e-01  1.5843447e-04],1,-1.0,[-4.8171183e-01 -1.5605269e-04],0
58,[-4.8171183e-01 -1.5605269e-04],1,-1.0,[-4.821812e-01 -4.693787e-04],0
58,[-4.821812e-01 -4.693787e-04],1,-1.0,[-0.4829604  -0.00077921],0
58,[-0.4829604  -0.00077921],1,-1.0,[-0.48404366 -0.00108325],0
58,[-0.48404366 -0.00108325],1,-1.0,[-0.48542288 -0.00137921],0
58,[-0.48542288 -0.00137921],1,-1.0,[-0.4870878  -0.00166491],0
58,[-0.4870878  -0.00166491],1,-1.0,[-0.48902598 -0.00193819],0
58,[-0.48902598 -0.00193819],1,-1.0,[-0.491223   -0.00219702],0
58,[-0.491223   -0.00219702],1,-1.0,[-0.49366245 -0.00243946],0
58,[-0.49366245 -0.00243946],1,-1.0,[-0.49632615 -0.00266368],0
58,[-0.49632615 -0.00266368],1,-1.0,[-0.49919415 -0.002868  ],0
58,[-0.49919415 -0.002868  ],1,-1.0,[-0.502245   -0.00305087],0
58,[-0.502245   -0.00305087],1,-1.0,[-0.5054559  -0.00321091],0
58,[-0.5054559  -0.00321091],1,-1.0,[-0.50880283 -0.00334692],0
58,[-0.50880283 -0.00334692],1,-1.0,[-0.5122607  -0.00345785],0
58,[-0.5122607  -0.00345785],1,-1.0,[-0.5158036  -0.00354287],0
58,[-0.5158036  -0.00354287],1,-1.0,[-0.5194049  -0.00360133],0
58,[-0.5194049  -0.00360133],1,-1.0,[-0.5230377  -0.00363278],0
58,[-0.5230377  -0.00363278],1,-1.0,[-0.5266746  -0.00363699],1
59,"(array([-0.41280627,  0.        ], dtype=float32), {})",1,-1.0,[-0.413622   -0.00081573],0
59,[-0.413622   -0.00081573],1,-1.0,[-0.41524765 -0.00162567],0
59,[-0.41524765 -0.00162567],1,-1.0,[-0.41767174 -0.00242407],0
59,[-0.41767174 -0.00242407],1,-1.0,[-0.42087695 -0.00320522],0
59,[-0.42087695 -0.00320522],1,-1.0,[-0.42484045 -0.0039635 ],0
59,[-0.42484045 -0.0039635 ],1,-1.0,[-0.42953384 -0.00469339],0
59,[-0.42953384 -0.00469339],1,-1.0,[-0.43492338 -0.00538956],0
59,[-0.43492338 -0.00538956],1,-1.0,[-0.4409702 -0.0060468],0
59,[-0.4409702 -0.0060468],1,-1.0,[-0.4476304  -0.00666019],0
59,[-0.4476304  -0.00666019],1,-1.0,[-0.4548554  -0.00722503],0
59,[-0.4548554  -0.00722503],1,-1.0,[-0.4625924  -0.00773696],0
59,[-0.4625924  -0.00773696],1,-1.0,[-0.47078434 -0.00819196],0
59,[-0.47078434 -0.00819196],1,-1.0,[-0.47937077 -0.00858641],0
59,[-0.47937077 -0.00858641],1,-1.0,[-0.48828793 -0.00891715],0
59,[-0.48828793 -0.00891715],1,-1.0,[-0.4974694  -0.00918149],0
59,[-0.4974694  -0.00918149],1,-1.0,[-0.50684667 -0.00937726],0
59,[-0.50684667 -0.00937726],1,-1.0,[-0.5163495  -0.00950285],0
59,[-0.5163495  -0.00950285],1,-1.0,[-0.52590674 -0.00955721],0
59,[-0.52590674 -0.00955721],1,-1.0,[-0.53544664 -0.0095399 ],0
59,[-0.53544664 -0.0095399 ],1,-1.0,[-0.5448977  -0.00945106],0
59,[-0.5448977  -0.00945106],1,-1.0,[-0.5541891  -0.00929143],0
59,[-0.5541891  -0.00929143],1,-1.0,[-0.56325144 -0.00906232],0
59,[-0.56325144 -0.00906232],1,-1.0,[-0.5720171  -0.00876563],0
59,[-0.5720171  -0.00876563],1,-1.0,[-0.58042085 -0.00840377],0
59,[-0.58042085 -0.00840377],1,-1.0,[-0.5884005  -0.00797966],0
59,[-0.5884005  -0.00797966],1,-1.0,[-0.5958972  -0.00749671],0
59,[-0.5958972  -0.00749671],1,-1.0,[-0.6028559  -0.00695871],0
59,[-0.6028559  -0.00695871],1,-1.0,[-0.60922575 -0.00636987],0
59,[-0.60922575 -0.00636987],1,-1.0,[-0.6149605 -0.0057347],0
59,[-0.6149605 -0.0057347],1,-1.0,[-0.6200185  -0.00505804],0
59,[-0.6200185  -0.00505804],1,-1.0,[-0.6243634  -0.00434493],0
59,[-0.6243634  -0.00434493],1,-1.0,[-0.6279641  -0.00360065],0
59,[-0.6279641  -0.00360065],1,-1.0,[-0.63079476 -0.00283064],0
59,[-0.63079476 -0.00283064],1,-1.0,[-0.6328352  -0.00204046],0
59,[-0.6328352  -0.00204046],1,-1.0,[-0.63407093 -0.00123577],0
59,[-0.63407093 -0.00123577],1,-1.0,[-6.3449329e-01 -4.2231174e-04],0
59,[-6.3449329e-01 -4.2231174e-04],1,-1.0,[-6.340991e-01  3.941396e-04],0
59,[-6.340991e-01  3.941396e-04],1,-1.0,[-0.63289136  0.0012078 ],0
59,[-0.63289136  0.0012078 ],1,-1.0,[-0.63087845  0.00201288],0
59,[-0.63087845  0.00201288],1,-1.0,[-0.62807477  0.00280366],0
59,[-0.62807477  0.00280366],1,-1.0,[-0.62450033  0.00357447],0
59,[-0.62450033  0.00357447],1,-1.0,[-0.6201806   0.00431972],0
59,[-0.6201806   0.00431972],1,-1.0,[-0.61514664  0.00503399],0
59,[-0.61514664  0.00503399],1,-1.0,[-0.6094346  0.005712 ],0
59,[-0.6094346  0.005712 ],1,-1.0,[-0.60308594  0.00634868],0
59,[-0.60308594  0.00634868],1,-1.0,[-0.5961467  0.0069392],0
59,[-0.5961467  0.0069392],1,-1.0,[-0.5886677   0.00747902],0
59,[-0.5886677   0.00747902],1,-1.0,[-0.58070374  0.00796395],0
59,[-0.58070374  0.00796395],1,-1.0,[-0.5723136   0.00839014],0
59,[-0.5723136   0.00839014],1,-1.0,[-0.5635594   0.00875421],0
59,[-0.5635594   0.00875421],1,-1.0,[-0.5545062   0.00905319],0
59,[-0.5545062   0.00905319],1,-1.0,[-0.54522157  0.00928467],0
59,[-0.54522157  0.00928467],1,-1.0,[-0.5357748   0.00944672],0
59,[-0.5357748   0.00944672],1,-1.0,[-0.5262368   0.00953802],0
59,[-0.5262368   0.00953802],1,-1.0,[-0.516679    0.00955781],0
59,[-0.516679    0.00955781],1,-1.0,[-0.50717306  0.00950591],0
59,[-0.50717306  0.00950591],1,-1.0,[-0.4977903   0.00938277],0
59,[-0.4977903   0.00938277],1,-1.0,[-0.4886009  0.0091894],0
59,[-0.4886009  0.0091894],1,-1.0,[-0.4796735  0.0089274],0
59,[-0.4796735  0.0089274],1,-1.0,[-0.47107458  0.00859891],0
59,[-0.47107458  0.00859891],1,-1.0,[-0.46286798  0.00820661],0
59,[-0.46286798  0.00820661],1,-1.0,[-0.45511433  0.00775364],0
59,[-0.45511433  0.00775364],1,-1.0,[-0.44787073  0.00724362],0
59,[-0.44787073  0.00724362],1,-1.0,[-0.44119018  0.00668053],0
59,[-0.44119018  0.00668053],1,-1.0,[-0.43512145  0.00606874],0
59,[-0.43512145  0.00606874],1,-1.0,[-0.4297085   0.00541293],0
59,[-0.4297085   0.00541293],1,-1.0,[-0.4249905   0.00471802],0
59,[-0.4249905   0.00471802],1,-1.0,[-0.42100132  0.0039892 ],0
59,[-0.42100132  0.0039892 ],1,-1.0,[-0.4177695   0.00323181],0
59,[-0.4177695   0.00323181],1,-1.0,[-0.41531813  0.00245136],0
59,[-0.41531813  0.00245136],1,-1.0,[-0.41366467  0.00165346],0
59,[-0.41366467  0.00165346],1,-1.0,[-0.41282085  0.00084382],0
59,[-0.41282085  0.00084382],1,-1.0,[-4.1279265e-01  2.8197092e-05],0
59,[-4.1279265e-01  2.8197092e-05],1,-1.0,[-0.41358027 -0.00078763],0
59,[-0.41358027 -0.00078763],1,-1.0,[-0.41517815 -0.00159787],0
59,[-0.41517815 -0.00159787],1,-1.0,[-0.4175749  -0.00239676],0
59,[-0.4175749  -0.00239676],1,-1.0,[-0.4207535 -0.0031786],0
59,[-0.4207535 -0.0031786],1,-1.0,[-0.42469126 -0.00393776],0
59,[-0.42469126 -0.00393776],1,-1.0,[-0.42935997 -0.00466873],0
59,[-0.42935997 -0.00466873],1,-1.0,[-0.43472612 -0.00536614],0
59,[-0.43472612 -0.00536614],1,-1.0,[-0.44075093 -0.00602482],0
59,[-0.44075093 -0.00602482],1,-1.0,[-0.44739074 -0.0066398 ],0
59,[-0.44739074 -0.0066398 ],1,-1.0,[-0.45459712 -0.00720639],0
59,[-0.45459712 -0.00720639],1,-1.0,[-0.46231735 -0.00772022],0
59,[-0.46231735 -0.00772022],1,-1.0,[-0.47049457 -0.00817724],0
59,[-0.47049457 -0.00817724],1,-1.0,[-0.47906843 -0.00857384],0
59,[-0.47906843 -0.00857384],1,-1.0,[-0.48797524 -0.00890683],0
59,[-0.48797524 -0.00890683],1,-1.0,[-0.49714875 -0.00917349],0
59,[-0.49714875 -0.00917349],1,-1.0,[-0.5065204  -0.00937166],0
59,[-0.5065204  -0.00937166],1,-1.0,[-0.5160201  -0.00949969],0
59,[-0.5160201  -0.00949969],1,-1.0,[-0.52557665 -0.00955653],0
59,[-0.52557665 -0.00955653],1,-1.0,[-0.53511834 -0.00954169],0
59,[-0.53511834 -0.00954169],1,-1.0,[-0.5445736  -0.00945531],0
59,[-0.5445736  -0.00945531],1,-1.0,[-0.55387175 -0.00929811],0
59,[-0.55387175 -0.00929811],1,-1.0,[-0.5629431  -0.00907137],0
59,[-0.5629431  -0.00907137],1,-1.0,[-0.57172006 -0.00877697],0
59,[-0.57172006 -0.00877697],1,-1.0,[-0.5801374  -0.00841732],0
59,[-0.5801374  -0.00841732],1,-1.0,[-0.5881327  -0.00799531],0
59,[-0.5881327  -0.00799531],1,-1.0,[-0.59564704 -0.00751432],0
59,[-0.59564704 -0.00751432],1,-1.0,[-0.6026252  -0.00697816],0
59,[-0.6026252  -0.00697816],1,-1.0,[-0.6090162  -0.00639099],0
59,[-0.6090162  -0.00639099],1,-1.0,[-0.6147735  -0.00575735],0
59,[-0.6147735  -0.00575735],1,-1.0,[-0.6198556  -0.00508204],0
59,[-0.6198556  -0.00508204],1,-1.0,[-0.6242257 -0.0043701],0
59,[-0.6242257 -0.0043701],1,-1.0,[-0.6278525  -0.00362681],0
59,[-0.6278525  -0.00362681],1,-1.0,[-0.63071007 -0.00285759],0
59,[-0.63071007 -0.00285759],1,-1.0,[-0.6327781  -0.00206801],0
59,[-0.6327781  -0.00206801],1,-1.0,[-0.63404185 -0.00126373],0
59,[-0.63404185 -0.00126373],1,-1.0,[-6.344923e-01 -4.504803e-04],0
59,[-6.344923e-01 -4.504803e-04],1,-1.0,[-6.3412631e-01  3.6596417e-04],0
59,[-6.3412631e-01  3.6596417e-04],1,-1.0,[-0.6329465   0.00117981],0
59,[-0.6329465   0.00117981],1,-1.0,[-0.63096124  0.00198529],0
59,[-0.63096124  0.00198529],1,-1.0,[-0.62818456  0.00277666],0
59,[-0.62818456  0.00277666],1,-1.0,[-0.6246363   0.00354825],0
59,[-0.6246363   0.00354825],1,-1.0,[-0.62034184  0.00429448],0
59,[-0.62034184  0.00429448],1,-1.0,[-0.61533195  0.00500991],0
59,[-0.61533195  0.00500991],1,-1.0,[-0.6096427   0.00568925],0
59,[-0.6096427   0.00568925],1,-1.0,[-0.60331523  0.00632744],0
59,[-0.60331523  0.00632744],1,-1.0,[-0.5963956   0.00691963],0
59,[-0.5963956   0.00691963],1,-1.0,[-0.5889343   0.00746128],0
59,[-0.5889343   0.00746128],1,-1.0,[-0.58098614  0.00794816],0
59,[-0.58098614  0.00794816],1,-1.0,[-0.5726097   0.00837645],0
59,[-0.5726097   0.00837645],1,-1.0,[-0.56386703  0.0087427 ],0
59,[-0.56386703  0.0087427 ],1,-1.0,[-0.55482304  0.00904398],0
59,[-0.55482304  0.00904398],1,-1.0,[-0.5455452   0.00927782],0
59,[-0.5455452   0.00927782],1,-1.0,[-0.5361029  0.0094423],0
59,[-0.5361029  0.0094423],1,-1.0,[-0.52656686  0.00953606],0
59,[-0.52656686  0.00953606],1,-1.0,[-0.51700854  0.00955832],0
59,[-0.51700854  0.00955832],1,-1.0,[-0.50749964  0.0095089 ],0
59,[-0.50749964  0.0095089 ],1,-1.0,[-0.49811143  0.0093882 ],0
59,[-0.49811143  0.0093882 ],1,-1.0,[-0.4889142   0.00919723],0
59,[-0.4889142   0.00919723],1,-1.0,[-0.47997662  0.00893757],0
59,[-0.47997662  0.00893757],1,-1.0,[-0.4713653   0.00861133],0
59,[-0.4713653   0.00861133],1,-1.0,[-0.46314412  0.00822118],0
59,[-0.46314412  0.00822118],1,-1.0,[-0.45537385  0.00777026],0
59,[-0.45537385  0.00777026],1,-1.0,[-0.4481117   0.00726213],0
59,[-0.4481117   0.00726213],1,-1.0,[-0.4414109   0.00670081],0
59,[-0.4414109   0.00670081],1,-1.0,[-0.4353203   0.00609063],0
59,[-0.4353203   0.00609063],1,-1.0,[-0.42988405  0.00543625],0
59,[-0.42988405  0.00543625],1,-1.0,[-0.42514142  0.00474261],0
59,[-0.42514142  0.00474261],1,-1.0,[-0.42112654  0.00401487],0
59,[-0.42112654  0.00401487],1,-1.0,[-0.41786817  0.00325838],0
59,[-0.41786817  0.00325838],1,-1.0,[-0.41538954  0.00247863],0
59,[-0.41538954  0.00247863],1,-1.0,[-0.4137083   0.00168124],0
59,[-0.4137083   0.00168124],1,-1.0,[-0.4128364   0.00087191],0
59,[-0.4128364   0.00087191],1,-1.0,[-4.1278002e-01  5.6393943e-05],0
59,[-4.1278002e-01  5.6393943e-05],1,-1.0,[-0.41353953 -0.00075952],0
59,[-0.41353953 -0.00075952],1,-1.0,[-0.41510957 -0.00157005],0
59,[-0.41510957 -0.00157005],1,-1.0,[-0.417479   -0.00236943],0
59,[-0.417479   -0.00236943],1,-1.0,[-0.42063096 -0.00315195],0
59,[-0.42063096 -0.00315195],1,-1.0,[-0.42454293 -0.00391199],0
59,[-0.42454293 -0.00391199],1,-1.0,[-0.42918697 -0.00464402],0
59,[-0.42918697 -0.00464402],1,-1.0,[-0.43452963 -0.00534268],0
59,[-0.43452963 -0.00534268],1,-1.0,[-0.44053242 -0.00600277],0
59,[-0.44053242 -0.00600277],1,-1.0,[-0.44715175 -0.00661934],0
59,[-0.44715175 -0.00661934],1,-1.0,[-0.45433944 -0.00718768],0
59,[-0.45433944 -0.00718768],1,-1.0,[-0.46204284 -0.0077034 ],0
59,[-0.46204284 -0.0077034 ],1,-1.0,[-0.47020528 -0.00816245],0
59,[-0.47020528 -0.00816245],1,-1.0,[-0.47876647 -0.00856119],0
59,[-0.47876647 -0.00856119],1,-1.0,[-0.4876629  -0.00889642],0
59,[-0.4876629  -0.00889642],1,-1.0,[-0.49682832 -0.00916542],0
59,[-0.49682832 -0.00916542],1,-1.0,[-0.5061943  -0.00936598],0
59,[-0.5061943  -0.00936598],1,-1.0,[-0.51569074 -0.00949645],0
59,[-0.51569074 -0.00949645],1,-1.0,[-0.5252465  -0.00955576],0
59,[-0.5252465  -0.00955576],1,-1.0,[-0.5347899 -0.0095434],0
59,[-0.5347899 -0.0095434],1,-1.0,[-0.5442494  -0.00945948],0
59,[-0.5442494  -0.00945948],1,-1.0,[-0.5535541 -0.0093047],0
59,[-0.5535541 -0.0093047],1,-1.0,[-0.5626344  -0.00908034],0
59,[-0.5626344  -0.00908034],1,-1.0,[-0.5714227  -0.00878824],0
59,[-0.5714227  -0.00878824],1,-1.0,[-0.5798535  -0.00843079],0
59,[-0.5798535  -0.00843079],1,-1.0,[-0.58786434 -0.00801088],0
59,[-0.58786434 -0.00801088],1,-1.0,[-0.5953962  -0.00753187],0
59,[-0.5953962  -0.00753187],1,-1.0,[-0.60239375 -0.00699754],0
59,[-0.60239375 -0.00699754],1,-1.0,[-0.60880584 -0.00641207],0
59,[-0.60880584 -0.00641207],1,-1.0,[-0.61458576 -0.00577995],0
59,[-0.61458576 -0.00577995],1,-1.0,[-0.6196918  -0.00510599],0
59,[-0.6196918  -0.00510599],1,-1.0,[-0.62408704 -0.00439524],0
59,[-0.62408704 -0.00439524],1,-1.0,[-0.62773997 -0.00365294],0
59,[-0.62773997 -0.00365294],1,-1.0,[-0.6306245  -0.00288452],0
59,[-0.6306245  -0.00288452],1,-1.0,[-0.63272    -0.00209555],0
59,[-0.63272    -0.00209555],1,-1.0,[-0.6340117  -0.00129168],0
59,[-0.6340117  -0.00129168],1,-1.0,[-6.3449037e-01 -4.7864506e-04],0
59,[-6.3449037e-01 -4.7864506e-04],1,-1.0,[-6.341526e-01  3.377856e-04],0
59,[-6.341526e-01  3.377856e-04],1,-1.0,[-0.63300073  0.00115182],0
59,[-0.63300073  0.00115182],1,-1.0,[-0.6310431   0.00195768],0
59,[-0.6310431   0.00195768],1,-1.0,[-0.6282934   0.00274963],0
59,[-0.6282934   0.00274963],1,-1.0,[-0.6247714  0.003522 ],0
59,[-0.6247714  0.003522 ],1,-1.0,[-0.62050223  0.0042692 ],0
59,[-0.62050223  0.0042692 ],1,-1.0,[-0.6155164   0.00498578],0
59,[-0.6155164   0.00498578],1,-1.0,[-0.60985     0.00566646],0
59,[-0.60985     0.00566646],1,-1.0,[-0.6035438   0.00630615],0
59,[-0.6035438   0.00630615],1,-1.0,[-0.59664387  0.0069    ],0
59,[-0.59664387  0.0069    ],1,-1.0,[-0.5892004   0.00744347],0
59,[-0.5892004   0.00744347],1,-1.0,[-0.5812681   0.00793231],0
59,[-0.5812681   0.00793231],1,-1.0,[-0.5729054   0.00836268],0
59,[-0.5729054   0.00836268],1,-1.0,[-0.5641743   0.00873113],0
59,[-0.5641743   0.00873113],1,-1.0,[-0.5551396   0.00903469],0
59,[-0.5551396   0.00903469],1,-1.0,[-0.5458687  0.0092709],0
59,[-0.5458687  0.0092709],1,-1.0,[-0.5364309  0.0094378],0
59,[-0.5364309  0.0094378],1,-1.0,[-0.5268969   0.00953401],1
60,"(array([-0.4751252,  0.       ], dtype=float32), {})",1,-1.0,[-4.7548747e-01 -3.6227194e-04],0
60,[-4.7548747e-01 -3.6227194e-04],1,-1.0,[-0.4762093  -0.00072186],0
60,[-0.4762093  -0.00072186],1,-1.0,[-0.4772854  -0.00107608],0
60,[-0.4772854  -0.00107608],1,-1.0,[-0.4787077  -0.00142231],0
60,[-0.4787077  -0.00142231],1,-1.0,[-0.48046568 -0.00175798],0
60,[-0.48046568 -0.00175798],1,-1.0,[-0.48254627 -0.00208058],0
60,[-0.48254627 -0.00208058],1,-1.0,[-0.48493394 -0.00238769],0
60,[-0.48493394 -0.00238769],1,-1.0,[-0.487611   -0.00267703],0
60,[-0.487611   -0.00267703],1,-1.0,[-0.4905574  -0.00294641],0
60,[-0.4905574  -0.00294641],1,-1.0,[-0.49375123 -0.00319382],0
60,[-0.49375123 -0.00319382],1,-1.0,[-0.4971686  -0.00341738],0
60,[-0.4971686  -0.00341738],1,-1.0,[-0.500784   -0.00361539],0
60,[-0.500784   -0.00361539],1,-1.0,[-0.50457036 -0.00378637],0
60,[-0.50457036 -0.00378637],1,-1.0,[-0.5084994  -0.00392901],0
60,[-0.5084994  -0.00392901],1,-1.0,[-0.5125416  -0.00404221],0
60,[-0.5125416  -0.00404221],1,-1.0,[-0.5166667  -0.00412513],0
60,[-0.5166667  -0.00412513],1,-1.0,[-0.5208438  -0.00417711],0
60,[-0.5208438  -0.00417711],1,-1.0,[-0.5250416  -0.00419778],0
60,[-0.5250416  -0.00419778],1,-1.0,[-0.52922857 -0.00418696],0
60,[-0.52922857 -0.00418696],1,-1.0,[-0.5333733  -0.00414473],0
60,[-0.5333733  -0.00414473],1,-1.0,[-0.5374447  -0.00407144],0
60,[-0.5374447  -0.00407144],1,-1.0,[-0.54141235 -0.00396762],0
60,[-0.54141235 -0.00396762],1,-1.0,[-0.5452464  -0.00383408],0
60,[-0.5452464  -0.00383408],1,-1.0,[-0.54891825 -0.00367184],0
60,[-0.54891825 -0.00367184],1,-1.0,[-0.5524004  -0.00348213],0
60,[-0.5524004  -0.00348213],1,-1.0,[-0.5556668  -0.00326638],0
60,[-0.5556668  -0.00326638],1,-1.0,[-0.558693   -0.00302624],0
60,[-0.558693   -0.00302624],1,-1.0,[-0.56145656 -0.00276352],0
60,[-0.56145656 -0.00276352],1,-1.0,[-0.56393677 -0.0024802 ],0
60,[-0.56393677 -0.0024802 ],1,-1.0,[-0.56611514 -0.0021784 ],0
60,[-0.56611514 -0.0021784 ],1,-1.0,[-0.5679755  -0.00186039],0
60,[-0.5679755  -0.00186039],1,-1.0,[-0.5695041  -0.00152855],0
60,[-0.5695041  -0.00152855],1,-1.0,[-0.57068944 -0.00118535],0
60,[-0.57068944 -0.00118535],1,-1.0,[-0.5715228  -0.00083334],0
60,[-0.5715228  -0.00083334],1,-1.0,[-5.7199794e-01 -4.7514818e-04],0
60,[-5.7199794e-01 -4.7514818e-04],1,-1.0,[-5.72111368e-01 -1.13428665e-04],0
60,[-5.72111368e-01 -1.13428665e-04],1,-1.0,[-5.7186222e-01  2.4913257e-04],0
60,[-5.7186222e-01  2.4913257e-04],1,-1.0,[-0.57125235  0.00060984],0
60,[-0.57125235  0.00060984],1,-1.0,[-0.57028633  0.00096603],0
60,[-0.57028633  0.00096603],1,-1.0,[-0.5689713   0.00131504],0
60,[-0.5689713   0.00131504],1,-1.0,[-0.567317    0.00165429],0
60,[-0.567317    0.00165429],1,-1.0,[-0.56533575  0.00198124],0
60,[-0.56533575  0.00198124],1,-1.0,[-0.56304234  0.00229345],0
60,[-0.56304234  0.00229345],1,-1.0,[-0.5604538   0.00258858],0
60,[-0.5604538   0.00258858],1,-1.0,[-0.5575893   0.00286443],0
60,[-0.5575893   0.00286443],1,-1.0,[-0.5544704   0.00311892],0
60,[-0.5544704   0.00311892],1,-1.0,[-0.5511203   0.00335013],0
60,[-0.5511203   0.00335013],1,-1.0,[-0.54756397  0.0035563 ],0
60,[-0.54756397  0.0035563 ],1,-1.0,[-0.54382807  0.00373589],0
60,[-0.54382807  0.00373589],1,-1.0,[-0.5399406   0.00388751],0
60,[-0.5399406   0.00388751],1,-1.0,[-0.5359305   0.00401003],0
60,[-0.5359305   0.00401003],1,-1.0,[-0.53182805  0.00410249],0
60,[-0.53182805  0.00410249],1,-1.0,[-0.5276638   0.00416421],0
60,[-0.5276638   0.00416421],1,-1.0,[-0.52346915  0.0041947 ],0
60,[-0.52346915  0.0041947 ],1,-1.0,[-0.5192754   0.00419372],0
60,[-0.5192754   0.00419372],1,-1.0,[-0.5151141  0.0041613],0
60,[-0.5151141  0.0041613],1,-1.0,[-0.5110164   0.00409767],0
60,[-0.5110164   0.00409767],1,-1.0,[-0.50701314  0.00400333],0
60,[-0.50701314  0.00400333],1,-1.0,[-0.50313413  0.00387898],0
60,[-0.50313413  0.00387898],1,-1.0,[-0.49940854  0.0037256 ],0
60,[-0.49940854  0.0037256 ],1,-1.0,[-0.4958642   0.00354433],0
60,[-0.4958642   0.00354433],1,-1.0,[-0.49252766  0.00333656],0
60,[-0.49252766  0.00333656],1,-1.0,[-0.48942378  0.00310386],0
60,[-0.48942378  0.00310386],1,-1.0,[-0.48657578  0.002848  ],0
60,[-0.48657578  0.002848  ],1,-1.0,[-0.48400488  0.0025709 ],0
60,[-0.48400488  0.0025709 ],1,-1.0,[-0.48173025  0.00227464],0
60,[-0.48173025  0.00227464],1,-1.0,[-0.4797688   0.00196145],0
60,[-0.4797688   0.00196145],1,-1.0,[-0.47813514  0.00163367],0
60,[-0.47813514  0.00163367],1,-1.0,[-0.47684136  0.00129375],0
60,[-0.47684136  0.00129375],1,-1.0,[-0.47589716  0.00094422],0
60,[-0.47589716  0.00094422],1,-1.0,[-0.47530946  0.00058768],0
60,[-0.47530946  0.00058768],1,-1.0,[-4.7508270e-01  2.2677495e-04],0
60,[-4.7508270e-01  2.2677495e-04],1,-1.0,[-4.7521850e-01 -1.3581227e-04],0
60,[-4.7521850e-01 -1.3581227e-04],1,-1.0,[-0.4757159  -0.00049739],0
60,[-0.4757159  -0.00049739],1,-1.0,[-0.47657117 -0.00085528],0
60,[-0.47657117 -0.00085528],1,-1.0,[-0.477778   -0.00120682],0
60,[-0.477778   -0.00120682],1,-1.0,[-0.47932738 -0.00154939],0
60,[-0.47932738 -0.00154939],1,-1.0,[-0.48120785 -0.00188045],0
60,[-0.48120785 -0.00188045],1,-1.0,[-0.48340538 -0.00219753],0
60,[-0.48340538 -0.00219753],1,-1.0,[-0.48590362 -0.00249825],0
60,[-0.48590362 -0.00249825],1,-1.0,[-0.48868397 -0.00278036],0
60,[-0.48868397 -0.00278036],1,-1.0,[-0.4917257  -0.00304174],0
60,[-0.4917257  -0.00304174],1,-1.0,[-0.49500614 -0.00328043],0
60,[-0.49500614 -0.00328043],1,-1.0,[-0.49850076 -0.00349461],0
60,[-0.49850076 -0.00349461],1,-1.0,[-0.50218344 -0.00368267],0
60,[-0.50218344 -0.00368267],1,-1.0,[-0.50602657 -0.00384317],0
60,[-0.50602657 -0.00384317],1,-1.0,[-0.5100015 -0.0039749],0
60,[-0.5100015 -0.0039749],1,-1.0,[-0.5140783  -0.00407685],0
60,[-0.5140783  -0.00407685],1,-1.0,[-0.51822656 -0.00414825],0
60,[-0.51822656 -0.00414825],1,-1.0,[-0.5224151  -0.00418853],0
60,[-0.5224151  -0.00418853],1,-1.0,[-0.5266125  -0.00419741],0
60,[-0.5266125  -0.00419741],1,-1.0,[-0.53078735 -0.00417481],0
60,[-0.53078735 -0.00417481],1,-1.0,[-0.53490824 -0.0041209 ],0
60,[-0.53490824 -0.0041209 ],1,-1.0,[-0.53894436 -0.00403609],0
60,[-0.53894436 -0.00403609],1,-1.0,[-0.5428654  -0.00392104],0
60,[-0.5428654  -0.00392104],1,-1.0,[-0.546642   -0.00377662],0
60,[-0.546642   -0.00377662],1,-1.0,[-0.55024594 -0.00360394],0
60,[-0.55024594 -0.00360394],1,-1.0,[-0.55365026 -0.0034043 ],0
60,[-0.55365026 -0.0034043 ],1,-1.0,[-0.55682945 -0.00317922],0
60,[-0.55682945 -0.00317922],1,-1.0,[-0.55975986 -0.0029304 ],0
60,[-0.55975986 -0.0029304 ],1,-1.0,[-0.5624196  -0.00265972],0
60,[-0.5624196  -0.00265972],1,-1.0,[-0.5647888  -0.00236922],0
60,[-0.5647888  -0.00236922],1,-1.0,[-0.5668499  -0.00206108],0
60,[-0.5668499  -0.00206108],1,-1.0,[-0.5685875  -0.00173761],0
60,[-0.5685875  -0.00173761],1,-1.0,[-0.5699887  -0.00140122],0
60,[-0.5699887  -0.00140122],1,-1.0,[-0.57104313 -0.00105442],0
60,[-0.57104313 -0.00105442],1,-1.0,[-0.5717429  -0.00069978],0
60,[-0.5717429  -0.00069978],1,-1.0,[-5.7208288e-01 -3.3995655e-04],0
60,[-5.7208288e-01 -3.3995655e-04],1,-1.0,[-5.7206047e-01  2.2393342e-05],0
60,[-5.7206047e-01  2.2393342e-05],1,-1.0,[-5.7167590e-01  3.8457706e-04],0
60,[-5.7167590e-01  3.8457706e-04],1,-1.0,[-0.570932    0.00074391],0
60,[-0.570932    0.00074391],1,-1.0,[-0.5698343   0.00109771],0
60,[-0.5698343   0.00109771],1,-1.0,[-0.5683909   0.00144337],0
60,[-0.5683909   0.00144337],1,-1.0,[-0.5666126  0.0017783],0
60,[-0.5666126  0.0017783],1,-1.0,[-0.5645126   0.00210001],0
60,[-0.5645126   0.00210001],1,-1.0,[-0.5621065   0.00240609],0
60,[-0.5621065   0.00240609],1,-1.0,[-0.55941224  0.00269426],0
60,[-0.55941224  0.00269426],1,-1.0,[-0.5564499   0.00296234],0
60,[-0.5564499   0.00296234],1,-1.0,[-0.55324155  0.00320833],0
60,[-0.55324155  0.00320833],1,-1.0,[-0.54981124  0.00343036],0
60,[-0.54981124  0.00343036],1,-1.0,[-0.5461845   0.00362675],0
60,[-0.5461845   0.00362675],1,-1.0,[-0.54238844  0.00379601],0
60,[-0.54238844  0.00379601],1,-1.0,[-0.5384516   0.00393686],0
60,[-0.5384516   0.00393686],1,-1.0,[-0.5344034   0.00404822],0
60,[-0.5344034   0.00404822],1,-1.0,[-0.53027415  0.00412924],0
60,[-0.53027415  0.00412924],1,-1.0,[-0.52609485  0.0041793 ],0
60,[-0.52609485  0.0041793 ],1,-1.0,[-0.52189684  0.00419802],0
60,[-0.52189684  0.00419802],1,-1.0,[-0.5177116   0.00418526],0
60,[-0.5177116   0.00418526],1,-1.0,[-0.5135705  0.0041411],0
60,[-0.5135705  0.0041411],1,-1.0,[-0.50950456  0.0040659 ],0
60,[-0.50950456  0.0040659 ],1,-1.0,[-0.5055443   0.00396023],0
60,[-0.5055443   0.00396023],1,-1.0,[-0.5017195   0.00382489],0
60,[-0.5017195   0.00382489],1,-1.0,[-0.49805853  0.00366091],0
60,[-0.49805853  0.00366091],1,-1.0,[-0.494589    0.00346954],0
60,[-0.494589    0.00346954],1,-1.0,[-0.49133673  0.00325225],0
60,[-0.49133673  0.00325225],1,-1.0,[-0.4883261   0.00301066],0
60,[-0.4883261   0.00301066],1,-1.0,[-0.4855795   0.00274661],0
60,[-0.4855795   0.00274661],1,-1.0,[-0.4831174   0.00246208],0
60,[-0.4831174   0.00246208],1,-1.0,[-0.4809582   0.00215922],0
60,[-0.4809582   0.00215922],1,-1.0,[-0.4791179   0.00184028],0
60,[-0.4791179   0.00184028],1,-1.0,[-0.47761023  0.00150766],0
60,[-0.47761023  0.00150766],1,-1.0,[-0.4764464   0.00116384],0
60,[-0.4764464   0.00116384],1,-1.0,[-0.47563502  0.00081138],0
60,[-0.47563502  0.00081138],1,-1.0,[-4.7518212e-01  4.5289122e-04],0
60,[-4.7518212e-01  4.5289122e-04],1,-1.0,[-4.750911e-01  9.104185e-05],0
60,[-4.750911e-01  9.104185e-05],1,-1.0,[-4.7536257e-01 -2.7148312e-04],0
60,[-4.7536257e-01 -2.7148312e-04],1,-1.0,[-0.47599456 -0.00063199],0
60,[-0.47599456 -0.00063199],1,-1.0,[-0.47698238 -0.00098781],0
60,[-0.47698238 -0.00098781],1,-1.0,[-0.47831866 -0.0013363 ],0
60,[-0.47831866 -0.0013363 ],1,-1.0,[-0.47999352 -0.00167485],0
60,[-0.47999352 -0.00167485],1,-1.0,[-0.48199448 -0.00200096],0
60,[-0.48199448 -0.00200096],1,-1.0,[-0.48430666 -0.00231218],0
60,[-0.48430666 -0.00231218],1,-1.0,[-0.48691288 -0.00260619],0
60,[-0.48691288 -0.00260619],1,-1.0,[-0.48979366 -0.00288078],0
60,[-0.48979366 -0.00288078],1,-1.0,[-0.49292752 -0.00313389],0
60,[-0.49292752 -0.00313389],1,-1.0,[-0.49629113 -0.0033636 ],0
60,[-0.49629113 -0.0033636 ],1,-1.0,[-0.4998593  -0.00356817],0
60,[-0.4998593  -0.00356817],1,-1.0,[-0.50360537 -0.00374607],0
60,[-0.50360537 -0.00374607],1,-1.0,[-0.5075013  -0.00389593],0
60,[-0.5075013  -0.00389593],1,-1.0,[-0.51151794 -0.00401661],0
60,[-0.51151794 -0.00401661],1,-1.0,[-0.5156251 -0.0041072],0
60,[-0.5156251 -0.0041072],1,-1.0,[-0.51979214 -0.004167  ],0
60,[-0.51979214 -0.004167  ],1,-1.0,[-0.52398765 -0.00419555],0
60,[-0.52398765 -0.00419555],1,-1.0,[-0.5281803  -0.00419263],0
60,[-0.5281803  -0.00419263],1,-1.0,[-0.53233856 -0.00415827],0
60,[-0.53233856 -0.00415827],1,-1.0,[-0.5364313  -0.00409273],0
60,[-0.5364313  -0.00409273],1,-1.0,[-0.5404278  -0.00399651],0
60,[-0.5404278  -0.00399651],1,-1.0,[-0.5442982  -0.00387035],0
60,[-0.5442982  -0.00387035],1,-1.0,[-0.5480133 -0.0037152],0
60,[-0.5480133 -0.0037152],1,-1.0,[-0.5515456  -0.00353225],0
60,[-0.5515456  -0.00353225],1,-1.0,[-0.5548685 -0.0033229],0
60,[-0.5548685 -0.0033229],1,-1.0,[-0.55795723 -0.00308872],0
60,[-0.55795723 -0.00308872],1,-1.0,[-0.5607887  -0.00283149],0
60,[-0.5607887  -0.00283149],1,-1.0,[-0.56334186 -0.00255314],0
60,[-0.56334186 -0.00255314],1,-1.0,[-0.56559765 -0.00225577],0
60,[-0.56559765 -0.00225577],1,-1.0,[-0.5675392  -0.00194161],0
60,[-0.5675392  -0.00194161],1,-1.0,[-0.56915224 -0.00161301],0
60,[-0.56915224 -0.00161301],1,-1.0,[-0.5704247  -0.00127243],0
60,[-0.5704247  -0.00127243],1,-1.0,[-0.57134706 -0.00092239],0
60,[-0.57134706 -0.00092239],1,-1.0,[-5.719126e-01 -5.654970e-04],0
60,[-5.719126e-01 -5.654970e-04],1,-1.0,[-5.7211697e-01 -2.0441093e-04],0
60,[-5.7211697e-01 -2.0441093e-04],1,-1.0,[-5.7195878e-01  1.5819204e-04],0
60,[-5.7195878e-01  1.5819204e-04],1,-1.0,[-5.7143915e-01  5.1962107e-04],0
60,[-5.7143915e-01  5.1962107e-04],1,-1.0,[-0.57056195  0.00087719],0
60,[-0.57056195  0.00087719],1,-1.0,[-0.56933373  0.00122825],0
60,[-0.56933373  0.00122825],1,-1.0,[-0.5677635   0.00157019],0
60,[-0.5677635   0.00157019],1,-1.0,[-0.5658631   0.00190046],0
60,[-0.5658631   0.00190046],1,-1.0,[-0.5636465   0.00221659],0
60,[-0.5636465   0.00221659],1,-1.0,[-0.5611302   0.00251623],0
60,[-0.5611302   0.00251623],1,-1.0,[-0.55833316  0.00279712],0
60,[-0.55833316  0.00279712],1,-1.0,[-0.555276    0.00305715],0
60,[-0.555276    0.00305715],1,-1.0,[-0.5519816   0.00329438],0
60,[-0.5519816   0.00329438],1,-1.0,[-0.5484746   0.00350699],0
60,[-0.5484746   0.00350699],1,-1.0,[-0.5447812   0.00369339],0
60,[-0.5447812   0.00369339],1,-1.0,[-0.5409291   0.00385215],0
60,[-0.5409291   0.00385215],1,-1.0,[-0.536947    0.00398207],0
60,[-0.536947    0.00398207],1,-1.0,[-0.53286487  0.00408215],0
60,[-0.53286487  0.00408215],1,-1.0,[-0.5287132   0.00415164],0
60,[-0.5287132   0.00415164],1,-1.0,[-0.5245232   0.00418999],0
60,[-0.5245232   0.00418999],1,-1.0,[-0.5203263   0.00419693],1
61,"(array([-0.50029886,  0.        ], dtype=float32), {})",1,-1.0,[-5.0047344e-01 -1.7460721e-04],0
61,[-5.0047344e-01 -1.7460721e-04],1,-1.0,[-5.0082135e-01 -3.4790803e-04],0
61,[-5.0082135e-01 -3.4790803e-04],1,-1.0,[-0.50134    -0.00051861],0
61,[-0.50134    -0.00051861],1,-1.0,[-0.50202537 -0.00068542],0
61,[-0.50202537 -0.00068542],1,-1.0,[-0.5028725  -0.00084711],0
61,[-0.5028725  -0.00084711],1,-1.0,[-0.50387496 -0.00100246],0
61,[-0.50387496 -0.00100246],1,-1.0,[-0.50502527 -0.0011503 ],0
61,[-0.50502527 -0.0011503 ],1,-1.0,[-0.5063148  -0.00128953],0
61,[-0.5063148  -0.00128953],1,-1.0,[-0.5077339 -0.0014191],0
61,[-0.5077339 -0.0014191],1,-1.0,[-0.5092719  -0.00153804],0
61,[-0.5092719  -0.00153804],1,-1.0,[-0.51091737 -0.00164546],0
61,[-0.51091737 -0.00164546],1,-1.0,[-0.51265794 -0.00174055],0
61,[-0.51265794 -0.00174055],1,-1.0,[-0.51448053 -0.00182259],0
61,[-0.51448053 -0.00182259],1,-1.0,[-0.5163715  -0.00189097],0
61,[-0.5163715  -0.00189097],1,-1.0,[-0.5183167  -0.00194517],0
61,[-0.5183167  -0.00194517],1,-1.0,[-0.52030146 -0.00198478],0
61,[-0.52030146 -0.00198478],1,-1.0,[-0.522311   -0.00200951],0
61,[-0.522311   -0.00200951],1,-1.0,[-0.52433014 -0.00201917],0
61,[-0.52433014 -0.00201917],1,-1.0,[-0.5263438  -0.00201369],0
61,[-0.5263438  -0.00201369],1,-1.0,[-0.5283369 -0.0019931],0
61,[-0.5283369 -0.0019931],1,-1.0,[-0.5302945  -0.00195756],0
61,[-0.5302945  -0.00195756],1,-1.0,[-0.5322018  -0.00190735],0
61,[-0.5322018  -0.00190735],1,-1.0,[-0.5340447  -0.00184283],0
61,[-0.5340447  -0.00184283],1,-1.0,[-0.53580916 -0.0017645 ],0
61,[-0.53580916 -0.0017645 ],1,-1.0,[-0.5374821  -0.00167294],0
61,[-0.5374821  -0.00167294],1,-1.0,[-0.53905094 -0.00156885],0
61,[-0.53905094 -0.00156885],1,-1.0,[-0.540504 -0.001453],0
61,[-0.540504 -0.001453],1,-1.0,[-0.54183024 -0.00132627],0
61,[-0.54183024 -0.00132627],1,-1.0,[-0.54301983 -0.0011896 ],0
61,[-0.54301983 -0.0011896 ],1,-1.0,[-0.54406387 -0.00104402],0
61,[-0.54406387 -0.00104402],1,-1.0,[-0.5449545  -0.00089063],0
61,[-0.5449545  -0.00089063],1,-1.0,[-0.54568505 -0.00073057],0
61,[-0.54568505 -0.00073057],1,-1.0,[-0.5462501  -0.00056505],0
61,[-0.5462501  -0.00056505],1,-1.0,[-5.4664540e-01 -3.9529256e-04],0
61,[-5.4664540e-01 -3.9529256e-04],1,-1.0,[-5.4686797e-01 -2.2258071e-04],0
61,[-5.4686797e-01 -2.2258071e-04],1,-1.0,[-5.4691619e-01 -4.8203514e-05],0
61,[-5.4691619e-01 -4.8203514e-05],1,-1.0,[-5.4678965e-01  1.2653432e-04],0
61,[-5.4678965e-01  1.2653432e-04],1,-1.0,[-5.4648930e-01  3.0032545e-04],0
61,[-5.4648930e-01  3.0032545e-04],1,-1.0,[-5.4601741e-01  4.7186954e-04],0
61,[-5.4601741e-01  4.7186954e-04],1,-1.0,[-0.54537755  0.00063988],0
61,[-0.54537755  0.00063988],1,-1.0,[-0.54457444  0.00080311],0
61,[-0.54457444  0.00080311],1,-1.0,[-0.54361415  0.00096032],0
61,[-0.54361415  0.00096032],1,-1.0,[-0.5425038   0.00111035],0
61,[-0.5425038   0.00111035],1,-1.0,[-0.5412517   0.00125206],0
61,[-0.5412517   0.00125206],1,-1.0,[-0.53986734  0.00138439],0
61,[-0.53986734  0.00138439],1,-1.0,[-0.53836095  0.00150636],0
61,[-0.53836095  0.00150636],1,-1.0,[-0.53674394  0.00161704],0
61,[-0.53674394  0.00161704],1,-1.0,[-0.53502834  0.0017156 ],0
61,[-0.53502834  0.0017156 ],1,-1.0,[-0.533227    0.00180131],0
61,[-0.533227    0.00180131],1,-1.0,[-0.53135353  0.00187351],0
61,[-0.53135353  0.00187351],1,-1.0,[-0.52942187  0.00193166],0
61,[-0.52942187  0.00193166],1,-1.0,[-0.5274465   0.00197533],0
61,[-0.5274465   0.00197533],1,-1.0,[-0.5254423   0.00200419],0
61,[-0.5254423   0.00200419],1,-1.0,[-0.5234243   0.00201802],0
61,[-0.5234243   0.00201802],1,-1.0,[-0.5214076   0.00201671],0
61,[-0.5214076   0.00201671],1,-1.0,[-0.51940733  0.00200028],0
61,[-0.51940733  0.00200028],1,-1.0,[-0.5174385   0.00196884],0
61,[-0.5174385   0.00196884],1,-1.0,[-0.51551586  0.00192264],0
61,[-0.51551586  0.00192264],1,-1.0,[-0.5136538   0.00186203],0
61,[-0.5136538   0.00186203],1,-1.0,[-0.51186633  0.00178745],0
61,[-0.51186633  0.00178745],1,-1.0,[-0.5101669   0.00169947],0
61,[-0.5101669   0.00169947],1,-1.0,[-0.5085681   0.00159876],0
61,[-0.5085681   0.00159876],1,-1.0,[-0.50708205  0.00148607],0
61,[-0.50708205  0.00148607],1,-1.0,[-0.5057198   0.00136225],0
61,[-0.5057198   0.00136225],1,-1.0,[-0.50449157  0.00122822],0
61,[-0.50449157  0.00122822],1,-1.0,[-0.5034066   0.00108499],0
61,[-0.5034066   0.00108499],1,-1.0,[-0.50247294  0.00093364],0
61,[-0.50247294  0.00093364],1,-1.0,[-0.50169766  0.00077531],0
61,[-0.50169766  0.00077531],1,-1.0,[-0.5010865   0.00061117],0
61,[-0.5010865   0.00061117],1,-1.0,[-5.0064403e-01  4.4245206e-04],0
61,[-5.0064403e-01  4.4245206e-04],1,-1.0,[-5.003736e-01  2.704275e-04],0
61,[-5.003736e-01  2.704275e-04],1,-1.0,[-5.002772e-01  9.637959e-05],0
61,[-5.002772e-01  9.637959e-05],1,-1.0,[-5.003556e-01 -7.838941e-05],0
61,[-5.003556e-01 -7.838941e-05],1,-1.0,[-5.0060821e-01 -2.5257192e-04],0
61,[-5.0060821e-01 -2.5257192e-04],1,-1.0,[-5.0103307e-01 -4.2486470e-04],0
61,[-5.0103307e-01 -4.2486470e-04],1,-1.0,[-0.501627   -0.00059398],0
61,[-0.501627   -0.00059398],1,-1.0,[-0.5023857  -0.00075865],0
61,[-0.5023857  -0.00075865],1,-1.0,[-0.5033033  -0.00091764],0
61,[-0.5033033  -0.00091764],1,-1.0,[-0.5043731  -0.00106976],0
61,[-0.5043731  -0.00106976],1,-1.0,[-0.5055869  -0.00121387],0
61,[-0.5055869  -0.00121387],1,-1.0,[-0.50693583 -0.0013489 ],0
61,[-0.50693583 -0.0013489 ],1,-1.0,[-0.5084097  -0.00147382],0
61,[-0.5084097  -0.00147382],1,-1.0,[-0.50999737 -0.00158769],0
61,[-0.50999737 -0.00158769],1,-1.0,[-0.51168704 -0.00168968],0
61,[-0.51168704 -0.00168968],1,-1.0,[-0.513466 -0.001779],0
61,[-0.513466 -0.001779],1,-1.0,[-0.515321   -0.00185498],0
61,[-0.515321   -0.00185498],1,-1.0,[-0.5172381  -0.00191706],0
61,[-0.5172381  -0.00191706],1,-1.0,[-0.5192028  -0.00196476],0
61,[-0.5192028  -0.00196476],1,-1.0,[-0.52120054 -0.00199773],0
61,[-0.52120054 -0.00199773],1,-1.0,[-0.52321625 -0.00201571],0
61,[-0.52321625 -0.00201571],1,-1.0,[-0.5252349  -0.00201858],0
61,[-0.5252349  -0.00201858],1,-1.0,[-0.5272412  -0.00200631],0
61,[-0.5272412  -0.00200631],1,-1.0,[-0.52922016 -0.001979  ],0
61,[-0.52922016 -0.001979  ],1,-1.0,[-0.531157   -0.00193684],0
61,[-0.531157   -0.00193684],1,-1.0,[-0.5330371  -0.00188016],0
61,[-0.5330371  -0.00188016],1,-1.0,[-0.53484654 -0.00180938],0
61,[-0.53484654 -0.00180938],1,-1.0,[-0.53657156 -0.00172504],0
61,[-0.53657156 -0.00172504],1,-1.0,[-0.5381993  -0.00162776],0
61,[-0.5381993  -0.00162776],1,-1.0,[-0.5397176  -0.00151829],0
61,[-0.5397176  -0.00151829],1,-1.0,[-0.54111505 -0.00139745],0
61,[-0.54111505 -0.00139745],1,-1.0,[-0.5423812  -0.00126614],0
61,[-0.5423812  -0.00126614],1,-1.0,[-0.54350656 -0.00112535],0
61,[-0.54350656 -0.00112535],1,-1.0,[-0.5444827  -0.00097613],0
61,[-0.5444827  -0.00097613],1,-1.0,[-0.5453023 -0.0008196],0
61,[-0.5453023 -0.0008196],1,-1.0,[-0.54595923 -0.00065694],0
61,[-0.54595923 -0.00065694],1,-1.0,[-5.464486e-01 -4.893597e-04],0
61,[-5.464486e-01 -4.893597e-04],1,-1.0,[-5.4676670e-01 -3.1812035e-04],0
61,[-5.4676670e-01 -3.1812035e-04],1,-1.0,[-5.4691118e-01 -1.4450081e-04],0
61,[-5.4691118e-01 -1.4450081e-04],1,-1.0,[-5.4688102e-01  3.0199872e-05],0
61,[-5.4688102e-01  3.0199872e-05],1,-1.0,[-5.4667634e-01  2.0467461e-04],0
61,[-5.4667634e-01  2.0467461e-04],1,-1.0,[-5.4629868e-01  3.7761798e-04],0
61,[-5.4629868e-01  3.7761798e-04],1,-1.0,[-0.545751    0.00054774],0
61,[-0.545751    0.00054774],1,-1.0,[-0.5450372   0.00071376],0
61,[-0.5450372   0.00071376],1,-1.0,[-0.5441628   0.00087443],0
61,[-0.5441628   0.00087443],1,-1.0,[-0.5431342   0.00102856],0
61,[-0.5431342   0.00102856],1,-1.0,[-0.5419592  0.001175 ],0
61,[-0.5419592  0.001175 ],1,-1.0,[-0.5406466   0.00131263],0
61,[-0.5406466   0.00131263],1,-1.0,[-0.53920615  0.00144043],0
61,[-0.53920615  0.00144043],1,-1.0,[-0.53764874  0.00155745],0
61,[-0.53764874  0.00155745],1,-1.0,[-0.53598595  0.00166279],0
61,[-0.53598595  0.00166279],1,-1.0,[-0.53423023  0.00175567],0
61,[-0.53423023  0.00175567],1,-1.0,[-0.5323949   0.00183539],0
61,[-0.5323949   0.00183539],1,-1.0,[-0.5304935   0.00190136],0
61,[-0.5304935   0.00190136],1,-1.0,[-0.52854043  0.00195306],0
61,[-0.52854043  0.00195306],1,-1.0,[-0.5265503   0.00199012],0
61,[-0.5265503   0.00199012],1,-1.0,[-0.52453804  0.00201226],0
61,[-0.52453804  0.00201226],1,-1.0,[-0.52251875  0.00201931],0
61,[-0.52251875  0.00201931],1,-1.0,[-0.5205075   0.00201121],0
61,[-0.5205075   0.00201121],1,-1.0,[-0.5185195   0.00198802],0
61,[-0.5185195   0.00198802],1,-1.0,[-0.5165696   0.00194993],0
61,[-0.5165696   0.00194993],1,-1.0,[-0.5146724   0.00189721],0
61,[-0.5146724   0.00189721],1,-1.0,[-0.5128421   0.00183027],0
61,[-0.5128421   0.00183027],1,-1.0,[-0.5110925   0.00174961],0
61,[-0.5110925   0.00174961],1,-1.0,[-0.50943667  0.00165584],0
61,[-0.50943667  0.00165584],1,-1.0,[-0.507887    0.00154965],0
61,[-0.507887    0.00154965],1,-1.0,[-0.5064551   0.00143186],0
61,[-0.5064551   0.00143186],1,-1.0,[-0.5051518   0.00130334],0
61,[-0.5051518   0.00130334],1,-1.0,[-0.5039867   0.00116506],0
61,[-0.5039867   0.00116506],1,-1.0,[-0.50296867  0.00101805],0
61,[-0.50296867  0.00101805],1,-1.0,[-0.5021053   0.00086342],0
61,[-0.5021053   0.00086342],1,-1.0,[-0.5014029   0.00070233],0
61,[-0.5014029   0.00070233],1,-1.0,[-0.50086695  0.00053599],0
61,[-0.50086695  0.00053599],1,-1.0,[-5.0050133e-01  3.6563212e-04],0
61,[-5.0050133e-01  3.6563212e-04],1,-1.0,[-5.0030875e-01  1.9253977e-04],0
61,[-5.0030875e-01  1.9253977e-04],1,-1.0,[-5.0029075e-01  1.8006853e-05],0
61,[-5.0029075e-01  1.8006853e-05],1,-1.0,[-5.0044745e-01 -1.5666078e-04],0
61,[-5.0044745e-01 -1.5666078e-04],1,-1.0,[-5.0077760e-01 -3.3015633e-04],0
61,[-5.0077760e-01 -3.3015633e-04],1,-1.0,[-5.0127876e-01 -5.0118158e-04],0
61,[-5.0127876e-01 -5.0118158e-04],1,-1.0,[-0.5019472  -0.00066846],0
61,[-0.5019472  -0.00066846],1,-1.0,[-0.50277793 -0.00083073],0
61,[-0.50277793 -0.00083073],1,-1.0,[-0.50376475 -0.00098678],0
61,[-0.50376475 -0.00098678],1,-1.0,[-0.5049002  -0.00113545],0
61,[-0.5049002  -0.00113545],1,-1.0,[-0.5061758  -0.00127562],0
61,[-0.5061758  -0.00127562],1,-1.0,[-0.507582   -0.00140623],0
61,[-0.507582   -0.00140623],1,-1.0,[-0.50910836 -0.00152631],0
61,[-0.50910836 -0.00152631],1,-1.0,[-0.5107433  -0.00163495],0
61,[-0.5107433  -0.00163495],1,-1.0,[-0.51247466 -0.00173135],0
61,[-0.51247466 -0.00173135],1,-1.0,[-0.5142894  -0.00181476],0
61,[-0.5142894  -0.00181476],1,-1.0,[-0.51617396 -0.00188457],0
61,[-0.51617396 -0.00188457],1,-1.0,[-0.5181142  -0.00194025],0
61,[-0.5181142  -0.00194025],1,-1.0,[-0.5200956  -0.00198139],0
61,[-0.5200956  -0.00198139],1,-1.0,[-0.52210325 -0.00200766],0
61,[-0.52210325 -0.00200766],1,-1.0,[-0.5241222  -0.00201888],0
61,[-0.5241222  -0.00201888],1,-1.0,[-0.5261371  -0.00201495],0
61,[-0.5261371  -0.00201495],1,-1.0,[-0.52813303 -0.00199591],0
61,[-0.52813303 -0.00199591],1,-1.0,[-0.5300949  -0.00196191],0
61,[-0.5300949  -0.00196191],1,-1.0,[-0.5320081  -0.00191319],0
61,[-0.5320081  -0.00191319],1,-1.0,[-0.53385824 -0.00185013],0
61,[-0.53385824 -0.00185013],1,-1.0,[-0.5356314  -0.00177319],0
61,[-0.5356314  -0.00177319],1,-1.0,[-0.5373144  -0.00168297],0
61,[-0.5373144  -0.00168297],1,-1.0,[-0.53889453 -0.00158013],0
61,[-0.53889453 -0.00158013],1,-1.0,[-0.54036    -0.00146545],0
61,[-0.54036    -0.00146545],1,-1.0,[-0.54169977 -0.00133979],0
61,[-0.54169977 -0.00133979],1,-1.0,[-0.54290384 -0.0012041 ],0
61,[-0.54290384 -0.0012041 ],1,-1.0,[-0.54396325 -0.0010594 ],0
61,[-0.54396325 -0.0010594 ],1,-1.0,[-0.54487    -0.00090676],0
61,[-0.54487    -0.00090676],1,-1.0,[-0.54561734 -0.00074733],0
61,[-0.54561734 -0.00074733],1,-1.0,[-0.5461997  -0.00058231],0
61,[-0.5461997  -0.00058231],1,-1.0,[-5.4661262e-01 -4.1293574e-04],0
61,[-5.4661262e-01 -4.1293574e-04],1,-1.0,[-5.4685307e-01 -2.4046913e-04],0
61,[-5.4685307e-01 -2.4046913e-04],1,-1.0,[-5.469193e-01 -6.620333e-05],0
61,[-5.469193e-01 -6.620333e-05],1,-1.0,[-5.4681075e-01  1.0855779e-04],0
61,[-5.4681075e-01  1.0855779e-04],1,-1.0,[-5.465282e-01  2.825067e-04],0
61,[-5.465282e-01  2.825067e-04],1,-1.0,[-5.4607385e-01  4.5434188e-04],0
61,[-5.4607385e-01  4.5434188e-04],1,-1.0,[-0.5454511   0.00062278],0
61,[-0.5454511   0.00062278],1,-1.0,[-0.54466456  0.00078655],0
61,[-0.54466456  0.00078655],1,-1.0,[-0.5437201   0.00094444],0
61,[-0.5437201   0.00094444],1,-1.0,[-0.54262483  0.00109526],0
61,[-0.54262483  0.00109526],1,-1.0,[-0.54138696  0.00123788],0
61,[-0.54138696  0.00123788],1,-1.0,[-0.54001576  0.00137122],0
61,[-0.54001576  0.00137122],1,-1.0,[-0.5385214  0.0014943],0
61,[-0.5385214  0.0014943],1,-1.0,[-0.53691524  0.00160618],0
61,[-0.53691524  0.00160618],1,-1.0,[-0.53520924  0.00170603],0
61,[-0.53520924  0.00170603],1,-1.0,[-0.53341615  0.00179309],0
61,[-0.53341615  0.00179309],1,-1.0,[-0.5315494   0.00186671],0
61,[-0.5315494   0.00186671],1,-1.0,[-0.5296231   0.00192634],0
61,[-0.5296231   0.00192634],1,-1.0,[-0.52765155  0.00197152],0
61,[-0.52765155  0.00197152],1,-1.0,[-0.52564967  0.00200191],0
61,[-0.52564967  0.00200191],1,-1.0,[-0.52363235  0.00201729],0
61,[-0.52363235  0.00201729],1,-1.0,[-0.5216148   0.00201754],1
